2024/12/18 19:11:47 >> info : * ------------------------------------------------------------ *
2024/12/18 19:11:47 >> info : * Simplan Framework - PHP Web Application Framework
2024/12/18 19:11:47 >> info : * 
2024/12/18 19:11:47 >> info : * Version : 1.1.0
2024/12/18 19:11:47 >> info : * Copyright(c) 2003-2024 THREET CO.,LTD. All Rights Reserved.
2024/12/18 19:11:47 >> info : * http://www.threet.co.jp
2024/12/18 19:11:47 >> info : * ------------------------------------------------------------ *
2024/12/18 19:11:47 >> debug : HTTP_REFERER > 
2024/12/18 19:11:47 >> debug : SCRIPT_URI > 
2024/12/18 19:11:47 >> debug : REQUEST_URI > /~m-ela/simplan/
2024/12/18 19:11:47 >> debug : HTTPS > on
2024/12/18 19:11:47 >> debug : HTTPS MODE > on
2024/12/18 19:11:47 >> debug : DEF_COMMAND > cmd
2024/12/18 19:11:47 >> debug : DEF_PROCESS > prc
2024/12/18 19:11:47 >> debug : SESSION start ... OK
2024/12/18 19:11:47 >> info : Process set [index] ... OK
2024/12/18 19:11:47 >> info : Process Name [indexProcess] ... OK
2024/12/18 19:11:47 >> info : Include File [/home/m-ela/projects/simplan/public_app/mod/user/index/process/indexProcess.php]... OK
2024/12/18 19:11:47 >> info : Class Exists [indexProcess] ... OK
2024/12/18 19:11:47 >> debug : DB Connect ... OK
2024/12/18 19:11:47 >> debug : Entering precute ...
2024/12/18 19:11:47 >> debug : Temp dir is [/home/m-ela/projects/simplan/public_html/admin/img/img_temp/]
2024/12/18 19:11:47 >> debug : File dir is [/home/m-ela/projects/simplan/public_html/admin/img/profile_photo/]
2024/12/18 19:11:47 >> debug : Entering execute ...
2024/12/18 19:11:47 >> debug : indexProcess Entering executeDefault ...
2024/12/18 19:11:47 >> debug : Entering execDefualt ...
2024/12/18 19:11:47 >> info : SimplanAbstractProcess::execCommand -> AbstractCommand::executeProcess > [ m_user/is_login.sql ]
2024/12/18 19:11:47 >> debug : WideDB_SimplanInterface::QueryExecute >>SELECT user.f_user_id ,user.f_name ,user.f_surname_kana ,user.f_mailaddress ,user.f_login_id ,user.f_password ,user.f_del_flg ,user.f_reg_account ,user.f_reg_time ,user.f_upd_account ,user.f_upd_time FROM m_user user WHERE user.f_user_id = '4'
2024/12/18 19:11:47 >> info : execQuery TIME : 0.00012 second
2024/12/18 19:11:47 >> info : Session connection is OK ...
2024/12/18 19:11:47 >> info : SimplanAbstractProcess::execCommand -> AbstractCommand::executeProcess > [ m_addemployee/select_one.sql ]
2024/12/18 19:11:47 >> debug : WideDB_SimplanInterface::QueryExecute >>SELECT addemployee.f_employee_id ,addemployee.f_emp_id ,addemployee.f_name ,addemployee.f_aadhar_number ,addemployee.f_pan_number ,addemployee.f_passport ,date_format(addemployee.f_issue_date, '%Y/%m/%d') as f_issue_date ,date_format(addemployee.f_expiry_date, '%Y/%m/%d') as f_expiry_date ,addemployee.f_gender ,date_format(addemployee.f_date_of_birth, '%Y/%m/%d') as f_date_of_birth ,addemployee.f_age ,addemployee.f_blood_group ,addemployee.f_status ,addemployee.f_address1 ,addemployee.f_address2 ,addemployee.f_city ,addemployee.f_state ,addemployee.f_pincode ,addemployee.f_country ,addemployee.f_mobile_number ,addemployee.f_office_telephone_number ,addemployee.f_office_email ,addemployee.f_personal_mail ,addemployee.f_relation_name ,addemployee.f_relationship ,addemployee.f_occupation ,addemployee.f_address ,addemployee.f_phone_number ,addemployee.f_emp_status ,addemployee.f_category ,addemployee.f_job_title ,addemployee.f_join_date ,addemployee.f_relive_date ,addemployee.f_location ,addemployee.f_experience ,addemployee.f_education_ug ,addemployee.f_degree_ug ,addemployee.f_university_ug ,addemployee.f_education_pg ,addemployee.f_degree_pg ,addemployee.f_university_pg ,addemployee.f_additional_skill ,addemployee.f_language ,addemployee.f_others ,addemployee.f_jlpt ,addemployee.f_bank_name ,addemployee.f_bank_branch ,addemployee.f_acc_no ,addemployee.f_ifsc_code ,addemployee.f_description ,addemployee.f_image ,addemployee.f_del_flg ,addemployee.f_reg_account ,addemployee.f_reg_time ,addemployee.f_upd_account ,addemployee.f_upd_time FROM m_addemployee addemployee WHERE addemployee.f_del_flg = '0'
2024/12/18 19:11:47 >> info : execQuery TIME : 0.00017 second
2024/12/18 19:11:47 >> debug : Entering postcute ...
2024/12/18 19:11:47 >> debug : DB Connect Close ... OK
2024/12/18 19:11:49 >> info : * ------------------------------------------------------------ *
2024/12/18 19:11:49 >> info : * Simplan Framework - PHP Web Application Framework
2024/12/18 19:11:49 >> info : * 
2024/12/18 19:11:49 >> info : * Version : 1.1.0
2024/12/18 19:11:49 >> info : * Copyright(c) 2003-2024 THREET CO.,LTD. All Rights Reserved.
2024/12/18 19:11:49 >> info : * http://www.threet.co.jp
2024/12/18 19:11:49 >> info : * ------------------------------------------------------------ *
2024/12/18 19:11:49 >> debug : HTTP_REFERER > https://roz.threet.co.jp/~m-ela/simplan/
2024/12/18 19:11:49 >> debug : SCRIPT_URI > 
2024/12/18 19:11:49 >> debug : REQUEST_URI > /~m-ela/simplan/index.php?cmd=logout
2024/12/18 19:11:49 >> debug : HTTPS > on
2024/12/18 19:11:49 >> debug : HTTPS MODE > on
2024/12/18 19:11:49 >> debug : DEF_COMMAND > cmd
2024/12/18 19:11:49 >> debug : DEF_PROCESS > prc
2024/12/18 19:11:49 >> debug : GET DATA > [cmd] : <logout>
2024/12/18 19:11:49 >> debug : SESSION start ... OK
2024/12/18 19:11:49 >> info : Process set [index] ... OK
2024/12/18 19:11:49 >> info : Process Name [indexProcess] ... OK
2024/12/18 19:11:49 >> info : Include File [/home/m-ela/projects/simplan/public_app/mod/user/index/process/indexProcess.php]... OK
2024/12/18 19:11:49 >> info : Class Exists [indexProcess] ... OK
2024/12/18 19:11:49 >> debug : DB Connect ... OK
2024/12/18 19:11:49 >> debug : Entering precute ...
2024/12/18 19:11:49 >> debug : Temp dir is [/home/m-ela/projects/simplan/public_html/admin/img/img_temp/]
2024/12/18 19:11:49 >> debug : File dir is [/home/m-ela/projects/simplan/public_html/admin/img/profile_photo/]
2024/12/18 19:11:49 >> debug : Entering execute ...
2024/12/18 19:11:49 >> debug : indexProcess Entering executeLogout ...
2024/12/18 19:11:49 >> debug : Entering executeLogout ...
2024/12/18 19:11:49 >> debug : Entering postcute ...
2024/12/18 19:11:49 >> debug : DB Connect Close ... OK
2024/12/18 19:11:53 >> info : * ------------------------------------------------------------ *
2024/12/18 19:11:53 >> info : * Simplan Framework - PHP Web Application Framework
2024/12/18 19:11:53 >> info : * 
2024/12/18 19:11:53 >> info : * Version : 1.1.0
2024/12/18 19:11:53 >> info : * Copyright(c) 2003-2024 THREET CO.,LTD. All Rights Reserved.
2024/12/18 19:11:53 >> info : * http://www.threet.co.jp
2024/12/18 19:11:53 >> info : * ------------------------------------------------------------ *
2024/12/18 19:11:53 >> debug : HTTP_REFERER > https://roz.threet.co.jp/~m-ela/simplan/index.php?cmd=logout
2024/12/18 19:11:53 >> debug : SCRIPT_URI > 
2024/12/18 19:11:53 >> debug : REQUEST_URI > /~m-ela/simplan/index.php
2024/12/18 19:11:53 >> debug : HTTPS > on
2024/12/18 19:11:53 >> debug : HTTPS MODE > on
2024/12/18 19:11:53 >> debug : DEF_COMMAND > cmd
2024/12/18 19:11:53 >> debug : DEF_PROCESS > prc
2024/12/18 19:11:53 >> debug : POST DATA > [prc] : <index>
2024/12/18 19:11:53 >> debug : POST DATA > [cmd] : <login>
2024/12/18 19:11:53 >> debug : POST DATA > [f_login_id] : <mela15>
2024/12/18 19:11:53 >> debug : POST DATA > [f_password] : <mela15>
2024/12/18 19:11:53 >> debug : SESSION start ... OK
2024/12/18 19:11:53 >> info : Process set [index] ... OK
2024/12/18 19:11:53 >> info : Process Name [indexProcess] ... OK
2024/12/18 19:11:53 >> info : Include File [/home/m-ela/projects/simplan/public_app/mod/user/index/process/indexProcess.php]... OK
2024/12/18 19:11:53 >> info : Class Exists [indexProcess] ... OK
2024/12/18 19:11:53 >> debug : DB Connect ... OK
2024/12/18 19:11:53 >> debug : Entering precute ...
2024/12/18 19:11:53 >> debug : Temp dir is [/home/m-ela/projects/simplan/public_html/admin/img/img_temp/]
2024/12/18 19:11:53 >> debug : File dir is [/home/m-ela/projects/simplan/public_html/admin/img/profile_photo/]
2024/12/18 19:11:53 >> debug : Entering execute ...
2024/12/18 19:11:53 >> debug : indexProcess Entering executeLogin ...
2024/12/18 19:11:53 >> debug : Entering executeLogin ...
2024/12/18 19:11:53 >> info : SimplanAbstractProcess::execCommand -> AbstractCommand::executeProcess > [ m_user/login.sql ]
2024/12/18 19:11:53 >> debug : WideDB_SimplanInterface::QueryExecute >>SELECT user.f_user_id ,user.f_name ,user.f_surname_kana ,user.f_mailaddress ,user.f_login_id ,user.f_password ,user.f_del_flg ,user.f_reg_account ,user.f_reg_time ,user.f_upd_account ,user.f_upd_time FROM m_user user WHERE user.f_login_id = 'mela15' AND user.f_password = 'mela15' AND user.f_del_flg = '0'
2024/12/18 19:11:53 >> info : execQuery TIME : 0.00012 second
2024/12/18 19:11:53 >> info : SimplanAbstractProcess::execCommand -> AbstractCommand::executeProcess > [ m_addemployee/select_one.sql ]
2024/12/18 19:11:53 >> debug : WideDB_SimplanInterface::QueryExecute >>SELECT addemployee.f_employee_id ,addemployee.f_emp_id ,addemployee.f_name ,addemployee.f_aadhar_number ,addemployee.f_pan_number ,addemployee.f_passport ,date_format(addemployee.f_issue_date, '%Y/%m/%d') as f_issue_date ,date_format(addemployee.f_expiry_date, '%Y/%m/%d') as f_expiry_date ,addemployee.f_gender ,date_format(addemployee.f_date_of_birth, '%Y/%m/%d') as f_date_of_birth ,addemployee.f_age ,addemployee.f_blood_group ,addemployee.f_status ,addemployee.f_address1 ,addemployee.f_address2 ,addemployee.f_city ,addemployee.f_state ,addemployee.f_pincode ,addemployee.f_country ,addemployee.f_mobile_number ,addemployee.f_office_telephone_number ,addemployee.f_office_email ,addemployee.f_personal_mail ,addemployee.f_relation_name ,addemployee.f_relationship ,addemployee.f_occupation ,addemployee.f_address ,addemployee.f_phone_number ,addemployee.f_emp_status ,addemployee.f_category ,addemployee.f_job_title ,addemployee.f_join_date ,addemployee.f_relive_date ,addemployee.f_location ,addemployee.f_experience ,addemployee.f_education_ug ,addemployee.f_degree_ug ,addemployee.f_university_ug ,addemployee.f_education_pg ,addemployee.f_degree_pg ,addemployee.f_university_pg ,addemployee.f_additional_skill ,addemployee.f_language ,addemployee.f_others ,addemployee.f_jlpt ,addemployee.f_bank_name ,addemployee.f_bank_branch ,addemployee.f_acc_no ,addemployee.f_ifsc_code ,addemployee.f_description ,addemployee.f_image ,addemployee.f_del_flg ,addemployee.f_reg_account ,addemployee.f_reg_time ,addemployee.f_upd_account ,addemployee.f_upd_time FROM m_addemployee addemployee WHERE addemployee.f_del_flg = '0' AND addemployee.f_emp_id = 'mela15'
2024/12/18 19:11:53 >> info : execQuery TIME : 0.00011 second
2024/12/18 19:11:53 >> debug : DB Start Transaction ... OK
2024/12/18 19:11:53 >> debug : WideDB_SimplanInterface::QueryExecute >>INSERT INTO t_history ( f_user_id, f_datetime, f_del_flg, f_reg_account, f_reg_time, f_upd_account, f_upd_time ) VALUES ( '4', '20241218191153', '0', '4', '20241218191153', '4', '20241218191153' ) 
2024/12/18 19:11:53 >> info : execQuery TIME : 0.00066 second
2024/12/18 19:11:53 >> debug : Insert t_history ... OK
2024/12/18 19:11:53 >> debug : DB Commit ... OK
2024/12/18 19:11:53 >> debug : Entering postcute ...
2024/12/18 19:14:39 >> info : * ------------------------------------------------------------ *
2024/12/18 19:14:39 >> info : * Simplan Framework - PHP Web Application Framework
2024/12/18 19:14:39 >> info : * 
2024/12/18 19:14:39 >> info : * Version : 1.1.0
2024/12/18 19:14:39 >> info : * Copyright(c) 2003-2024 THREET CO.,LTD. All Rights Reserved.
2024/12/18 19:14:39 >> info : * http://www.threet.co.jp
2024/12/18 19:14:39 >> info : * ------------------------------------------------------------ *
2024/12/18 19:14:39 >> debug : HTTP_REFERER > 
2024/12/18 19:14:39 >> debug : SCRIPT_URI > 
2024/12/18 19:14:39 >> debug : REQUEST_URI > /~m-ela/simplan/
2024/12/18 19:14:39 >> debug : HTTPS > on
2024/12/18 19:14:39 >> debug : HTTPS MODE > on
2024/12/18 19:14:39 >> debug : DEF_COMMAND > cmd
2024/12/18 19:14:39 >> debug : DEF_PROCESS > prc
2024/12/18 19:14:39 >> debug : SESSION start ... OK
2024/12/18 19:14:39 >> info : Process set [index] ... OK
2024/12/18 19:14:39 >> info : Process Name [indexProcess] ... OK
2024/12/18 19:14:39 >> info : Include File [/home/m-ela/projects/simplan/public_app/mod/user/index/process/indexProcess.php]... OK
2024/12/18 19:14:39 >> info : Class Exists [indexProcess] ... OK
2024/12/18 19:14:39 >> debug : DB Connect ... OK
2024/12/18 19:14:39 >> debug : Entering precute ...
2024/12/18 19:14:39 >> debug : Temp dir is [/home/m-ela/projects/simplan/public_html/admin/img/img_temp/]
2024/12/18 19:14:39 >> debug : File dir is [/home/m-ela/projects/simplan/public_html/admin/img/profile_photo/]
2024/12/18 19:14:39 >> debug : Entering execute ...
2024/12/18 19:14:39 >> debug : indexProcess Entering executeDefault ...
2024/12/18 19:14:39 >> debug : Entering execDefualt ...
2024/12/18 19:14:39 >> info : SimplanAbstractProcess::execCommand -> AbstractCommand::executeProcess > [ m_user/is_login.sql ]
2024/12/18 19:14:39 >> debug : WideDB_SimplanInterface::QueryExecute >>SELECT user.f_user_id ,user.f_name ,user.f_surname_kana ,user.f_mailaddress ,user.f_login_id ,user.f_password ,user.f_del_flg ,user.f_reg_account ,user.f_reg_time ,user.f_upd_account ,user.f_upd_time FROM m_user user WHERE user.f_user_id = '4'
2024/12/18 19:14:39 >> info : execQuery TIME : 0.00013 second
2024/12/18 19:14:39 >> info : Session connection is OK ...
2024/12/18 19:14:39 >> info : SimplanAbstractProcess::execCommand -> AbstractCommand::executeProcess > [ m_addemployee/select_one.sql ]
2024/12/18 19:14:39 >> debug : WideDB_SimplanInterface::QueryExecute >>SELECT addemployee.f_employee_id ,addemployee.f_emp_id ,addemployee.f_name ,addemployee.f_aadhar_number ,addemployee.f_pan_number ,addemployee.f_passport ,date_format(addemployee.f_issue_date, '%Y/%m/%d') as f_issue_date ,date_format(addemployee.f_expiry_date, '%Y/%m/%d') as f_expiry_date ,addemployee.f_gender ,date_format(addemployee.f_date_of_birth, '%Y/%m/%d') as f_date_of_birth ,addemployee.f_age ,addemployee.f_blood_group ,addemployee.f_status ,addemployee.f_address1 ,addemployee.f_address2 ,addemployee.f_city ,addemployee.f_state ,addemployee.f_pincode ,addemployee.f_country ,addemployee.f_mobile_number ,addemployee.f_office_telephone_number ,addemployee.f_office_email ,addemployee.f_personal_mail ,addemployee.f_relation_name ,addemployee.f_relationship ,addemployee.f_occupation ,addemployee.f_address ,addemployee.f_phone_number ,addemployee.f_emp_status ,addemployee.f_category ,addemployee.f_job_title ,addemployee.f_join_date ,addemployee.f_relive_date ,addemployee.f_location ,addemployee.f_experience ,addemployee.f_education_ug ,addemployee.f_degree_ug ,addemployee.f_university_ug ,addemployee.f_education_pg ,addemployee.f_degree_pg ,addemployee.f_university_pg ,addemployee.f_additional_skill ,addemployee.f_language ,addemployee.f_others ,addemployee.f_jlpt ,addemployee.f_bank_name ,addemployee.f_bank_branch ,addemployee.f_acc_no ,addemployee.f_ifsc_code ,addemployee.f_description ,addemployee.f_image ,addemployee.f_del_flg ,addemployee.f_reg_account ,addemployee.f_reg_time ,addemployee.f_upd_account ,addemployee.f_upd_time FROM m_addemployee addemployee WHERE addemployee.f_del_flg = '0'
2024/12/18 19:14:39 >> info : execQuery TIME : 0.00019 second
2024/12/18 19:14:39 >> debug : Entering postcute ...
2024/12/18 19:14:39 >> debug : DB Connect Close ... OK
2024/12/18 19:14:41 >> info : * ------------------------------------------------------------ *
2024/12/18 19:14:41 >> info : * Simplan Framework - PHP Web Application Framework
2024/12/18 19:14:41 >> info : * 
2024/12/18 19:14:41 >> info : * Version : 1.1.0
2024/12/18 19:14:41 >> info : * Copyright(c) 2003-2024 THREET CO.,LTD. All Rights Reserved.
2024/12/18 19:14:41 >> info : * http://www.threet.co.jp
2024/12/18 19:14:41 >> info : * ------------------------------------------------------------ *
2024/12/18 19:14:41 >> debug : HTTP_REFERER > https://roz.threet.co.jp/~m-ela/simplan/
2024/12/18 19:14:41 >> debug : SCRIPT_URI > 
2024/12/18 19:14:41 >> debug : REQUEST_URI > /~m-ela/simplan/index.php?cmd=logout
2024/12/18 19:14:41 >> debug : HTTPS > on
2024/12/18 19:14:41 >> debug : HTTPS MODE > on
2024/12/18 19:14:41 >> debug : DEF_COMMAND > cmd
2024/12/18 19:14:41 >> debug : DEF_PROCESS > prc
2024/12/18 19:14:41 >> debug : GET DATA > [cmd] : <logout>
2024/12/18 19:14:41 >> debug : SESSION start ... OK
2024/12/18 19:14:41 >> info : Process set [index] ... OK
2024/12/18 19:14:41 >> info : Process Name [indexProcess] ... OK
2024/12/18 19:14:41 >> info : Include File [/home/m-ela/projects/simplan/public_app/mod/user/index/process/indexProcess.php]... OK
2024/12/18 19:14:41 >> info : Class Exists [indexProcess] ... OK
2024/12/18 19:14:41 >> debug : DB Connect ... OK
2024/12/18 19:14:41 >> debug : Entering precute ...
2024/12/18 19:14:41 >> debug : Temp dir is [/home/m-ela/projects/simplan/public_html/admin/img/img_temp/]
2024/12/18 19:14:41 >> debug : File dir is [/home/m-ela/projects/simplan/public_html/admin/img/profile_photo/]
2024/12/18 19:14:41 >> debug : Entering execute ...
2024/12/18 19:14:41 >> debug : indexProcess Entering executeLogout ...
2024/12/18 19:14:41 >> debug : Entering executeLogout ...
2024/12/18 19:14:41 >> debug : Entering postcute ...
2024/12/18 19:14:41 >> debug : DB Connect Close ... OK
2024/12/18 19:14:42 >> info : * ------------------------------------------------------------ *
2024/12/18 19:14:42 >> info : * Simplan Framework - PHP Web Application Framework
2024/12/18 19:14:42 >> info : * 
2024/12/18 19:14:42 >> info : * Version : 1.1.0
2024/12/18 19:14:42 >> info : * Copyright(c) 2003-2024 THREET CO.,LTD. All Rights Reserved.
2024/12/18 19:14:42 >> info : * http://www.threet.co.jp
2024/12/18 19:14:42 >> info : * ------------------------------------------------------------ *
2024/12/18 19:14:42 >> debug : HTTP_REFERER > https://roz.threet.co.jp/~m-ela/simplan/index.php?cmd=logout
2024/12/18 19:14:42 >> debug : SCRIPT_URI > 
2024/12/18 19:14:42 >> debug : REQUEST_URI > /~m-ela/simplan/index.php
2024/12/18 19:14:42 >> debug : HTTPS > on
2024/12/18 19:14:42 >> debug : HTTPS MODE > on
2024/12/18 19:14:42 >> debug : DEF_COMMAND > cmd
2024/12/18 19:14:42 >> debug : DEF_PROCESS > prc
2024/12/18 19:14:42 >> debug : POST DATA > [prc] : <index>
2024/12/18 19:14:42 >> debug : POST DATA > [cmd] : <login>
2024/12/18 19:14:42 >> debug : POST DATA > [f_login_id] : <mela15>
2024/12/18 19:14:42 >> debug : POST DATA > [f_password] : <mela15>
2024/12/18 19:14:42 >> debug : SESSION start ... OK
2024/12/18 19:14:42 >> info : Process set [index] ... OK
2024/12/18 19:14:42 >> info : Process Name [indexProcess] ... OK
2024/12/18 19:14:42 >> info : Include File [/home/m-ela/projects/simplan/public_app/mod/user/index/process/indexProcess.php]... OK
2024/12/18 19:14:42 >> info : Class Exists [indexProcess] ... OK
2024/12/18 19:14:42 >> debug : DB Connect ... OK
2024/12/18 19:14:42 >> debug : Entering precute ...
2024/12/18 19:14:42 >> debug : Temp dir is [/home/m-ela/projects/simplan/public_html/admin/img/img_temp/]
2024/12/18 19:14:42 >> debug : File dir is [/home/m-ela/projects/simplan/public_html/admin/img/profile_photo/]
2024/12/18 19:14:42 >> debug : Entering execute ...
2024/12/18 19:14:42 >> debug : indexProcess Entering executeLogin ...
2024/12/18 19:14:42 >> debug : Entering executeLogin ...
2024/12/18 19:14:42 >> info : SimplanAbstractProcess::execCommand -> AbstractCommand::executeProcess > [ m_user/login.sql ]
2024/12/18 19:14:42 >> debug : WideDB_SimplanInterface::QueryExecute >>SELECT user.f_user_id ,user.f_name ,user.f_surname_kana ,user.f_mailaddress ,user.f_login_id ,user.f_password ,user.f_del_flg ,user.f_reg_account ,user.f_reg_time ,user.f_upd_account ,user.f_upd_time FROM m_user user WHERE user.f_login_id = 'mela15' AND user.f_password = 'mela15' AND user.f_del_flg = '0'
2024/12/18 19:14:42 >> info : execQuery TIME : 0.00014 second
2024/12/18 19:14:42 >> info : SimplanAbstractProcess::execCommand -> AbstractCommand::executeProcess > [ m_addemployee/select_one.sql ]
2024/12/18 19:14:42 >> debug : WideDB_SimplanInterface::QueryExecute >>SELECT addemployee.f_employee_id ,addemployee.f_emp_id ,addemployee.f_name ,addemployee.f_aadhar_number ,addemployee.f_pan_number ,addemployee.f_passport ,date_format(addemployee.f_issue_date, '%Y/%m/%d') as f_issue_date ,date_format(addemployee.f_expiry_date, '%Y/%m/%d') as f_expiry_date ,addemployee.f_gender ,date_format(addemployee.f_date_of_birth, '%Y/%m/%d') as f_date_of_birth ,addemployee.f_age ,addemployee.f_blood_group ,addemployee.f_status ,addemployee.f_address1 ,addemployee.f_address2 ,addemployee.f_city ,addemployee.f_state ,addemployee.f_pincode ,addemployee.f_country ,addemployee.f_mobile_number ,addemployee.f_office_telephone_number ,addemployee.f_office_email ,addemployee.f_personal_mail ,addemployee.f_relation_name ,addemployee.f_relationship ,addemployee.f_occupation ,addemployee.f_address ,addemployee.f_phone_number ,addemployee.f_emp_status ,addemployee.f_category ,addemployee.f_job_title ,addemployee.f_join_date ,addemployee.f_relive_date ,addemployee.f_location ,addemployee.f_experience ,addemployee.f_education_ug ,addemployee.f_degree_ug ,addemployee.f_university_ug ,addemployee.f_education_pg ,addemployee.f_degree_pg ,addemployee.f_university_pg ,addemployee.f_additional_skill ,addemployee.f_language ,addemployee.f_others ,addemployee.f_jlpt ,addemployee.f_bank_name ,addemployee.f_bank_branch ,addemployee.f_acc_no ,addemployee.f_ifsc_code ,addemployee.f_description ,addemployee.f_image ,addemployee.f_del_flg ,addemployee.f_reg_account ,addemployee.f_reg_time ,addemployee.f_upd_account ,addemployee.f_upd_time FROM m_addemployee addemployee WHERE addemployee.f_del_flg = '0' AND addemployee.f_emp_id = 'mela15'
2024/12/18 19:14:42 >> info : execQuery TIME : 0.00012 second
2024/12/18 19:14:42 >> debug : DB Start Transaction ... OK
2024/12/18 19:14:42 >> debug : WideDB_SimplanInterface::QueryExecute >>INSERT INTO t_history ( f_user_id, f_datetime, f_del_flg, f_reg_account, f_reg_time, f_upd_account, f_upd_time ) VALUES ( '4', '20241218191442', '0', '4', '20241218191442', '4', '20241218191442' ) 
2024/12/18 19:14:42 >> info : execQuery TIME : 0.00022 second
2024/12/18 19:14:42 >> debug : Insert t_history ... OK
2024/12/18 19:14:42 >> debug : DB Commit ... OK
2024/12/18 19:14:42 >> debug : Entering postcute ...
2024/12/18 19:16:15 >> info : * ------------------------------------------------------------ *
2024/12/18 19:16:15 >> info : * Simplan Framework - PHP Web Application Framework
2024/12/18 19:16:15 >> info : * 
2024/12/18 19:16:15 >> info : * Version : 1.1.0
2024/12/18 19:16:15 >> info : * Copyright(c) 2003-2024 THREET CO.,LTD. All Rights Reserved.
2024/12/18 19:16:15 >> info : * http://www.threet.co.jp
2024/12/18 19:16:15 >> info : * ------------------------------------------------------------ *
2024/12/18 19:16:15 >> debug : HTTP_REFERER > 
2024/12/18 19:16:15 >> debug : SCRIPT_URI > 
2024/12/18 19:16:15 >> debug : REQUEST_URI > /~m-ela/simplan/
2024/12/18 19:16:15 >> debug : HTTPS > on
2024/12/18 19:16:15 >> debug : HTTPS MODE > on
2024/12/18 19:16:15 >> debug : DEF_COMMAND > cmd
2024/12/18 19:16:15 >> debug : DEF_PROCESS > prc
2024/12/18 19:16:15 >> debug : SESSION start ... OK
2024/12/18 19:16:15 >> info : Process set [index] ... OK
2024/12/18 19:16:15 >> info : Process Name [indexProcess] ... OK
2024/12/18 19:16:15 >> info : Include File [/home/m-ela/projects/simplan/public_app/mod/user/index/process/indexProcess.php]... OK
2024/12/18 19:16:15 >> info : Class Exists [indexProcess] ... OK
2024/12/18 19:16:15 >> debug : DB Connect ... OK
2024/12/18 19:16:15 >> debug : Entering precute ...
2024/12/18 19:16:15 >> debug : Temp dir is [/home/m-ela/projects/simplan/public_html/admin/img/img_temp/]
2024/12/18 19:16:15 >> debug : File dir is [/home/m-ela/projects/simplan/public_html/admin/img/profile_photo/]
2024/12/18 19:16:15 >> debug : Entering execute ...
2024/12/18 19:16:15 >> debug : indexProcess Entering executeDefault ...
2024/12/18 19:16:15 >> debug : Entering execDefualt ...
2024/12/18 19:16:15 >> info : SimplanAbstractProcess::execCommand -> AbstractCommand::executeProcess > [ m_user/is_login.sql ]
2024/12/18 19:16:15 >> debug : WideDB_SimplanInterface::QueryExecute >>SELECT user.f_user_id ,user.f_name ,user.f_surname_kana ,user.f_mailaddress ,user.f_login_id ,user.f_password ,user.f_del_flg ,user.f_reg_account ,user.f_reg_time ,user.f_upd_account ,user.f_upd_time FROM m_user user WHERE user.f_user_id = '4'
2024/12/18 19:16:15 >> info : execQuery TIME : 0.00018 second
2024/12/18 19:16:15 >> info : Session connection is OK ...
2024/12/18 19:16:15 >> info : SimplanAbstractProcess::execCommand -> AbstractCommand::executeProcess > [ m_addemployee/select_one.sql ]
2024/12/18 19:16:15 >> debug : WideDB_SimplanInterface::QueryExecute >>SELECT addemployee.f_employee_id ,addemployee.f_emp_id ,addemployee.f_name ,addemployee.f_aadhar_number ,addemployee.f_pan_number ,addemployee.f_passport ,date_format(addemployee.f_issue_date, '%Y/%m/%d') as f_issue_date ,date_format(addemployee.f_expiry_date, '%Y/%m/%d') as f_expiry_date ,addemployee.f_gender ,date_format(addemployee.f_date_of_birth, '%Y/%m/%d') as f_date_of_birth ,addemployee.f_age ,addemployee.f_blood_group ,addemployee.f_status ,addemployee.f_address1 ,addemployee.f_address2 ,addemployee.f_city ,addemployee.f_state ,addemployee.f_pincode ,addemployee.f_country ,addemployee.f_mobile_number ,addemployee.f_office_telephone_number ,addemployee.f_office_email ,addemployee.f_personal_mail ,addemployee.f_relation_name ,addemployee.f_relationship ,addemployee.f_occupation ,addemployee.f_address ,addemployee.f_phone_number ,addemployee.f_emp_status ,addemployee.f_category ,addemployee.f_job_title ,addemployee.f_join_date ,addemployee.f_relive_date ,addemployee.f_location ,addemployee.f_experience ,addemployee.f_education_ug ,addemployee.f_degree_ug ,addemployee.f_university_ug ,addemployee.f_education_pg ,addemployee.f_degree_pg ,addemployee.f_university_pg ,addemployee.f_additional_skill ,addemployee.f_language ,addemployee.f_others ,addemployee.f_jlpt ,addemployee.f_bank_name ,addemployee.f_bank_branch ,addemployee.f_acc_no ,addemployee.f_ifsc_code ,addemployee.f_description ,addemployee.f_image ,addemployee.f_del_flg ,addemployee.f_reg_account ,addemployee.f_reg_time ,addemployee.f_upd_account ,addemployee.f_upd_time FROM m_addemployee addemployee WHERE addemployee.f_del_flg = '0'
2024/12/18 19:16:15 >> info : execQuery TIME : 0.00024 second
2024/12/18 19:16:15 >> debug : Entering postcute ...
2024/12/18 19:16:15 >> debug : DB Connect Close ... OK
2024/12/18 19:18:36 >> info : * ------------------------------------------------------------ *
2024/12/18 19:18:36 >> info : * Simplan Framework - PHP Web Application Framework
2024/12/18 19:18:36 >> info : * 
2024/12/18 19:18:36 >> info : * Version : 1.1.0
2024/12/18 19:18:36 >> info : * Copyright(c) 2003-2024 THREET CO.,LTD. All Rights Reserved.
2024/12/18 19:18:36 >> info : * http://www.threet.co.jp
2024/12/18 19:18:36 >> info : * ------------------------------------------------------------ *
2024/12/18 19:18:36 >> debug : HTTP_REFERER > 
2024/12/18 19:18:36 >> debug : SCRIPT_URI > 
2024/12/18 19:18:36 >> debug : REQUEST_URI > /~m-ela/simplan/
2024/12/18 19:18:36 >> debug : HTTPS > on
2024/12/18 19:18:36 >> debug : HTTPS MODE > on
2024/12/18 19:18:36 >> debug : DEF_COMMAND > cmd
2024/12/18 19:18:36 >> debug : DEF_PROCESS > prc
2024/12/18 19:18:36 >> debug : SESSION start ... OK
2024/12/18 19:18:36 >> info : Process set [index] ... OK
2024/12/18 19:18:36 >> info : Process Name [indexProcess] ... OK
2024/12/18 19:18:36 >> info : Include File [/home/m-ela/projects/simplan/public_app/mod/user/index/process/indexProcess.php]... OK
2024/12/18 19:18:36 >> info : Class Exists [indexProcess] ... OK
2024/12/18 19:18:36 >> debug : DB Connect ... OK
2024/12/18 19:18:36 >> debug : Entering precute ...
2024/12/18 19:18:36 >> debug : Temp dir is [/home/m-ela/projects/simplan/public_html/admin/img/img_temp/]
2024/12/18 19:18:36 >> debug : File dir is [/home/m-ela/projects/simplan/public_html/admin/img/profile_photo/]
2024/12/18 19:18:36 >> debug : Entering execute ...
2024/12/18 19:18:36 >> debug : indexProcess Entering executeDefault ...
2024/12/18 19:18:36 >> debug : Entering execDefualt ...
2024/12/18 19:18:36 >> info : SimplanAbstractProcess::execCommand -> AbstractCommand::executeProcess > [ m_user/is_login.sql ]
2024/12/18 19:18:36 >> debug : WideDB_SimplanInterface::QueryExecute >>SELECT user.f_user_id ,user.f_name ,user.f_surname_kana ,user.f_mailaddress ,user.f_login_id ,user.f_password ,user.f_del_flg ,user.f_reg_account ,user.f_reg_time ,user.f_upd_account ,user.f_upd_time FROM m_user user WHERE user.f_user_id = '4'
2024/12/18 19:18:36 >> info : execQuery TIME : 0.00015 second
2024/12/18 19:18:36 >> info : Session connection is OK ...
2024/12/18 19:18:36 >> info : SimplanAbstractProcess::execCommand -> AbstractCommand::executeProcess > [ m_addemployee/select_one.sql ]
2024/12/18 19:18:36 >> debug : WideDB_SimplanInterface::QueryExecute >>SELECT addemployee.f_employee_id ,addemployee.f_emp_id ,addemployee.f_name ,addemployee.f_aadhar_number ,addemployee.f_pan_number ,addemployee.f_passport ,date_format(addemployee.f_issue_date, '%Y/%m/%d') as f_issue_date ,date_format(addemployee.f_expiry_date, '%Y/%m/%d') as f_expiry_date ,addemployee.f_gender ,date_format(addemployee.f_date_of_birth, '%Y/%m/%d') as f_date_of_birth ,addemployee.f_age ,addemployee.f_blood_group ,addemployee.f_status ,addemployee.f_address1 ,addemployee.f_address2 ,addemployee.f_city ,addemployee.f_state ,addemployee.f_pincode ,addemployee.f_country ,addemployee.f_mobile_number ,addemployee.f_office_telephone_number ,addemployee.f_office_email ,addemployee.f_personal_mail ,addemployee.f_relation_name ,addemployee.f_relationship ,addemployee.f_occupation ,addemployee.f_address ,addemployee.f_phone_number ,addemployee.f_emp_status ,addemployee.f_category ,addemployee.f_job_title ,addemployee.f_join_date ,addemployee.f_relive_date ,addemployee.f_location ,addemployee.f_experience ,addemployee.f_education_ug ,addemployee.f_degree_ug ,addemployee.f_university_ug ,addemployee.f_education_pg ,addemployee.f_degree_pg ,addemployee.f_university_pg ,addemployee.f_additional_skill ,addemployee.f_language ,addemployee.f_others ,addemployee.f_jlpt ,addemployee.f_bank_name ,addemployee.f_bank_branch ,addemployee.f_acc_no ,addemployee.f_ifsc_code ,addemployee.f_description ,addemployee.f_image ,addemployee.f_del_flg ,addemployee.f_reg_account ,addemployee.f_reg_time ,addemployee.f_upd_account ,addemployee.f_upd_time FROM m_addemployee addemployee WHERE addemployee.f_del_flg = '0'
2024/12/18 19:18:36 >> info : execQuery TIME : 0.00019 second
2024/12/18 19:18:36 >> debug : Entering postcute ...
2024/12/18 19:18:36 >> debug : DB Connect Close ... OK
2024/12/18 19:18:38 >> info : * ------------------------------------------------------------ *
2024/12/18 19:18:38 >> info : * Simplan Framework - PHP Web Application Framework
2024/12/18 19:18:38 >> info : * 
2024/12/18 19:18:38 >> info : * Version : 1.1.0
2024/12/18 19:18:38 >> info : * Copyright(c) 2003-2024 THREET CO.,LTD. All Rights Reserved.
2024/12/18 19:18:38 >> info : * http://www.threet.co.jp
2024/12/18 19:18:38 >> info : * ------------------------------------------------------------ *
2024/12/18 19:18:38 >> debug : HTTP_REFERER > https://roz.threet.co.jp/~m-ela/simplan/
2024/12/18 19:18:38 >> debug : SCRIPT_URI > 
2024/12/18 19:18:38 >> debug : REQUEST_URI > /~m-ela/simplan/index.php
2024/12/18 19:18:38 >> debug : HTTPS > on
2024/12/18 19:18:38 >> debug : HTTPS MODE > on
2024/12/18 19:18:38 >> debug : DEF_COMMAND > cmd
2024/12/18 19:18:38 >> debug : DEF_PROCESS > prc
2024/12/18 19:18:38 >> debug : POST DATA > [prc] : <index>
2024/12/18 19:18:38 >> debug : POST DATA > [cmd] : <login>
2024/12/18 19:18:38 >> debug : POST DATA > [f_login_id] : <mela15>
2024/12/18 19:18:38 >> debug : POST DATA > [f_password] : <mela15>
2024/12/18 19:18:38 >> debug : SESSION start ... OK
2024/12/18 19:18:38 >> info : Process set [index] ... OK
2024/12/18 19:18:38 >> info : Process Name [indexProcess] ... OK
2024/12/18 19:18:38 >> info : Include File [/home/m-ela/projects/simplan/public_app/mod/user/index/process/indexProcess.php]... OK
2024/12/18 19:18:38 >> info : Class Exists [indexProcess] ... OK
2024/12/18 19:18:38 >> debug : DB Connect ... OK
2024/12/18 19:18:38 >> debug : Entering precute ...
2024/12/18 19:18:38 >> debug : Temp dir is [/home/m-ela/projects/simplan/public_html/admin/img/img_temp/]
2024/12/18 19:18:38 >> debug : File dir is [/home/m-ela/projects/simplan/public_html/admin/img/profile_photo/]
2024/12/18 19:18:38 >> debug : Entering execute ...
2024/12/18 19:18:38 >> debug : indexProcess Entering executeLogin ...
2024/12/18 19:18:38 >> debug : Entering executeLogin ...
2024/12/18 19:18:38 >> info : SimplanAbstractProcess::execCommand -> AbstractCommand::executeProcess > [ m_user/login.sql ]
2024/12/18 19:18:38 >> debug : WideDB_SimplanInterface::QueryExecute >>SELECT user.f_user_id ,user.f_name ,user.f_surname_kana ,user.f_mailaddress ,user.f_login_id ,user.f_password ,user.f_del_flg ,user.f_reg_account ,user.f_reg_time ,user.f_upd_account ,user.f_upd_time FROM m_user user WHERE user.f_login_id = 'mela15' AND user.f_password = 'mela15' AND user.f_del_flg = '0'
2024/12/18 19:18:38 >> info : execQuery TIME : 0.00014 second
2024/12/18 19:18:38 >> info : SimplanAbstractProcess::execCommand -> AbstractCommand::executeProcess > [ m_addemployee/select_one.sql ]
2024/12/18 19:18:38 >> debug : WideDB_SimplanInterface::QueryExecute >>SELECT addemployee.f_employee_id ,addemployee.f_emp_id ,addemployee.f_name ,addemployee.f_aadhar_number ,addemployee.f_pan_number ,addemployee.f_passport ,date_format(addemployee.f_issue_date, '%Y/%m/%d') as f_issue_date ,date_format(addemployee.f_expiry_date, '%Y/%m/%d') as f_expiry_date ,addemployee.f_gender ,date_format(addemployee.f_date_of_birth, '%Y/%m/%d') as f_date_of_birth ,addemployee.f_age ,addemployee.f_blood_group ,addemployee.f_status ,addemployee.f_address1 ,addemployee.f_address2 ,addemployee.f_city ,addemployee.f_state ,addemployee.f_pincode ,addemployee.f_country ,addemployee.f_mobile_number ,addemployee.f_office_telephone_number ,addemployee.f_office_email ,addemployee.f_personal_mail ,addemployee.f_relation_name ,addemployee.f_relationship ,addemployee.f_occupation ,addemployee.f_address ,addemployee.f_phone_number ,addemployee.f_emp_status ,addemployee.f_category ,addemployee.f_job_title ,addemployee.f_join_date ,addemployee.f_relive_date ,addemployee.f_location ,addemployee.f_experience ,addemployee.f_education_ug ,addemployee.f_degree_ug ,addemployee.f_university_ug ,addemployee.f_education_pg ,addemployee.f_degree_pg ,addemployee.f_university_pg ,addemployee.f_additional_skill ,addemployee.f_language ,addemployee.f_others ,addemployee.f_jlpt ,addemployee.f_bank_name ,addemployee.f_bank_branch ,addemployee.f_acc_no ,addemployee.f_ifsc_code ,addemployee.f_description ,addemployee.f_image ,addemployee.f_del_flg ,addemployee.f_reg_account ,addemployee.f_reg_time ,addemployee.f_upd_account ,addemployee.f_upd_time FROM m_addemployee addemployee WHERE addemployee.f_del_flg = '0' AND addemployee.f_emp_id = 'mela15'
2024/12/18 19:18:38 >> info : execQuery TIME : 0.00012 second
2024/12/18 19:18:38 >> debug : DB Start Transaction ... OK
2024/12/18 19:18:38 >> debug : WideDB_SimplanInterface::QueryExecute >>INSERT INTO t_history ( f_user_id, f_datetime, f_del_flg, f_reg_account, f_reg_time, f_upd_account, f_upd_time ) VALUES ( '4', '20241218191838', '0', '4', '20241218191838', '4', '20241218191838' ) 
2024/12/18 19:18:38 >> info : execQuery TIME : 0.00023 second
2024/12/18 19:18:38 >> debug : Insert t_history ... OK
2024/12/18 19:18:38 >> debug : DB Commit ... OK
2024/12/18 19:18:38 >> debug : Entering postcute ...
2024/12/18 19:19:20 >> info : * ------------------------------------------------------------ *
2024/12/18 19:19:20 >> info : * Simplan Framework - PHP Web Application Framework
2024/12/18 19:19:20 >> info : * 
2024/12/18 19:19:20 >> info : * Version : 1.1.0
2024/12/18 19:19:20 >> info : * Copyright(c) 2003-2024 THREET CO.,LTD. All Rights Reserved.
2024/12/18 19:19:20 >> info : * http://www.threet.co.jp
2024/12/18 19:19:20 >> info : * ------------------------------------------------------------ *
2024/12/18 19:19:20 >> debug : HTTP_REFERER > 
2024/12/18 19:19:20 >> debug : SCRIPT_URI > 
2024/12/18 19:19:20 >> debug : REQUEST_URI > /~m-ela/simplan/
2024/12/18 19:19:20 >> debug : HTTPS > on
2024/12/18 19:19:20 >> debug : HTTPS MODE > on
2024/12/18 19:19:20 >> debug : DEF_COMMAND > cmd
2024/12/18 19:19:20 >> debug : DEF_PROCESS > prc
2024/12/18 19:19:20 >> debug : SESSION start ... OK
2024/12/18 19:19:20 >> info : Process set [index] ... OK
2024/12/18 19:19:20 >> info : Process Name [indexProcess] ... OK
2024/12/18 19:19:20 >> info : Include File [/home/m-ela/projects/simplan/public_app/mod/user/index/process/indexProcess.php]... OK
2024/12/18 19:19:20 >> info : Class Exists [indexProcess] ... OK
2024/12/18 19:19:20 >> debug : DB Connect ... OK
2024/12/18 19:19:20 >> debug : Entering precute ...
2024/12/18 19:19:20 >> debug : Temp dir is [/home/m-ela/projects/simplan/public_html/admin/img/img_temp/]
2024/12/18 19:19:20 >> debug : File dir is [/home/m-ela/projects/simplan/public_html/admin/img/profile_photo/]
2024/12/18 19:19:20 >> debug : Entering execute ...
2024/12/18 19:19:20 >> debug : indexProcess Entering executeDefault ...
2024/12/18 19:19:20 >> debug : Entering execDefualt ...
2024/12/18 19:19:20 >> info : SimplanAbstractProcess::execCommand -> AbstractCommand::executeProcess > [ m_user/is_login.sql ]
2024/12/18 19:19:20 >> debug : WideDB_SimplanInterface::QueryExecute >>SELECT user.f_user_id ,user.f_name ,user.f_surname_kana ,user.f_mailaddress ,user.f_login_id ,user.f_password ,user.f_del_flg ,user.f_reg_account ,user.f_reg_time ,user.f_upd_account ,user.f_upd_time FROM m_user user WHERE user.f_user_id = '4'
2024/12/18 19:19:20 >> info : execQuery TIME : 0.00017 second
2024/12/18 19:19:20 >> info : Session connection is OK ...
2024/12/18 19:19:20 >> info : SimplanAbstractProcess::execCommand -> AbstractCommand::executeProcess > [ m_addemployee/select_one.sql ]
2024/12/18 19:19:20 >> debug : WideDB_SimplanInterface::QueryExecute >>SELECT addemployee.f_employee_id ,addemployee.f_emp_id ,addemployee.f_name ,addemployee.f_aadhar_number ,addemployee.f_pan_number ,addemployee.f_passport ,date_format(addemployee.f_issue_date, '%Y/%m/%d') as f_issue_date ,date_format(addemployee.f_expiry_date, '%Y/%m/%d') as f_expiry_date ,addemployee.f_gender ,date_format(addemployee.f_date_of_birth, '%Y/%m/%d') as f_date_of_birth ,addemployee.f_age ,addemployee.f_blood_group ,addemployee.f_status ,addemployee.f_address1 ,addemployee.f_address2 ,addemployee.f_city ,addemployee.f_state ,addemployee.f_pincode ,addemployee.f_country ,addemployee.f_mobile_number ,addemployee.f_office_telephone_number ,addemployee.f_office_email ,addemployee.f_personal_mail ,addemployee.f_relation_name ,addemployee.f_relationship ,addemployee.f_occupation ,addemployee.f_address ,addemployee.f_phone_number ,addemployee.f_emp_status ,addemployee.f_category ,addemployee.f_job_title ,addemployee.f_join_date ,addemployee.f_relive_date ,addemployee.f_location ,addemployee.f_experience ,addemployee.f_education_ug ,addemployee.f_degree_ug ,addemployee.f_university_ug ,addemployee.f_education_pg ,addemployee.f_degree_pg ,addemployee.f_university_pg ,addemployee.f_additional_skill ,addemployee.f_language ,addemployee.f_others ,addemployee.f_jlpt ,addemployee.f_bank_name ,addemployee.f_bank_branch ,addemployee.f_acc_no ,addemployee.f_ifsc_code ,addemployee.f_description ,addemployee.f_image ,addemployee.f_del_flg ,addemployee.f_reg_account ,addemployee.f_reg_time ,addemployee.f_upd_account ,addemployee.f_upd_time FROM m_addemployee addemployee WHERE addemployee.f_del_flg = '0'
2024/12/18 19:19:20 >> info : execQuery TIME : 0.00018 second
2024/12/18 19:19:20 >> debug : Entering postcute ...
2024/12/18 19:19:20 >> debug : DB Connect Close ... OK
2024/12/18 19:19:22 >> info : * ------------------------------------------------------------ *
2024/12/18 19:19:22 >> info : * Simplan Framework - PHP Web Application Framework
2024/12/18 19:19:22 >> info : * 
2024/12/18 19:19:22 >> info : * Version : 1.1.0
2024/12/18 19:19:22 >> info : * Copyright(c) 2003-2024 THREET CO.,LTD. All Rights Reserved.
2024/12/18 19:19:22 >> info : * http://www.threet.co.jp
2024/12/18 19:19:22 >> info : * ------------------------------------------------------------ *
2024/12/18 19:19:22 >> debug : HTTP_REFERER > https://roz.threet.co.jp/~m-ela/simplan/
2024/12/18 19:19:22 >> debug : SCRIPT_URI > 
2024/12/18 19:19:22 >> debug : REQUEST_URI > /~m-ela/simplan/index.php?cmd=logout
2024/12/18 19:19:22 >> debug : HTTPS > on
2024/12/18 19:19:22 >> debug : HTTPS MODE > on
2024/12/18 19:19:22 >> debug : DEF_COMMAND > cmd
2024/12/18 19:19:22 >> debug : DEF_PROCESS > prc
2024/12/18 19:19:22 >> debug : GET DATA > [cmd] : <logout>
2024/12/18 19:19:22 >> debug : SESSION start ... OK
2024/12/18 19:19:22 >> info : Process set [index] ... OK
2024/12/18 19:19:22 >> info : Process Name [indexProcess] ... OK
2024/12/18 19:19:22 >> info : Include File [/home/m-ela/projects/simplan/public_app/mod/user/index/process/indexProcess.php]... OK
2024/12/18 19:19:22 >> info : Class Exists [indexProcess] ... OK
2024/12/18 19:19:22 >> debug : DB Connect ... OK
2024/12/18 19:19:22 >> debug : Entering precute ...
2024/12/18 19:19:22 >> debug : Temp dir is [/home/m-ela/projects/simplan/public_html/admin/img/img_temp/]
2024/12/18 19:19:22 >> debug : File dir is [/home/m-ela/projects/simplan/public_html/admin/img/profile_photo/]
2024/12/18 19:19:22 >> debug : Entering execute ...
2024/12/18 19:19:22 >> debug : indexProcess Entering executeLogout ...
2024/12/18 19:19:22 >> debug : Entering executeLogout ...
2024/12/18 19:19:22 >> debug : Entering postcute ...
2024/12/18 19:19:22 >> debug : DB Connect Close ... OK
2024/12/18 19:19:26 >> info : * ------------------------------------------------------------ *
2024/12/18 19:19:26 >> info : * Simplan Framework - PHP Web Application Framework
2024/12/18 19:19:26 >> info : * 
2024/12/18 19:19:26 >> info : * Version : 1.1.0
2024/12/18 19:19:26 >> info : * Copyright(c) 2003-2024 THREET CO.,LTD. All Rights Reserved.
2024/12/18 19:19:26 >> info : * http://www.threet.co.jp
2024/12/18 19:19:26 >> info : * ------------------------------------------------------------ *
2024/12/18 19:19:26 >> debug : HTTP_REFERER > https://roz.threet.co.jp/~m-ela/simplan/index.php?cmd=logout
2024/12/18 19:19:26 >> debug : SCRIPT_URI > 
2024/12/18 19:19:26 >> debug : REQUEST_URI > /~m-ela/simplan/index.php
2024/12/18 19:19:26 >> debug : HTTPS > on
2024/12/18 19:19:26 >> debug : HTTPS MODE > on
2024/12/18 19:19:26 >> debug : DEF_COMMAND > cmd
2024/12/18 19:19:26 >> debug : DEF_PROCESS > prc
2024/12/18 19:19:26 >> debug : POST DATA > [prc] : <index>
2024/12/18 19:19:26 >> debug : POST DATA > [cmd] : <login>
2024/12/18 19:19:26 >> debug : POST DATA > [f_login_id] : <mela15>
2024/12/18 19:19:26 >> debug : POST DATA > [f_password] : <mela15>
2024/12/18 19:19:26 >> debug : SESSION start ... OK
2024/12/18 19:19:26 >> info : Process set [index] ... OK
2024/12/18 19:19:26 >> info : Process Name [indexProcess] ... OK
2024/12/18 19:19:26 >> info : Include File [/home/m-ela/projects/simplan/public_app/mod/user/index/process/indexProcess.php]... OK
2024/12/18 19:19:26 >> info : Class Exists [indexProcess] ... OK
2024/12/18 19:19:26 >> debug : DB Connect ... OK
2024/12/18 19:19:26 >> debug : Entering precute ...
2024/12/18 19:19:26 >> debug : Temp dir is [/home/m-ela/projects/simplan/public_html/admin/img/img_temp/]
2024/12/18 19:19:26 >> debug : File dir is [/home/m-ela/projects/simplan/public_html/admin/img/profile_photo/]
2024/12/18 19:19:26 >> debug : Entering execute ...
2024/12/18 19:19:26 >> debug : indexProcess Entering executeLogin ...
2024/12/18 19:22:28 >> info : * ------------------------------------------------------------ *
2024/12/18 19:22:28 >> info : * Simplan Framework - PHP Web Application Framework
2024/12/18 19:22:28 >> info : * 
2024/12/18 19:22:28 >> info : * Version : 1.1.0
2024/12/18 19:22:28 >> info : * Copyright(c) 2003-2024 THREET CO.,LTD. All Rights Reserved.
2024/12/18 19:22:28 >> info : * http://www.threet.co.jp
2024/12/18 19:22:28 >> info : * ------------------------------------------------------------ *
2024/12/18 19:22:28 >> debug : HTTP_REFERER > https://roz.threet.co.jp/~m-ela/simplan/index.php?cmd=logout
2024/12/18 19:22:28 >> debug : SCRIPT_URI > 
2024/12/18 19:22:28 >> debug : REQUEST_URI > /~m-ela/simplan/index.php
2024/12/18 19:22:28 >> debug : HTTPS > on
2024/12/18 19:22:28 >> debug : HTTPS MODE > on
2024/12/18 19:22:28 >> debug : DEF_COMMAND > cmd
2024/12/18 19:22:28 >> debug : DEF_PROCESS > prc
2024/12/18 19:22:28 >> debug : POST DATA > [prc] : <index>
2024/12/18 19:22:28 >> debug : POST DATA > [cmd] : <login>
2024/12/18 19:22:28 >> debug : POST DATA > [f_login_id] : <mela15>
2024/12/18 19:22:28 >> debug : POST DATA > [f_password] : <mela15>
2024/12/18 19:22:28 >> debug : SESSION start ... OK
2024/12/18 19:22:28 >> info : Process set [index] ... OK
2024/12/18 19:22:28 >> info : Process Name [indexProcess] ... OK
2024/12/18 19:22:28 >> info : Include File [/home/m-ela/projects/simplan/public_app/mod/user/index/process/indexProcess.php]... OK
2024/12/18 19:22:28 >> info : Class Exists [indexProcess] ... OK
2024/12/18 19:22:28 >> debug : DB Connect ... OK
2024/12/18 19:22:28 >> debug : Entering precute ...
2024/12/18 19:22:28 >> debug : Temp dir is [/home/m-ela/projects/simplan/public_html/admin/img/img_temp/]
2024/12/18 19:22:28 >> debug : File dir is [/home/m-ela/projects/simplan/public_html/admin/img/profile_photo/]
2024/12/18 19:22:28 >> debug : Entering execute ...
2024/12/18 19:22:28 >> debug : indexProcess Entering executeLogin ...
2024/12/18 19:22:28 >> debug : Entering executeLogin ...
2024/12/18 19:22:28 >> info : SimplanAbstractProcess::execCommand -> AbstractCommand::executeProcess > [ m_user/login.sql ]
2024/12/18 19:22:28 >> debug : WideDB_SimplanInterface::QueryExecute >>SELECT user.f_user_id ,user.f_name ,user.f_surname_kana ,user.f_mailaddress ,user.f_login_id ,user.f_password ,user.f_del_flg ,user.f_reg_account ,user.f_reg_time ,user.f_upd_account ,user.f_upd_time FROM m_user user WHERE user.f_login_id = 'mela15' AND user.f_password = 'mela15' AND user.f_del_flg = '0'
2024/12/18 19:22:28 >> info : execQuery TIME : 0.00014 second
2024/12/18 19:22:28 >> info : SimplanAbstractProcess::execCommand -> AbstractCommand::executeProcess > [ m_addemployee/select_one.sql ]
2024/12/18 19:22:28 >> debug : WideDB_SimplanInterface::QueryExecute >>SELECT addemployee.f_employee_id ,addemployee.f_emp_id ,addemployee.f_name ,addemployee.f_aadhar_number ,addemployee.f_pan_number ,addemployee.f_passport ,date_format(addemployee.f_issue_date, '%Y/%m/%d') as f_issue_date ,date_format(addemployee.f_expiry_date, '%Y/%m/%d') as f_expiry_date ,addemployee.f_gender ,date_format(addemployee.f_date_of_birth, '%Y/%m/%d') as f_date_of_birth ,addemployee.f_age ,addemployee.f_blood_group ,addemployee.f_status ,addemployee.f_address1 ,addemployee.f_address2 ,addemployee.f_city ,addemployee.f_state ,addemployee.f_pincode ,addemployee.f_country ,addemployee.f_mobile_number ,addemployee.f_office_telephone_number ,addemployee.f_office_email ,addemployee.f_personal_mail ,addemployee.f_relation_name ,addemployee.f_relationship ,addemployee.f_occupation ,addemployee.f_address ,addemployee.f_phone_number ,addemployee.f_emp_status ,addemployee.f_category ,addemployee.f_job_title ,addemployee.f_join_date ,addemployee.f_relive_date ,addemployee.f_location ,addemployee.f_experience ,addemployee.f_education_ug ,addemployee.f_degree_ug ,addemployee.f_university_ug ,addemployee.f_education_pg ,addemployee.f_degree_pg ,addemployee.f_university_pg ,addemployee.f_additional_skill ,addemployee.f_language ,addemployee.f_others ,addemployee.f_jlpt ,addemployee.f_bank_name ,addemployee.f_bank_branch ,addemployee.f_acc_no ,addemployee.f_ifsc_code ,addemployee.f_description ,addemployee.f_image ,addemployee.f_del_flg ,addemployee.f_reg_account ,addemployee.f_reg_time ,addemployee.f_upd_account ,addemployee.f_upd_time FROM m_addemployee addemployee WHERE addemployee.f_del_flg = '0' AND addemployee.f_emp_id = 'mela15'
2024/12/18 19:22:28 >> info : execQuery TIME : 0.00012 second
2024/12/18 19:25:59 >> info : * ------------------------------------------------------------ *
2024/12/18 19:25:59 >> info : * Simplan Framework - PHP Web Application Framework
2024/12/18 19:25:59 >> info : * 
2024/12/18 19:25:59 >> info : * Version : 1.1.0
2024/12/18 19:25:59 >> info : * Copyright(c) 2003-2024 THREET CO.,LTD. All Rights Reserved.
2024/12/18 19:25:59 >> info : * http://www.threet.co.jp
2024/12/18 19:25:59 >> info : * ------------------------------------------------------------ *
2024/12/18 19:25:59 >> debug : HTTP_REFERER > 
2024/12/18 19:25:59 >> debug : SCRIPT_URI > 
2024/12/18 19:25:59 >> debug : REQUEST_URI > /~m-ela/simplan/index.php
2024/12/18 19:25:59 >> debug : HTTPS > on
2024/12/18 19:25:59 >> debug : HTTPS MODE > on
2024/12/18 19:25:59 >> debug : DEF_COMMAND > cmd
2024/12/18 19:25:59 >> debug : DEF_PROCESS > prc
2024/12/18 19:25:59 >> debug : SESSION start ... OK
2024/12/18 19:25:59 >> info : Process set [index] ... OK
2024/12/18 19:25:59 >> info : Process Name [indexProcess] ... OK
2024/12/18 19:25:59 >> info : Include File [/home/m-ela/projects/simplan/public_app/mod/user/index/process/indexProcess.php]... OK
2024/12/18 19:25:59 >> info : Class Exists [indexProcess] ... OK
2024/12/18 19:25:59 >> debug : DB Connect ... OK
2024/12/18 19:25:59 >> debug : Entering precute ...
2024/12/18 19:25:59 >> debug : Temp dir is [/home/m-ela/projects/simplan/public_html/admin/img/img_temp/]
2024/12/18 19:25:59 >> debug : File dir is [/home/m-ela/projects/simplan/public_html/admin/img/profile_photo/]
2024/12/18 19:25:59 >> debug : Entering execute ...
2024/12/18 19:25:59 >> debug : indexProcess Entering executeDefault ...
2024/12/18 19:25:59 >> debug : Entering execDefualt ...
2024/12/18 19:25:59 >> info : SimplanAbstractProcess::execCommand -> AbstractCommand::executeProcess > [ m_user/is_login.sql ]
2024/12/18 19:25:59 >> debug : WideDB_SimplanInterface::QueryExecute >>SELECT user.f_user_id ,user.f_name ,user.f_surname_kana ,user.f_mailaddress ,user.f_login_id ,user.f_password ,user.f_del_flg ,user.f_reg_account ,user.f_reg_time ,user.f_upd_account ,user.f_upd_time FROM m_user user WHERE user.f_user_id = '4'
2024/12/18 19:25:59 >> info : execQuery TIME : 0.00014 second
2024/12/18 19:25:59 >> info : Session connection is OK ...
2024/12/18 19:25:59 >> info : SimplanAbstractProcess::execCommand -> AbstractCommand::executeProcess > [ m_addemployee/select_one.sql ]
2024/12/18 19:25:59 >> debug : WideDB_SimplanInterface::QueryExecute >>SELECT addemployee.f_employee_id ,addemployee.f_emp_id ,addemployee.f_name ,addemployee.f_aadhar_number ,addemployee.f_pan_number ,addemployee.f_passport ,date_format(addemployee.f_issue_date, '%Y/%m/%d') as f_issue_date ,date_format(addemployee.f_expiry_date, '%Y/%m/%d') as f_expiry_date ,addemployee.f_gender ,date_format(addemployee.f_date_of_birth, '%Y/%m/%d') as f_date_of_birth ,addemployee.f_age ,addemployee.f_blood_group ,addemployee.f_status ,addemployee.f_address1 ,addemployee.f_address2 ,addemployee.f_city ,addemployee.f_state ,addemployee.f_pincode ,addemployee.f_country ,addemployee.f_mobile_number ,addemployee.f_office_telephone_number ,addemployee.f_office_email ,addemployee.f_personal_mail ,addemployee.f_relation_name ,addemployee.f_relationship ,addemployee.f_occupation ,addemployee.f_address ,addemployee.f_phone_number ,addemployee.f_emp_status ,addemployee.f_category ,addemployee.f_job_title ,addemployee.f_join_date ,addemployee.f_relive_date ,addemployee.f_location ,addemployee.f_experience ,addemployee.f_education_ug ,addemployee.f_degree_ug ,addemployee.f_university_ug ,addemployee.f_education_pg ,addemployee.f_degree_pg ,addemployee.f_university_pg ,addemployee.f_additional_skill ,addemployee.f_language ,addemployee.f_others ,addemployee.f_jlpt ,addemployee.f_bank_name ,addemployee.f_bank_branch ,addemployee.f_acc_no ,addemployee.f_ifsc_code ,addemployee.f_description ,addemployee.f_image ,addemployee.f_del_flg ,addemployee.f_reg_account ,addemployee.f_reg_time ,addemployee.f_upd_account ,addemployee.f_upd_time FROM m_addemployee addemployee WHERE addemployee.f_del_flg = '0'
2024/12/18 19:25:59 >> info : execQuery TIME : 0.00017 second
2024/12/18 19:25:59 >> debug : Entering postcute ...
2024/12/18 19:25:59 >> debug : DB Connect Close ... OK
2024/12/18 19:26:01 >> info : * ------------------------------------------------------------ *
2024/12/18 19:26:01 >> info : * Simplan Framework - PHP Web Application Framework
2024/12/18 19:26:01 >> info : * 
2024/12/18 19:26:01 >> info : * Version : 1.1.0
2024/12/18 19:26:01 >> info : * Copyright(c) 2003-2024 THREET CO.,LTD. All Rights Reserved.
2024/12/18 19:26:01 >> info : * http://www.threet.co.jp
2024/12/18 19:26:01 >> info : * ------------------------------------------------------------ *
2024/12/18 19:26:01 >> debug : HTTP_REFERER > https://roz.threet.co.jp/~m-ela/simplan/index.php
2024/12/18 19:26:01 >> debug : SCRIPT_URI > 
2024/12/18 19:26:01 >> debug : REQUEST_URI > /~m-ela/simplan/index.php?cmd=logout
2024/12/18 19:26:01 >> debug : HTTPS > on
2024/12/18 19:26:01 >> debug : HTTPS MODE > on
2024/12/18 19:26:01 >> debug : DEF_COMMAND > cmd
2024/12/18 19:26:01 >> debug : DEF_PROCESS > prc
2024/12/18 19:26:01 >> debug : GET DATA > [cmd] : <logout>
2024/12/18 19:26:01 >> debug : SESSION start ... OK
2024/12/18 19:26:01 >> info : Process set [index] ... OK
2024/12/18 19:26:01 >> info : Process Name [indexProcess] ... OK
2024/12/18 19:26:01 >> info : Include File [/home/m-ela/projects/simplan/public_app/mod/user/index/process/indexProcess.php]... OK
2024/12/18 19:26:01 >> info : Class Exists [indexProcess] ... OK
2024/12/18 19:26:01 >> debug : DB Connect ... OK
2024/12/18 19:26:01 >> debug : Entering precute ...
2024/12/18 19:26:01 >> debug : Temp dir is [/home/m-ela/projects/simplan/public_html/admin/img/img_temp/]
2024/12/18 19:26:01 >> debug : File dir is [/home/m-ela/projects/simplan/public_html/admin/img/profile_photo/]
2024/12/18 19:26:01 >> debug : Entering execute ...
2024/12/18 19:26:01 >> debug : indexProcess Entering executeLogout ...
2024/12/18 19:26:01 >> debug : Entering executeLogout ...
2024/12/18 19:26:01 >> debug : Entering postcute ...
2024/12/18 19:26:01 >> debug : DB Connect Close ... OK
2024/12/18 19:26:03 >> info : * ------------------------------------------------------------ *
2024/12/18 19:26:03 >> info : * Simplan Framework - PHP Web Application Framework
2024/12/18 19:26:03 >> info : * 
2024/12/18 19:26:03 >> info : * Version : 1.1.0
2024/12/18 19:26:03 >> info : * Copyright(c) 2003-2024 THREET CO.,LTD. All Rights Reserved.
2024/12/18 19:26:03 >> info : * http://www.threet.co.jp
2024/12/18 19:26:03 >> info : * ------------------------------------------------------------ *
2024/12/18 19:26:03 >> debug : HTTP_REFERER > https://roz.threet.co.jp/~m-ela/simplan/index.php?cmd=logout
2024/12/18 19:26:03 >> debug : SCRIPT_URI > 
2024/12/18 19:26:03 >> debug : REQUEST_URI > /~m-ela/simplan/index.php
2024/12/18 19:26:03 >> debug : HTTPS > on
2024/12/18 19:26:03 >> debug : HTTPS MODE > on
2024/12/18 19:26:03 >> debug : DEF_COMMAND > cmd
2024/12/18 19:26:03 >> debug : DEF_PROCESS > prc
2024/12/18 19:26:03 >> debug : POST DATA > [prc] : <index>
2024/12/18 19:26:03 >> debug : POST DATA > [cmd] : <login>
2024/12/18 19:26:03 >> debug : POST DATA > [f_login_id] : <mela15>
2024/12/18 19:26:03 >> debug : POST DATA > [f_password] : <mela15>
2024/12/18 19:26:03 >> debug : SESSION start ... OK
2024/12/18 19:26:03 >> info : Process set [index] ... OK
2024/12/18 19:26:03 >> info : Process Name [indexProcess] ... OK
2024/12/18 19:26:03 >> info : Include File [/home/m-ela/projects/simplan/public_app/mod/user/index/process/indexProcess.php]... OK
2024/12/18 19:26:03 >> info : Class Exists [indexProcess] ... OK
2024/12/18 19:26:03 >> debug : DB Connect ... OK
2024/12/18 19:26:03 >> debug : Entering precute ...
2024/12/18 19:26:03 >> debug : Temp dir is [/home/m-ela/projects/simplan/public_html/admin/img/img_temp/]
2024/12/18 19:26:03 >> debug : File dir is [/home/m-ela/projects/simplan/public_html/admin/img/profile_photo/]
2024/12/18 19:26:03 >> debug : Entering execute ...
2024/12/18 19:26:03 >> debug : indexProcess Entering executeLogin ...
2024/12/18 19:26:03 >> debug : Entering executeLogin ...
2024/12/18 19:26:03 >> info : SimplanAbstractProcess::execCommand -> AbstractCommand::executeProcess > [ m_user/login.sql ]
2024/12/18 19:26:03 >> debug : WideDB_SimplanInterface::QueryExecute >>SELECT user.f_user_id ,user.f_name ,user.f_surname_kana ,user.f_mailaddress ,user.f_login_id ,user.f_password ,user.f_del_flg ,user.f_reg_account ,user.f_reg_time ,user.f_upd_account ,user.f_upd_time FROM m_user user WHERE user.f_login_id = 'mela15' AND user.f_password = 'mela15' AND user.f_del_flg = '0'
2024/12/18 19:26:03 >> info : execQuery TIME : 0.00014 second
2024/12/18 19:27:40 >> info : * ------------------------------------------------------------ *
2024/12/18 19:27:40 >> info : * Simplan Framework - PHP Web Application Framework
2024/12/18 19:27:40 >> info : * 
2024/12/18 19:27:40 >> info : * Version : 1.1.0
2024/12/18 19:27:40 >> info : * Copyright(c) 2003-2024 THREET CO.,LTD. All Rights Reserved.
2024/12/18 19:27:40 >> info : * http://www.threet.co.jp
2024/12/18 19:27:40 >> info : * ------------------------------------------------------------ *
2024/12/18 19:27:40 >> debug : HTTP_REFERER > 
2024/12/18 19:27:40 >> debug : SCRIPT_URI > 
2024/12/18 19:27:40 >> debug : REQUEST_URI > /~m-ela/simplan/index.php
2024/12/18 19:27:40 >> debug : HTTPS > on
2024/12/18 19:27:40 >> debug : HTTPS MODE > on
2024/12/18 19:27:40 >> debug : DEF_COMMAND > cmd
2024/12/18 19:27:40 >> debug : DEF_PROCESS > prc
2024/12/18 19:27:40 >> debug : POST DATA > [prc] : <index>
2024/12/18 19:27:40 >> debug : POST DATA > [cmd] : <login>
2024/12/18 19:27:40 >> debug : POST DATA > [f_login_id] : <mela15>
2024/12/18 19:27:40 >> debug : POST DATA > [f_password] : <mela15>
2024/12/18 19:27:40 >> debug : SESSION start ... OK
2024/12/18 19:27:40 >> info : Process set [index] ... OK
2024/12/18 19:27:40 >> info : Process Name [indexProcess] ... OK
2024/12/18 19:27:40 >> info : Include File [/home/m-ela/projects/simplan/public_app/mod/user/index/process/indexProcess.php]... OK
2024/12/18 19:27:40 >> info : Class Exists [indexProcess] ... OK
2024/12/18 19:27:40 >> debug : DB Connect ... OK
2024/12/18 19:27:40 >> debug : Entering precute ...
2024/12/18 19:27:40 >> debug : Temp dir is [/home/m-ela/projects/simplan/public_html/admin/img/img_temp/]
2024/12/18 19:27:40 >> debug : File dir is [/home/m-ela/projects/simplan/public_html/admin/img/profile_photo/]
2024/12/18 19:27:40 >> debug : Entering execute ...
2024/12/18 19:27:40 >> debug : indexProcess Entering executeLogin ...
2024/12/18 19:27:40 >> debug : Entering executeLogin ...
2024/12/18 19:27:40 >> info : SimplanAbstractProcess::execCommand -> AbstractCommand::executeProcess > [ m_user/login.sql ]
2024/12/18 19:27:40 >> debug : WideDB_SimplanInterface::QueryExecute >>SELECT user.f_user_id ,user.f_name ,user.f_surname_kana ,user.f_mailaddress ,user.f_login_id ,user.f_password ,user.f_del_flg ,user.f_reg_account ,user.f_reg_time ,user.f_upd_account ,user.f_upd_time FROM m_user user WHERE user.f_login_id = 'mela15' AND user.f_password = 'mela15' AND user.f_del_flg = '0'
2024/12/18 19:27:40 >> info : execQuery TIME : 0.00014 second
2024/12/18 19:27:40 >> info : SimplanAbstractProcess::execCommand -> AbstractCommand::executeProcess > [ m_addemployee/select_one.sql ]
2024/12/18 19:27:40 >> debug : WideDB_SimplanInterface::QueryExecute >>SELECT addemployee.f_employee_id ,addemployee.f_emp_id ,addemployee.f_name ,addemployee.f_aadhar_number ,addemployee.f_pan_number ,addemployee.f_passport ,date_format(addemployee.f_issue_date, '%Y/%m/%d') as f_issue_date ,date_format(addemployee.f_expiry_date, '%Y/%m/%d') as f_expiry_date ,addemployee.f_gender ,date_format(addemployee.f_date_of_birth, '%Y/%m/%d') as f_date_of_birth ,addemployee.f_age ,addemployee.f_blood_group ,addemployee.f_status ,addemployee.f_address1 ,addemployee.f_address2 ,addemployee.f_city ,addemployee.f_state ,addemployee.f_pincode ,addemployee.f_country ,addemployee.f_mobile_number ,addemployee.f_office_telephone_number ,addemployee.f_office_email ,addemployee.f_personal_mail ,addemployee.f_relation_name ,addemployee.f_relationship ,addemployee.f_occupation ,addemployee.f_address ,addemployee.f_phone_number ,addemployee.f_emp_status ,addemployee.f_category ,addemployee.f_job_title ,addemployee.f_join_date ,addemployee.f_relive_date ,addemployee.f_location ,addemployee.f_experience ,addemployee.f_education_ug ,addemployee.f_degree_ug ,addemployee.f_university_ug ,addemployee.f_education_pg ,addemployee.f_degree_pg ,addemployee.f_university_pg ,addemployee.f_additional_skill ,addemployee.f_language ,addemployee.f_others ,addemployee.f_jlpt ,addemployee.f_bank_name ,addemployee.f_bank_branch ,addemployee.f_acc_no ,addemployee.f_ifsc_code ,addemployee.f_description ,addemployee.f_image ,addemployee.f_del_flg ,addemployee.f_reg_account ,addemployee.f_reg_time ,addemployee.f_upd_account ,addemployee.f_upd_time FROM m_addemployee addemployee WHERE addemployee.f_del_flg = '0' AND addemployee.f_emp_id = 'mela15'
2024/12/18 19:27:40 >> info : execQuery TIME : 0.00014 second
2024/12/18 19:28:06 >> info : * ------------------------------------------------------------ *
2024/12/18 19:28:06 >> info : * Simplan Framework - PHP Web Application Framework
2024/12/18 19:28:06 >> info : * 
2024/12/18 19:28:06 >> info : * Version : 1.1.0
2024/12/18 19:28:06 >> info : * Copyright(c) 2003-2024 THREET CO.,LTD. All Rights Reserved.
2024/12/18 19:28:06 >> info : * http://www.threet.co.jp
2024/12/18 19:28:06 >> info : * ------------------------------------------------------------ *
2024/12/18 19:28:06 >> debug : HTTP_REFERER > 
2024/12/18 19:28:06 >> debug : SCRIPT_URI > 
2024/12/18 19:28:06 >> debug : REQUEST_URI > /~m-ela/simplan/index.php
2024/12/18 19:28:06 >> debug : HTTPS > on
2024/12/18 19:28:06 >> debug : HTTPS MODE > on
2024/12/18 19:28:06 >> debug : DEF_COMMAND > cmd
2024/12/18 19:28:06 >> debug : DEF_PROCESS > prc
2024/12/18 19:28:06 >> debug : POST DATA > [prc] : <index>
2024/12/18 19:28:06 >> debug : POST DATA > [cmd] : <login>
2024/12/18 19:28:06 >> debug : POST DATA > [f_login_id] : <mela15>
2024/12/18 19:28:06 >> debug : POST DATA > [f_password] : <mela15>
2024/12/18 19:28:06 >> debug : SESSION start ... OK
2024/12/18 19:28:06 >> info : Process set [index] ... OK
2024/12/18 19:28:06 >> info : Process Name [indexProcess] ... OK
2024/12/18 19:28:06 >> info : Include File [/home/m-ela/projects/simplan/public_app/mod/user/index/process/indexProcess.php]... OK
2024/12/18 19:28:06 >> info : Class Exists [indexProcess] ... OK
2024/12/18 19:28:06 >> debug : DB Connect ... OK
2024/12/18 19:28:06 >> debug : Entering precute ...
2024/12/18 19:28:06 >> debug : Temp dir is [/home/m-ela/projects/simplan/public_html/admin/img/img_temp/]
2024/12/18 19:28:06 >> debug : File dir is [/home/m-ela/projects/simplan/public_html/admin/img/profile_photo/]
2024/12/18 19:28:06 >> debug : Entering execute ...
2024/12/18 19:28:06 >> debug : indexProcess Entering executeLogin ...
2024/12/18 19:28:06 >> debug : Entering executeLogin ...
2024/12/18 19:28:06 >> info : SimplanAbstractProcess::execCommand -> AbstractCommand::executeProcess > [ m_user/login.sql ]
2024/12/18 19:28:06 >> debug : WideDB_SimplanInterface::QueryExecute >>SELECT user.f_user_id ,user.f_name ,user.f_surname_kana ,user.f_mailaddress ,user.f_login_id ,user.f_password ,user.f_del_flg ,user.f_reg_account ,user.f_reg_time ,user.f_upd_account ,user.f_upd_time FROM m_user user WHERE user.f_login_id = 'mela15' AND user.f_password = 'mela15' AND user.f_del_flg = '0'
2024/12/18 19:28:06 >> info : execQuery TIME : 0.00013 second
2024/12/18 19:30:37 >> info : * ------------------------------------------------------------ *
2024/12/18 19:30:37 >> info : * Simplan Framework - PHP Web Application Framework
2024/12/18 19:30:37 >> info : * 
2024/12/18 19:30:37 >> info : * Version : 1.1.0
2024/12/18 19:30:37 >> info : * Copyright(c) 2003-2024 THREET CO.,LTD. All Rights Reserved.
2024/12/18 19:30:37 >> info : * http://www.threet.co.jp
2024/12/18 19:30:37 >> info : * ------------------------------------------------------------ *
2024/12/18 19:30:37 >> debug : HTTP_REFERER > 
2024/12/18 19:30:37 >> debug : SCRIPT_URI > 
2024/12/18 19:30:37 >> debug : REQUEST_URI > /~m-ela/simplan/
2024/12/18 19:30:37 >> debug : HTTPS > on
2024/12/18 19:30:37 >> debug : HTTPS MODE > on
2024/12/18 19:30:37 >> debug : DEF_COMMAND > cmd
2024/12/18 19:30:37 >> debug : DEF_PROCESS > prc
2024/12/18 19:30:37 >> debug : SESSION start ... OK
2024/12/18 19:30:37 >> info : Process set [index] ... OK
2024/12/18 19:30:37 >> info : Process Name [indexProcess] ... OK
2024/12/18 19:30:37 >> info : Include File [/home/m-ela/projects/simplan/public_app/mod/user/index/process/indexProcess.php]... OK
2024/12/18 19:30:37 >> info : Class Exists [indexProcess] ... OK
2024/12/18 19:30:37 >> debug : DB Connect ... OK
2024/12/18 19:30:37 >> debug : Entering precute ...
2024/12/18 19:30:37 >> debug : Temp dir is [/home/m-ela/projects/simplan/public_html/admin/img/img_temp/]
2024/12/18 19:30:37 >> debug : File dir is [/home/m-ela/projects/simplan/public_html/admin/img/profile_photo/]
2024/12/18 19:30:37 >> debug : Entering execute ...
2024/12/18 19:30:37 >> debug : indexProcess Entering executeDefault ...
2024/12/18 19:30:37 >> debug : Entering execDefualt ...
2024/12/18 19:30:37 >> info : SimplanAbstractProcess::execCommand -> AbstractCommand::executeProcess > [ m_user/is_login.sql ]
2024/12/18 19:30:37 >> debug : WideDB_SimplanInterface::QueryExecute >>SELECT user.f_user_id ,user.f_name ,user.f_surname_kana ,user.f_mailaddress ,user.f_login_id ,user.f_password ,user.f_del_flg ,user.f_reg_account ,user.f_reg_time ,user.f_upd_account ,user.f_upd_time FROM m_user user WHERE user.f_user_id = '4'
2024/12/18 19:30:37 >> info : execQuery TIME : 0.00013 second
2024/12/18 19:30:37 >> info : Session connection is OK ...
2024/12/18 19:30:37 >> info : SimplanAbstractProcess::execCommand -> AbstractCommand::executeProcess > [ m_addemployee/select_one.sql ]
2024/12/18 19:30:37 >> debug : WideDB_SimplanInterface::QueryExecute >>SELECT addemployee.f_employee_id ,addemployee.f_emp_id ,addemployee.f_name ,addemployee.f_aadhar_number ,addemployee.f_pan_number ,addemployee.f_passport ,date_format(addemployee.f_issue_date, '%Y/%m/%d') as f_issue_date ,date_format(addemployee.f_expiry_date, '%Y/%m/%d') as f_expiry_date ,addemployee.f_gender ,date_format(addemployee.f_date_of_birth, '%Y/%m/%d') as f_date_of_birth ,addemployee.f_age ,addemployee.f_blood_group ,addemployee.f_status ,addemployee.f_address1 ,addemployee.f_address2 ,addemployee.f_city ,addemployee.f_state ,addemployee.f_pincode ,addemployee.f_country ,addemployee.f_mobile_number ,addemployee.f_office_telephone_number ,addemployee.f_office_email ,addemployee.f_personal_mail ,addemployee.f_relation_name ,addemployee.f_relationship ,addemployee.f_occupation ,addemployee.f_address ,addemployee.f_phone_number ,addemployee.f_emp_status ,addemployee.f_category ,addemployee.f_job_title ,addemployee.f_join_date ,addemployee.f_relive_date ,addemployee.f_location ,addemployee.f_experience ,addemployee.f_education_ug ,addemployee.f_degree_ug ,addemployee.f_university_ug ,addemployee.f_education_pg ,addemployee.f_degree_pg ,addemployee.f_university_pg ,addemployee.f_additional_skill ,addemployee.f_language ,addemployee.f_others ,addemployee.f_jlpt ,addemployee.f_bank_name ,addemployee.f_bank_branch ,addemployee.f_acc_no ,addemployee.f_ifsc_code ,addemployee.f_description ,addemployee.f_image ,addemployee.f_del_flg ,addemployee.f_reg_account ,addemployee.f_reg_time ,addemployee.f_upd_account ,addemployee.f_upd_time FROM m_addemployee addemployee WHERE addemployee.f_del_flg = '0'
2024/12/18 19:30:37 >> info : execQuery TIME : 0.00017 second
2024/12/18 19:30:37 >> debug : Entering postcute ...
2024/12/18 19:30:37 >> debug : DB Connect Close ... OK
2024/12/18 19:30:39 >> info : * ------------------------------------------------------------ *
2024/12/18 19:30:39 >> info : * Simplan Framework - PHP Web Application Framework
2024/12/18 19:30:39 >> info : * 
2024/12/18 19:30:39 >> info : * Version : 1.1.0
2024/12/18 19:30:39 >> info : * Copyright(c) 2003-2024 THREET CO.,LTD. All Rights Reserved.
2024/12/18 19:30:39 >> info : * http://www.threet.co.jp
2024/12/18 19:30:39 >> info : * ------------------------------------------------------------ *
2024/12/18 19:30:39 >> debug : HTTP_REFERER > https://roz.threet.co.jp/~m-ela/simplan/
2024/12/18 19:30:39 >> debug : SCRIPT_URI > 
2024/12/18 19:30:39 >> debug : REQUEST_URI > /~m-ela/simplan/index.php?cmd=logout
2024/12/18 19:30:39 >> debug : HTTPS > on
2024/12/18 19:30:39 >> debug : HTTPS MODE > on
2024/12/18 19:30:39 >> debug : DEF_COMMAND > cmd
2024/12/18 19:30:39 >> debug : DEF_PROCESS > prc
2024/12/18 19:30:39 >> debug : GET DATA > [cmd] : <logout>
2024/12/18 19:30:39 >> debug : SESSION start ... OK
2024/12/18 19:30:39 >> info : Process set [index] ... OK
2024/12/18 19:30:39 >> info : Process Name [indexProcess] ... OK
2024/12/18 19:30:39 >> info : Include File [/home/m-ela/projects/simplan/public_app/mod/user/index/process/indexProcess.php]... OK
2024/12/18 19:30:39 >> info : Class Exists [indexProcess] ... OK
2024/12/18 19:30:39 >> debug : DB Connect ... OK
2024/12/18 19:30:39 >> debug : Entering precute ...
2024/12/18 19:30:39 >> debug : Temp dir is [/home/m-ela/projects/simplan/public_html/admin/img/img_temp/]
2024/12/18 19:30:39 >> debug : File dir is [/home/m-ela/projects/simplan/public_html/admin/img/profile_photo/]
2024/12/18 19:30:39 >> debug : Entering execute ...
2024/12/18 19:30:39 >> debug : indexProcess Entering executeLogout ...
2024/12/18 19:30:39 >> debug : Entering executeLogout ...
2024/12/18 19:30:39 >> debug : Entering postcute ...
2024/12/18 19:30:39 >> debug : DB Connect Close ... OK
2024/12/18 19:30:41 >> info : * ------------------------------------------------------------ *
2024/12/18 19:30:41 >> info : * Simplan Framework - PHP Web Application Framework
2024/12/18 19:30:41 >> info : * 
2024/12/18 19:30:41 >> info : * Version : 1.1.0
2024/12/18 19:30:41 >> info : * Copyright(c) 2003-2024 THREET CO.,LTD. All Rights Reserved.
2024/12/18 19:30:41 >> info : * http://www.threet.co.jp
2024/12/18 19:30:41 >> info : * ------------------------------------------------------------ *
2024/12/18 19:30:41 >> debug : HTTP_REFERER > https://roz.threet.co.jp/~m-ela/simplan/index.php?cmd=logout
2024/12/18 19:30:41 >> debug : SCRIPT_URI > 
2024/12/18 19:30:41 >> debug : REQUEST_URI > /~m-ela/simplan/index.php
2024/12/18 19:30:41 >> debug : HTTPS > on
2024/12/18 19:30:41 >> debug : HTTPS MODE > on
2024/12/18 19:30:41 >> debug : DEF_COMMAND > cmd
2024/12/18 19:30:41 >> debug : DEF_PROCESS > prc
2024/12/18 19:30:41 >> debug : POST DATA > [prc] : <index>
2024/12/18 19:30:41 >> debug : POST DATA > [cmd] : <login>
2024/12/18 19:30:41 >> debug : POST DATA > [f_login_id] : <root>
2024/12/18 19:30:41 >> debug : POST DATA > [f_password] : <admin63>
2024/12/18 19:30:41 >> debug : SESSION start ... OK
2024/12/18 19:30:41 >> info : Process set [index] ... OK
2024/12/18 19:30:41 >> info : Process Name [indexProcess] ... OK
2024/12/18 19:30:41 >> info : Include File [/home/m-ela/projects/simplan/public_app/mod/user/index/process/indexProcess.php]... OK
2024/12/18 19:30:41 >> info : Class Exists [indexProcess] ... OK
2024/12/18 19:30:41 >> debug : DB Connect ... OK
2024/12/18 19:30:41 >> debug : Entering precute ...
2024/12/18 19:30:41 >> debug : Temp dir is [/home/m-ela/projects/simplan/public_html/admin/img/img_temp/]
2024/12/18 19:30:41 >> debug : File dir is [/home/m-ela/projects/simplan/public_html/admin/img/profile_photo/]
2024/12/18 19:30:41 >> debug : Entering execute ...
2024/12/18 19:30:41 >> debug : indexProcess Entering executeLogin ...
2024/12/18 19:30:41 >> debug : Entering executeLogin ...
2024/12/18 19:30:41 >> info : SimplanAbstractProcess::execCommand -> AbstractCommand::executeProcess > [ m_user/login.sql ]
2024/12/18 19:30:41 >> debug : WideDB_SimplanInterface::QueryExecute >>SELECT user.f_user_id ,user.f_name ,user.f_surname_kana ,user.f_mailaddress ,user.f_login_id ,user.f_password ,user.f_del_flg ,user.f_reg_account ,user.f_reg_time ,user.f_upd_account ,user.f_upd_time FROM m_user user WHERE user.f_login_id = 'root' AND user.f_password = 'admin63' AND user.f_del_flg = '0'
2024/12/18 19:30:41 >> info : execQuery TIME : 0.00012 second
2024/12/18 19:30:41 >> debug : indexProcessError executeLogin ... NG
2024/12/18 19:30:41 >> debug : Entering postcute ...
2024/12/18 19:30:41 >> debug : DB Connect Close ... OK
2024/12/18 19:30:45 >> info : * ------------------------------------------------------------ *
2024/12/18 19:30:45 >> info : * Simplan Framework - PHP Web Application Framework
2024/12/18 19:30:45 >> info : * 
2024/12/18 19:30:45 >> info : * Version : 1.1.0
2024/12/18 19:30:45 >> info : * Copyright(c) 2003-2024 THREET CO.,LTD. All Rights Reserved.
2024/12/18 19:30:45 >> info : * http://www.threet.co.jp
2024/12/18 19:30:45 >> info : * ------------------------------------------------------------ *
2024/12/18 19:30:45 >> debug : HTTP_REFERER > https://roz.threet.co.jp/~m-ela/simplan/index.php
2024/12/18 19:30:45 >> debug : SCRIPT_URI > 
2024/12/18 19:30:45 >> debug : REQUEST_URI > /~m-ela/simplan/index.php
2024/12/18 19:30:45 >> debug : HTTPS > on
2024/12/18 19:30:45 >> debug : HTTPS MODE > on
2024/12/18 19:30:45 >> debug : DEF_COMMAND > cmd
2024/12/18 19:30:45 >> debug : DEF_PROCESS > prc
2024/12/18 19:30:45 >> debug : POST DATA > [prc] : <index>
2024/12/18 19:30:45 >> debug : POST DATA > [cmd] : <login>
2024/12/18 19:30:45 >> debug : POST DATA > [f_login_id] : <mela15>
2024/12/18 19:30:45 >> debug : POST DATA > [f_password] : <mela15>
2024/12/18 19:30:45 >> debug : SESSION start ... OK
2024/12/18 19:30:45 >> info : Process set [index] ... OK
2024/12/18 19:30:45 >> info : Process Name [indexProcess] ... OK
2024/12/18 19:30:45 >> info : Include File [/home/m-ela/projects/simplan/public_app/mod/user/index/process/indexProcess.php]... OK
2024/12/18 19:30:45 >> info : Class Exists [indexProcess] ... OK
2024/12/18 19:30:45 >> debug : DB Connect ... OK
2024/12/18 19:30:45 >> debug : Entering precute ...
2024/12/18 19:30:45 >> debug : Temp dir is [/home/m-ela/projects/simplan/public_html/admin/img/img_temp/]
2024/12/18 19:30:45 >> debug : File dir is [/home/m-ela/projects/simplan/public_html/admin/img/profile_photo/]
2024/12/18 19:30:45 >> debug : Entering execute ...
2024/12/18 19:30:45 >> debug : indexProcess Entering executeLogin ...
2024/12/18 19:30:45 >> debug : Entering executeLogin ...
2024/12/18 19:30:45 >> info : SimplanAbstractProcess::execCommand -> AbstractCommand::executeProcess > [ m_user/login.sql ]
2024/12/18 19:30:45 >> debug : WideDB_SimplanInterface::QueryExecute >>SELECT user.f_user_id ,user.f_name ,user.f_surname_kana ,user.f_mailaddress ,user.f_login_id ,user.f_password ,user.f_del_flg ,user.f_reg_account ,user.f_reg_time ,user.f_upd_account ,user.f_upd_time FROM m_user user WHERE user.f_login_id = 'mela15' AND user.f_password = 'mela15' AND user.f_del_flg = '0'
2024/12/18 19:30:45 >> info : execQuery TIME : 0.00015 second
2024/12/18 19:30:45 >> info : SimplanAbstractProcess::execCommand -> AbstractCommand::executeProcess > [ m_addemployee/select_one.sql ]
2024/12/18 19:30:45 >> debug : WideDB_SimplanInterface::QueryExecute >>SELECT addemployee.f_employee_id ,addemployee.f_emp_id ,addemployee.f_name ,addemployee.f_aadhar_number ,addemployee.f_pan_number ,addemployee.f_passport ,date_format(addemployee.f_issue_date, '%Y/%m/%d') as f_issue_date ,date_format(addemployee.f_expiry_date, '%Y/%m/%d') as f_expiry_date ,addemployee.f_gender ,date_format(addemployee.f_date_of_birth, '%Y/%m/%d') as f_date_of_birth ,addemployee.f_age ,addemployee.f_blood_group ,addemployee.f_status ,addemployee.f_address1 ,addemployee.f_address2 ,addemployee.f_city ,addemployee.f_state ,addemployee.f_pincode ,addemployee.f_country ,addemployee.f_mobile_number ,addemployee.f_office_telephone_number ,addemployee.f_office_email ,addemployee.f_personal_mail ,addemployee.f_relation_name ,addemployee.f_relationship ,addemployee.f_occupation ,addemployee.f_address ,addemployee.f_phone_number ,addemployee.f_emp_status ,addemployee.f_category ,addemployee.f_job_title ,addemployee.f_join_date ,addemployee.f_relive_date ,addemployee.f_location ,addemployee.f_experience ,addemployee.f_education_ug ,addemployee.f_degree_ug ,addemployee.f_university_ug ,addemployee.f_education_pg ,addemployee.f_degree_pg ,addemployee.f_university_pg ,addemployee.f_additional_skill ,addemployee.f_language ,addemployee.f_others ,addemployee.f_jlpt ,addemployee.f_bank_name ,addemployee.f_bank_branch ,addemployee.f_acc_no ,addemployee.f_ifsc_code ,addemployee.f_description ,addemployee.f_image ,addemployee.f_del_flg ,addemployee.f_reg_account ,addemployee.f_reg_time ,addemployee.f_upd_account ,addemployee.f_upd_time FROM m_addemployee addemployee WHERE addemployee.f_del_flg = '0'
2024/12/18 19:30:45 >> info : execQuery TIME : 0.00020 second
2024/12/18 19:30:45 >> debug : DB Start Transaction ... OK
2024/12/18 19:30:45 >> debug : WideDB_SimplanInterface::QueryExecute >>INSERT INTO t_history ( f_user_id, f_datetime, f_del_flg, f_reg_account, f_reg_time, f_upd_account, f_upd_time ) VALUES ( '4', '20241218193045', '0', '4', '20241218193045', '4', '20241218193045' ) 
2024/12/18 19:30:45 >> info : execQuery TIME : 0.00190 second
2024/12/18 19:30:45 >> debug : Insert t_history ... OK
2024/12/18 19:30:45 >> debug : DB Commit ... OK
2024/12/18 19:30:45 >> debug : Entering postcute ...
2024/12/18 19:30:45 >> debug : DB Connect Close ... OK
2024/12/18 19:31:27 >> info : * ------------------------------------------------------------ *
2024/12/18 19:31:27 >> info : * Simplan Framework - PHP Web Application Framework
2024/12/18 19:31:27 >> info : * 
2024/12/18 19:31:27 >> info : * Version : 1.1.0
2024/12/18 19:31:27 >> info : * Copyright(c) 2003-2024 THREET CO.,LTD. All Rights Reserved.
2024/12/18 19:31:27 >> info : * http://www.threet.co.jp
2024/12/18 19:31:27 >> info : * ------------------------------------------------------------ *
2024/12/18 19:31:27 >> debug : HTTP_REFERER > https://roz.threet.co.jp/~m-ela/simplan/index.php
2024/12/18 19:31:27 >> debug : SCRIPT_URI > 
2024/12/18 19:31:27 >> debug : REQUEST_URI > /~m-ela/simplan/index.php
2024/12/18 19:31:27 >> debug : HTTPS > on
2024/12/18 19:31:27 >> debug : HTTPS MODE > on
2024/12/18 19:31:27 >> debug : DEF_COMMAND > cmd
2024/12/18 19:31:27 >> debug : DEF_PROCESS > prc
2024/12/18 19:31:27 >> debug : POST DATA > [prc] : <index>
2024/12/18 19:31:27 >> debug : POST DATA > [cmd] : <login>
2024/12/18 19:31:27 >> debug : POST DATA > [f_login_id] : <mela15>
2024/12/18 19:31:27 >> debug : POST DATA > [f_password] : <mela15>
2024/12/18 19:31:27 >> debug : SESSION start ... OK
2024/12/18 19:31:27 >> info : Process set [index] ... OK
2024/12/18 19:31:27 >> info : Process Name [indexProcess] ... OK
2024/12/18 19:31:27 >> info : Include File [/home/m-ela/projects/simplan/public_app/mod/user/index/process/indexProcess.php]... OK
2024/12/18 19:31:27 >> info : Class Exists [indexProcess] ... OK
2024/12/18 19:31:27 >> debug : DB Connect ... OK
2024/12/18 19:31:27 >> debug : Entering precute ...
2024/12/18 19:31:27 >> debug : Temp dir is [/home/m-ela/projects/simplan/public_html/admin/img/img_temp/]
2024/12/18 19:31:27 >> debug : File dir is [/home/m-ela/projects/simplan/public_html/admin/img/profile_photo/]
2024/12/18 19:31:27 >> debug : Entering execute ...
2024/12/18 19:31:27 >> debug : indexProcess Entering executeLogin ...
2024/12/18 19:31:27 >> debug : Entering executeLogin ...
2024/12/18 19:31:27 >> info : SimplanAbstractProcess::execCommand -> AbstractCommand::executeProcess > [ m_user/login.sql ]
2024/12/18 19:31:27 >> debug : WideDB_SimplanInterface::QueryExecute >>SELECT user.f_user_id ,user.f_name ,user.f_surname_kana ,user.f_mailaddress ,user.f_login_id ,user.f_password ,user.f_del_flg ,user.f_reg_account ,user.f_reg_time ,user.f_upd_account ,user.f_upd_time FROM m_user user WHERE user.f_login_id = 'mela15' AND user.f_password = 'mela15' AND user.f_del_flg = '0'
2024/12/18 19:31:27 >> info : execQuery TIME : 0.00015 second
2024/12/18 19:31:27 >> info : SimplanAbstractProcess::execCommand -> AbstractCommand::executeProcess > [ m_addemployee/select_one.sql ]
2024/12/18 19:31:27 >> debug : WideDB_SimplanInterface::QueryExecute >>SELECT addemployee.f_employee_id ,addemployee.f_emp_id ,addemployee.f_name ,addemployee.f_aadhar_number ,addemployee.f_pan_number ,addemployee.f_passport ,date_format(addemployee.f_issue_date, '%Y/%m/%d') as f_issue_date ,date_format(addemployee.f_expiry_date, '%Y/%m/%d') as f_expiry_date ,addemployee.f_gender ,date_format(addemployee.f_date_of_birth, '%Y/%m/%d') as f_date_of_birth ,addemployee.f_age ,addemployee.f_blood_group ,addemployee.f_status ,addemployee.f_address1 ,addemployee.f_address2 ,addemployee.f_city ,addemployee.f_state ,addemployee.f_pincode ,addemployee.f_country ,addemployee.f_mobile_number ,addemployee.f_office_telephone_number ,addemployee.f_office_email ,addemployee.f_personal_mail ,addemployee.f_relation_name ,addemployee.f_relationship ,addemployee.f_occupation ,addemployee.f_address ,addemployee.f_phone_number ,addemployee.f_emp_status ,addemployee.f_category ,addemployee.f_job_title ,addemployee.f_join_date ,addemployee.f_relive_date ,addemployee.f_location ,addemployee.f_experience ,addemployee.f_education_ug ,addemployee.f_degree_ug ,addemployee.f_university_ug ,addemployee.f_education_pg ,addemployee.f_degree_pg ,addemployee.f_university_pg ,addemployee.f_additional_skill ,addemployee.f_language ,addemployee.f_others ,addemployee.f_jlpt ,addemployee.f_bank_name ,addemployee.f_bank_branch ,addemployee.f_acc_no ,addemployee.f_ifsc_code ,addemployee.f_description ,addemployee.f_image ,addemployee.f_del_flg ,addemployee.f_reg_account ,addemployee.f_reg_time ,addemployee.f_upd_account ,addemployee.f_upd_time FROM m_addemployee addemployee WHERE addemployee.f_del_flg = '0'
2024/12/18 19:31:27 >> info : execQuery TIME : 0.00021 second
2024/12/18 19:31:27 >> debug : DB Start Transaction ... OK
2024/12/18 19:31:27 >> debug : WideDB_SimplanInterface::QueryExecute >>INSERT INTO t_history ( f_user_id, f_datetime, f_del_flg, f_reg_account, f_reg_time, f_upd_account, f_upd_time ) VALUES ( '4', '20241218193127', '0', '4', '20241218193127', '4', '20241218193127' ) 
2024/12/18 19:31:27 >> info : execQuery TIME : 0.00024 second
2024/12/18 19:31:27 >> debug : Insert t_history ... OK
2024/12/18 19:31:27 >> debug : DB Commit ... OK
2024/12/18 19:31:27 >> debug : Entering postcute ...
2024/12/18 19:31:27 >> debug : DB Connect Close ... OK
2024/12/18 19:31:30 >> info : * ------------------------------------------------------------ *
2024/12/18 19:31:30 >> info : * Simplan Framework - PHP Web Application Framework
2024/12/18 19:31:30 >> info : * 
2024/12/18 19:31:30 >> info : * Version : 1.1.0
2024/12/18 19:31:30 >> info : * Copyright(c) 2003-2024 THREET CO.,LTD. All Rights Reserved.
2024/12/18 19:31:30 >> info : * http://www.threet.co.jp
2024/12/18 19:31:30 >> info : * ------------------------------------------------------------ *
2024/12/18 19:31:30 >> debug : HTTP_REFERER > https://roz.threet.co.jp/~m-ela/simplan/index.php
2024/12/18 19:31:30 >> debug : SCRIPT_URI > 
2024/12/18 19:31:30 >> debug : REQUEST_URI > /~m-ela/simplan/index.php?cmd=logout
2024/12/18 19:31:30 >> debug : HTTPS > on
2024/12/18 19:31:30 >> debug : HTTPS MODE > on
2024/12/18 19:31:30 >> debug : DEF_COMMAND > cmd
2024/12/18 19:31:30 >> debug : DEF_PROCESS > prc
2024/12/18 19:31:30 >> debug : GET DATA > [cmd] : <logout>
2024/12/18 19:31:30 >> debug : SESSION start ... OK
2024/12/18 19:31:30 >> info : Process set [index] ... OK
2024/12/18 19:31:30 >> info : Process Name [indexProcess] ... OK
2024/12/18 19:31:30 >> info : Include File [/home/m-ela/projects/simplan/public_app/mod/user/index/process/indexProcess.php]... OK
2024/12/18 19:31:30 >> info : Class Exists [indexProcess] ... OK
2024/12/18 19:31:30 >> debug : DB Connect ... OK
2024/12/18 19:31:30 >> debug : Entering precute ...
2024/12/18 19:31:30 >> debug : Temp dir is [/home/m-ela/projects/simplan/public_html/admin/img/img_temp/]
2024/12/18 19:31:30 >> debug : File dir is [/home/m-ela/projects/simplan/public_html/admin/img/profile_photo/]
2024/12/18 19:31:30 >> debug : Entering execute ...
2024/12/18 19:31:30 >> debug : indexProcess Entering executeLogout ...
2024/12/18 19:31:30 >> debug : Entering executeLogout ...
2024/12/18 19:31:30 >> debug : Entering postcute ...
2024/12/18 19:31:30 >> debug : DB Connect Close ... OK
2024/12/18 19:31:31 >> info : * ------------------------------------------------------------ *
2024/12/18 19:31:31 >> info : * Simplan Framework - PHP Web Application Framework
2024/12/18 19:31:31 >> info : * 
2024/12/18 19:31:31 >> info : * Version : 1.1.0
2024/12/18 19:31:31 >> info : * Copyright(c) 2003-2024 THREET CO.,LTD. All Rights Reserved.
2024/12/18 19:31:31 >> info : * http://www.threet.co.jp
2024/12/18 19:31:31 >> info : * ------------------------------------------------------------ *
2024/12/18 19:31:31 >> debug : HTTP_REFERER > https://roz.threet.co.jp/~m-ela/simplan/index.php?cmd=logout
2024/12/18 19:31:31 >> debug : SCRIPT_URI > 
2024/12/18 19:31:31 >> debug : REQUEST_URI > /~m-ela/simplan/index.php
2024/12/18 19:31:31 >> debug : HTTPS > on
2024/12/18 19:31:31 >> debug : HTTPS MODE > on
2024/12/18 19:31:31 >> debug : DEF_COMMAND > cmd
2024/12/18 19:31:31 >> debug : DEF_PROCESS > prc
2024/12/18 19:31:31 >> debug : POST DATA > [prc] : <index>
2024/12/18 19:31:31 >> debug : POST DATA > [cmd] : <login>
2024/12/18 19:31:31 >> debug : POST DATA > [f_login_id] : <mela15>
2024/12/18 19:31:31 >> debug : POST DATA > [f_password] : <mela15>
2024/12/18 19:31:31 >> debug : SESSION start ... OK
2024/12/18 19:31:31 >> info : Process set [index] ... OK
2024/12/18 19:31:31 >> info : Process Name [indexProcess] ... OK
2024/12/18 19:31:31 >> info : Include File [/home/m-ela/projects/simplan/public_app/mod/user/index/process/indexProcess.php]... OK
2024/12/18 19:31:31 >> info : Class Exists [indexProcess] ... OK
2024/12/18 19:31:31 >> debug : DB Connect ... OK
2024/12/18 19:31:31 >> debug : Entering precute ...
2024/12/18 19:31:31 >> debug : Temp dir is [/home/m-ela/projects/simplan/public_html/admin/img/img_temp/]
2024/12/18 19:31:31 >> debug : File dir is [/home/m-ela/projects/simplan/public_html/admin/img/profile_photo/]
2024/12/18 19:31:31 >> debug : Entering execute ...
2024/12/18 19:31:31 >> debug : indexProcess Entering executeLogin ...
2024/12/18 19:31:31 >> debug : Entering executeLogin ...
2024/12/18 19:31:31 >> info : SimplanAbstractProcess::execCommand -> AbstractCommand::executeProcess > [ m_user/login.sql ]
2024/12/18 19:31:31 >> debug : WideDB_SimplanInterface::QueryExecute >>SELECT user.f_user_id ,user.f_name ,user.f_surname_kana ,user.f_mailaddress ,user.f_login_id ,user.f_password ,user.f_del_flg ,user.f_reg_account ,user.f_reg_time ,user.f_upd_account ,user.f_upd_time FROM m_user user WHERE user.f_login_id = 'mela15' AND user.f_password = 'mela15' AND user.f_del_flg = '0'
2024/12/18 19:31:31 >> info : execQuery TIME : 0.00013 second
2024/12/18 19:31:31 >> info : SimplanAbstractProcess::execCommand -> AbstractCommand::executeProcess > [ m_addemployee/select_one.sql ]
2024/12/18 19:31:31 >> debug : WideDB_SimplanInterface::QueryExecute >>SELECT addemployee.f_employee_id ,addemployee.f_emp_id ,addemployee.f_name ,addemployee.f_aadhar_number ,addemployee.f_pan_number ,addemployee.f_passport ,date_format(addemployee.f_issue_date, '%Y/%m/%d') as f_issue_date ,date_format(addemployee.f_expiry_date, '%Y/%m/%d') as f_expiry_date ,addemployee.f_gender ,date_format(addemployee.f_date_of_birth, '%Y/%m/%d') as f_date_of_birth ,addemployee.f_age ,addemployee.f_blood_group ,addemployee.f_status ,addemployee.f_address1 ,addemployee.f_address2 ,addemployee.f_city ,addemployee.f_state ,addemployee.f_pincode ,addemployee.f_country ,addemployee.f_mobile_number ,addemployee.f_office_telephone_number ,addemployee.f_office_email ,addemployee.f_personal_mail ,addemployee.f_relation_name ,addemployee.f_relationship ,addemployee.f_occupation ,addemployee.f_address ,addemployee.f_phone_number ,addemployee.f_emp_status ,addemployee.f_category ,addemployee.f_job_title ,addemployee.f_join_date ,addemployee.f_relive_date ,addemployee.f_location ,addemployee.f_experience ,addemployee.f_education_ug ,addemployee.f_degree_ug ,addemployee.f_university_ug ,addemployee.f_education_pg ,addemployee.f_degree_pg ,addemployee.f_university_pg ,addemployee.f_additional_skill ,addemployee.f_language ,addemployee.f_others ,addemployee.f_jlpt ,addemployee.f_bank_name ,addemployee.f_bank_branch ,addemployee.f_acc_no ,addemployee.f_ifsc_code ,addemployee.f_description ,addemployee.f_image ,addemployee.f_del_flg ,addemployee.f_reg_account ,addemployee.f_reg_time ,addemployee.f_upd_account ,addemployee.f_upd_time FROM m_addemployee addemployee WHERE addemployee.f_del_flg = '0'
2024/12/18 19:31:31 >> info : execQuery TIME : 0.00017 second
2024/12/18 19:31:31 >> debug : DB Start Transaction ... OK
2024/12/18 19:31:31 >> debug : WideDB_SimplanInterface::QueryExecute >>INSERT INTO t_history ( f_user_id, f_datetime, f_del_flg, f_reg_account, f_reg_time, f_upd_account, f_upd_time ) VALUES ( '4', '20241218193131', '0', '4', '20241218193131', '4', '20241218193131' ) 
2024/12/18 19:31:31 >> info : execQuery TIME : 0.00023 second
2024/12/18 19:31:31 >> debug : Insert t_history ... OK
2024/12/18 19:31:31 >> debug : DB Commit ... OK
2024/12/18 19:31:31 >> debug : Entering postcute ...
2024/12/18 19:31:31 >> debug : DB Connect Close ... OK
2024/12/18 19:31:40 >> info : * ------------------------------------------------------------ *
2024/12/18 19:31:40 >> info : * Simplan Framework - PHP Web Application Framework
2024/12/18 19:31:40 >> info : * 
2024/12/18 19:31:40 >> info : * Version : 1.1.0
2024/12/18 19:31:40 >> info : * Copyright(c) 2003-2024 THREET CO.,LTD. All Rights Reserved.
2024/12/18 19:31:40 >> info : * http://www.threet.co.jp
2024/12/18 19:31:40 >> info : * ------------------------------------------------------------ *
2024/12/18 19:31:40 >> debug : HTTP_REFERER > https://roz.threet.co.jp/~m-ela/simplan/index.php
2024/12/18 19:31:40 >> debug : SCRIPT_URI > 
2024/12/18 19:31:40 >> debug : REQUEST_URI > /~m-ela/simplan/attendance.php
2024/12/18 19:31:40 >> debug : HTTPS > on
2024/12/18 19:31:40 >> debug : HTTPS MODE > on
2024/12/18 19:31:40 >> debug : DEF_COMMAND > cmd
2024/12/18 19:31:40 >> debug : DEF_PROCESS > prc
2024/12/18 19:31:40 >> debug : SESSION start ... OK
2024/12/18 19:31:40 >> info : Process set [index] ... OK
2024/12/18 19:31:40 >> info : Process Name [newProcess] ... OK
2024/12/18 19:31:40 >> info : Include File [/home/m-ela/projects/simplan/public_app/mod/user/attendance/process/newProcess.php]... OK
2024/12/18 19:31:40 >> info : Class Exists [newProcess] ... OK
2024/12/18 19:31:40 >> debug : DB Connect ... OK
2024/12/18 19:31:40 >> debug : Entering precute ...
2024/12/18 19:31:40 >> info : SimplanAbstractProcess::execCommand -> AbstractCommand::executeProcess > [ m_user/is_login.sql ]
2024/12/18 19:31:40 >> debug : WideDB_SimplanInterface::QueryExecute >>SELECT user.f_user_id ,user.f_name ,user.f_surname_kana ,user.f_mailaddress ,user.f_login_id ,user.f_password ,user.f_del_flg ,user.f_reg_account ,user.f_reg_time ,user.f_upd_account ,user.f_upd_time FROM m_user user WHERE user.f_user_id = '4'
2024/12/18 19:31:40 >> info : execQuery TIME : 0.00013 second
2024/12/18 19:31:40 >> info : Session connection is OK ...
2024/12/18 16:01:40 >> debug : Entering execute ...
2024/12/18 16:01:40 >> debug : newProcess Entering executeDefault ...
2024/12/18 16:01:40 >> info : SimplanAbstractProcess::execCommand -> AbstractCommand::executeProcess > [ t_user_attendance/select_user_count.sql ]
2024/12/18 16:01:40 >> debug : WideDB_SimplanInterface::QueryExecute >>SELECT count(attendance.f_emp_id) as count FROM t_user_attendance attendance WHERE attendance.f_del_flg = '0' AND attendance.f_emp_id = 'mela15' AND attendance.f_date = '2024-12-18'
2024/12/18 16:01:40 >> info : execQuery TIME : 0.00009 second
2024/12/18 16:01:40 >> debug : Entering postcute ...
2024/12/18 16:01:40 >> debug : DB Connect Close ... OK
2024/12/18 19:31:47 >> info : * ------------------------------------------------------------ *
2024/12/18 19:31:47 >> info : * Simplan Framework - PHP Web Application Framework
2024/12/18 19:31:47 >> info : * 
2024/12/18 19:31:47 >> info : * Version : 1.1.0
2024/12/18 19:31:47 >> info : * Copyright(c) 2003-2024 THREET CO.,LTD. All Rights Reserved.
2024/12/18 19:31:47 >> info : * http://www.threet.co.jp
2024/12/18 19:31:47 >> info : * ------------------------------------------------------------ *
2024/12/18 19:31:47 >> debug : HTTP_REFERER > https://roz.threet.co.jp/~m-ela/simplan/attendance.php
2024/12/18 19:31:47 >> debug : SCRIPT_URI > 
2024/12/18 19:31:47 >> debug : REQUEST_URI > /~m-ela/simplan/index.php
2024/12/18 19:31:47 >> debug : HTTPS > on
2024/12/18 19:31:47 >> debug : HTTPS MODE > on
2024/12/18 19:31:47 >> debug : DEF_COMMAND > cmd
2024/12/18 19:31:47 >> debug : DEF_PROCESS > prc
2024/12/18 19:31:47 >> debug : POST DATA > [prc] : <index>
2024/12/18 19:31:47 >> debug : POST DATA > [cmd] : <detail>
2024/12/18 19:31:47 >> debug : POST DATA > [sid] : <>
2024/12/18 19:31:47 >> debug : POST DATA > [pno] : <>
2024/12/18 19:31:47 >> debug : POST DATA > [f_leave_reason] : <>
2024/12/18 19:31:47 >> debug : POST DATA > [onetime_ticket] : <3e5ce9f9619ed811fdb2d7a79fb888ad>
2024/12/18 19:31:47 >> debug : SESSION start ... OK
2024/12/18 19:31:47 >> info : Process set [index] ... OK
2024/12/18 19:31:47 >> info : Process Name [indexProcess] ... OK
2024/12/18 19:31:47 >> info : Include File [/home/m-ela/projects/simplan/public_app/mod/user/index/process/indexProcess.php]... OK
2024/12/18 19:31:47 >> info : Class Exists [indexProcess] ... OK
2024/12/18 19:31:47 >> debug : DB Connect ... OK
2024/12/18 19:31:47 >> debug : Entering precute ...
2024/12/18 19:31:47 >> debug : Temp dir is [/home/m-ela/projects/simplan/public_html/admin/img/img_temp/]
2024/12/18 19:31:47 >> debug : File dir is [/home/m-ela/projects/simplan/public_html/admin/img/profile_photo/]
2024/12/18 19:31:47 >> debug : Entering execute ...
2024/12/18 19:31:47 >> debug : indexProcess Entering executeDetail ...
2024/12/18 19:31:47 >> debug : Entering execDetail ...
2024/12/18 19:31:47 >> info : SimplanAbstractProcess::execCommand -> AbstractCommand::executeProcess > [ m_user/is_login.sql ]
2024/12/18 19:31:47 >> debug : WideDB_SimplanInterface::QueryExecute >>SELECT user.f_user_id ,user.f_name ,user.f_surname_kana ,user.f_mailaddress ,user.f_login_id ,user.f_password ,user.f_del_flg ,user.f_reg_account ,user.f_reg_time ,user.f_upd_account ,user.f_upd_time FROM m_user user WHERE user.f_user_id = '4'
2024/12/18 19:31:47 >> info : execQuery TIME : 0.00016 second
2024/12/18 19:31:47 >> info : Session connection is OK ...
2024/12/18 19:31:47 >> info : SimplanAbstractProcess::execCommand -> AbstractCommand::executeProcess > [ m_addemployee/select_one.sql ]
2024/12/18 19:31:47 >> debug : WideDB_SimplanInterface::QueryExecute >>SELECT addemployee.f_employee_id ,addemployee.f_emp_id ,addemployee.f_name ,addemployee.f_aadhar_number ,addemployee.f_pan_number ,addemployee.f_passport ,date_format(addemployee.f_issue_date, '%Y/%m/%d') as f_issue_date ,date_format(addemployee.f_expiry_date, '%Y/%m/%d') as f_expiry_date ,addemployee.f_gender ,date_format(addemployee.f_date_of_birth, '%Y/%m/%d') as f_date_of_birth ,addemployee.f_age ,addemployee.f_blood_group ,addemployee.f_status ,addemployee.f_address1 ,addemployee.f_address2 ,addemployee.f_city ,addemployee.f_state ,addemployee.f_pincode ,addemployee.f_country ,addemployee.f_mobile_number ,addemployee.f_office_telephone_number ,addemployee.f_office_email ,addemployee.f_personal_mail ,addemployee.f_relation_name ,addemployee.f_relationship ,addemployee.f_occupation ,addemployee.f_address ,addemployee.f_phone_number ,addemployee.f_emp_status ,addemployee.f_category ,addemployee.f_job_title ,addemployee.f_join_date ,addemployee.f_relive_date ,addemployee.f_location ,addemployee.f_experience ,addemployee.f_education_ug ,addemployee.f_degree_ug ,addemployee.f_university_ug ,addemployee.f_education_pg ,addemployee.f_degree_pg ,addemployee.f_university_pg ,addemployee.f_additional_skill ,addemployee.f_language ,addemployee.f_others ,addemployee.f_jlpt ,addemployee.f_bank_name ,addemployee.f_bank_branch ,addemployee.f_acc_no ,addemployee.f_ifsc_code ,addemployee.f_description ,addemployee.f_image ,addemployee.f_del_flg ,addemployee.f_reg_account ,addemployee.f_reg_time ,addemployee.f_upd_account ,addemployee.f_upd_time FROM m_addemployee addemployee WHERE addemployee.f_del_flg = '0'
2024/12/18 19:31:47 >> info : execQuery TIME : 0.00018 second
2024/12/18 19:31:47 >> debug : Entering postcute ...
2024/12/18 19:31:47 >> debug : DB Connect Close ... OK
2024/12/18 19:31:52 >> info : * ------------------------------------------------------------ *
2024/12/18 19:31:52 >> info : * Simplan Framework - PHP Web Application Framework
2024/12/18 19:31:52 >> info : * 
2024/12/18 19:31:52 >> info : * Version : 1.1.0
2024/12/18 19:31:52 >> info : * Copyright(c) 2003-2024 THREET CO.,LTD. All Rights Reserved.
2024/12/18 19:31:52 >> info : * http://www.threet.co.jp
2024/12/18 19:31:52 >> info : * ------------------------------------------------------------ *
2024/12/18 19:31:52 >> debug : HTTP_REFERER > https://roz.threet.co.jp/~m-ela/simplan/index.php
2024/12/18 19:31:52 >> debug : SCRIPT_URI > 
2024/12/18 19:31:52 >> debug : REQUEST_URI > /~m-ela/simplan/index.php
2024/12/18 19:31:52 >> debug : HTTPS > on
2024/12/18 19:31:52 >> debug : HTTPS MODE > on
2024/12/18 19:31:52 >> debug : DEF_COMMAND > cmd
2024/12/18 19:31:52 >> debug : DEF_PROCESS > prc
2024/12/18 19:31:52 >> debug : POST DATA > [prc] : <index>
2024/12/18 19:31:52 >> debug : POST DATA > [cmd] : <detail>
2024/12/18 19:31:52 >> debug : POST DATA > [sid] : <>
2024/12/18 19:31:52 >> debug : POST DATA > [pno] : <>
2024/12/18 19:31:52 >> debug : POST DATA > [onetime_ticket] : <>
2024/12/18 19:31:52 >> debug : SESSION start ... OK
2024/12/18 19:31:52 >> info : Process set [index] ... OK
2024/12/18 19:31:52 >> info : Process Name [indexProcess] ... OK
2024/12/18 19:31:52 >> info : Include File [/home/m-ela/projects/simplan/public_app/mod/user/index/process/indexProcess.php]... OK
2024/12/18 19:31:52 >> info : Class Exists [indexProcess] ... OK
2024/12/18 19:31:52 >> debug : DB Connect ... OK
2024/12/18 19:31:52 >> debug : Entering precute ...
2024/12/18 19:31:52 >> debug : Temp dir is [/home/m-ela/projects/simplan/public_html/admin/img/img_temp/]
2024/12/18 19:31:52 >> debug : File dir is [/home/m-ela/projects/simplan/public_html/admin/img/profile_photo/]
2024/12/18 19:31:52 >> debug : Entering execute ...
2024/12/18 19:31:52 >> debug : indexProcess Entering executeDetail ...
2024/12/18 19:31:52 >> debug : Entering execDetail ...
2024/12/18 19:31:52 >> info : SimplanAbstractProcess::execCommand -> AbstractCommand::executeProcess > [ m_user/is_login.sql ]
2024/12/18 19:31:52 >> debug : WideDB_SimplanInterface::QueryExecute >>SELECT user.f_user_id ,user.f_name ,user.f_surname_kana ,user.f_mailaddress ,user.f_login_id ,user.f_password ,user.f_del_flg ,user.f_reg_account ,user.f_reg_time ,user.f_upd_account ,user.f_upd_time FROM m_user user WHERE user.f_user_id = '4'
2024/12/18 19:31:52 >> info : execQuery TIME : 0.00013 second
2024/12/18 19:31:52 >> info : Session connection is OK ...
2024/12/18 19:31:52 >> info : SimplanAbstractProcess::execCommand -> AbstractCommand::executeProcess > [ m_addemployee/select_one.sql ]
2024/12/18 19:31:52 >> debug : WideDB_SimplanInterface::QueryExecute >>SELECT addemployee.f_employee_id ,addemployee.f_emp_id ,addemployee.f_name ,addemployee.f_aadhar_number ,addemployee.f_pan_number ,addemployee.f_passport ,date_format(addemployee.f_issue_date, '%Y/%m/%d') as f_issue_date ,date_format(addemployee.f_expiry_date, '%Y/%m/%d') as f_expiry_date ,addemployee.f_gender ,date_format(addemployee.f_date_of_birth, '%Y/%m/%d') as f_date_of_birth ,addemployee.f_age ,addemployee.f_blood_group ,addemployee.f_status ,addemployee.f_address1 ,addemployee.f_address2 ,addemployee.f_city ,addemployee.f_state ,addemployee.f_pincode ,addemployee.f_country ,addemployee.f_mobile_number ,addemployee.f_office_telephone_number ,addemployee.f_office_email ,addemployee.f_personal_mail ,addemployee.f_relation_name ,addemployee.f_relationship ,addemployee.f_occupation ,addemployee.f_address ,addemployee.f_phone_number ,addemployee.f_emp_status ,addemployee.f_category ,addemployee.f_job_title ,addemployee.f_join_date ,addemployee.f_relive_date ,addemployee.f_location ,addemployee.f_experience ,addemployee.f_education_ug ,addemployee.f_degree_ug ,addemployee.f_university_ug ,addemployee.f_education_pg ,addemployee.f_degree_pg ,addemployee.f_university_pg ,addemployee.f_additional_skill ,addemployee.f_language ,addemployee.f_others ,addemployee.f_jlpt ,addemployee.f_bank_name ,addemployee.f_bank_branch ,addemployee.f_acc_no ,addemployee.f_ifsc_code ,addemployee.f_description ,addemployee.f_image ,addemployee.f_del_flg ,addemployee.f_reg_account ,addemployee.f_reg_time ,addemployee.f_upd_account ,addemployee.f_upd_time FROM m_addemployee addemployee WHERE addemployee.f_del_flg = '0'
2024/12/18 19:31:52 >> info : execQuery TIME : 0.00017 second
2024/12/18 19:31:52 >> debug : Entering postcute ...
2024/12/18 19:31:52 >> debug : DB Connect Close ... OK
2024/12/18 19:31:56 >> info : * ------------------------------------------------------------ *
2024/12/18 19:31:56 >> info : * Simplan Framework - PHP Web Application Framework
2024/12/18 19:31:56 >> info : * 
2024/12/18 19:31:56 >> info : * Version : 1.1.0
2024/12/18 19:31:56 >> info : * Copyright(c) 2003-2024 THREET CO.,LTD. All Rights Reserved.
2024/12/18 19:31:56 >> info : * http://www.threet.co.jp
2024/12/18 19:31:56 >> info : * ------------------------------------------------------------ *
2024/12/18 19:31:56 >> debug : HTTP_REFERER > https://roz.threet.co.jp/~m-ela/simplan/index.php
2024/12/18 19:31:56 >> debug : SCRIPT_URI > 
2024/12/18 19:31:56 >> debug : REQUEST_URI > /~m-ela/simplan/index.php
2024/12/18 19:31:56 >> debug : HTTPS > on
2024/12/18 19:31:56 >> debug : HTTPS MODE > on
2024/12/18 19:31:56 >> debug : DEF_COMMAND > cmd
2024/12/18 19:31:56 >> debug : DEF_PROCESS > prc
2024/12/18 19:31:56 >> debug : POST DATA > [prc] : <index>
2024/12/18 19:31:56 >> debug : POST DATA > [cmd] : <detail>
2024/12/18 19:31:56 >> debug : POST DATA > [sid] : <>
2024/12/18 19:31:56 >> debug : POST DATA > [pno] : <>
2024/12/18 19:31:56 >> debug : POST DATA > [onetime_ticket] : <>
2024/12/18 19:31:56 >> debug : SESSION start ... OK
2024/12/18 19:31:56 >> info : Process set [index] ... OK
2024/12/18 19:31:56 >> info : Process Name [indexProcess] ... OK
2024/12/18 19:31:56 >> info : Include File [/home/m-ela/projects/simplan/public_app/mod/user/index/process/indexProcess.php]... OK
2024/12/18 19:31:56 >> info : Class Exists [indexProcess] ... OK
2024/12/18 19:31:56 >> debug : DB Connect ... OK
2024/12/18 19:31:56 >> debug : Entering precute ...
2024/12/18 19:31:56 >> debug : Temp dir is [/home/m-ela/projects/simplan/public_html/admin/img/img_temp/]
2024/12/18 19:31:56 >> debug : File dir is [/home/m-ela/projects/simplan/public_html/admin/img/profile_photo/]
2024/12/18 19:31:56 >> debug : Entering execute ...
2024/12/18 19:31:56 >> debug : indexProcess Entering executeDetail ...
2024/12/18 19:31:56 >> debug : Entering execDetail ...
2024/12/18 19:31:56 >> info : SimplanAbstractProcess::execCommand -> AbstractCommand::executeProcess > [ m_user/is_login.sql ]
2024/12/18 19:31:56 >> debug : WideDB_SimplanInterface::QueryExecute >>SELECT user.f_user_id ,user.f_name ,user.f_surname_kana ,user.f_mailaddress ,user.f_login_id ,user.f_password ,user.f_del_flg ,user.f_reg_account ,user.f_reg_time ,user.f_upd_account ,user.f_upd_time FROM m_user user WHERE user.f_user_id = '4'
2024/12/18 19:31:56 >> info : execQuery TIME : 0.00013 second
2024/12/18 19:31:56 >> info : Session connection is OK ...
2024/12/18 19:31:56 >> info : SimplanAbstractProcess::execCommand -> AbstractCommand::executeProcess > [ m_addemployee/select_one.sql ]
2024/12/18 19:31:56 >> debug : WideDB_SimplanInterface::QueryExecute >>SELECT addemployee.f_employee_id ,addemployee.f_emp_id ,addemployee.f_name ,addemployee.f_aadhar_number ,addemployee.f_pan_number ,addemployee.f_passport ,date_format(addemployee.f_issue_date, '%Y/%m/%d') as f_issue_date ,date_format(addemployee.f_expiry_date, '%Y/%m/%d') as f_expiry_date ,addemployee.f_gender ,date_format(addemployee.f_date_of_birth, '%Y/%m/%d') as f_date_of_birth ,addemployee.f_age ,addemployee.f_blood_group ,addemployee.f_status ,addemployee.f_address1 ,addemployee.f_address2 ,addemployee.f_city ,addemployee.f_state ,addemployee.f_pincode ,addemployee.f_country ,addemployee.f_mobile_number ,addemployee.f_office_telephone_number ,addemployee.f_office_email ,addemployee.f_personal_mail ,addemployee.f_relation_name ,addemployee.f_relationship ,addemployee.f_occupation ,addemployee.f_address ,addemployee.f_phone_number ,addemployee.f_emp_status ,addemployee.f_category ,addemployee.f_job_title ,addemployee.f_join_date ,addemployee.f_relive_date ,addemployee.f_location ,addemployee.f_experience ,addemployee.f_education_ug ,addemployee.f_degree_ug ,addemployee.f_university_ug ,addemployee.f_education_pg ,addemployee.f_degree_pg ,addemployee.f_university_pg ,addemployee.f_additional_skill ,addemployee.f_language ,addemployee.f_others ,addemployee.f_jlpt ,addemployee.f_bank_name ,addemployee.f_bank_branch ,addemployee.f_acc_no ,addemployee.f_ifsc_code ,addemployee.f_description ,addemployee.f_image ,addemployee.f_del_flg ,addemployee.f_reg_account ,addemployee.f_reg_time ,addemployee.f_upd_account ,addemployee.f_upd_time FROM m_addemployee addemployee WHERE addemployee.f_del_flg = '0'
2024/12/18 19:31:56 >> info : execQuery TIME : 0.00017 second
2024/12/18 19:31:56 >> debug : Entering postcute ...
2024/12/18 19:31:56 >> debug : DB Connect Close ... OK
2024/12/18 19:31:58 >> info : * ------------------------------------------------------------ *
2024/12/18 19:31:58 >> info : * Simplan Framework - PHP Web Application Framework
2024/12/18 19:31:58 >> info : * 
2024/12/18 19:31:58 >> info : * Version : 1.1.0
2024/12/18 19:31:58 >> info : * Copyright(c) 2003-2024 THREET CO.,LTD. All Rights Reserved.
2024/12/18 19:31:58 >> info : * http://www.threet.co.jp
2024/12/18 19:31:58 >> info : * ------------------------------------------------------------ *
2024/12/18 19:31:58 >> debug : HTTP_REFERER > https://roz.threet.co.jp/~m-ela/simplan/index.php
2024/12/18 19:31:58 >> debug : SCRIPT_URI > 
2024/12/18 19:31:58 >> debug : REQUEST_URI > /~m-ela/simplan/index.php
2024/12/18 19:31:58 >> debug : HTTPS > on
2024/12/18 19:31:58 >> debug : HTTPS MODE > on
2024/12/18 19:31:58 >> debug : DEF_COMMAND > cmd
2024/12/18 19:31:58 >> debug : DEF_PROCESS > prc
2024/12/18 19:31:58 >> debug : POST DATA > [prc] : <index>
2024/12/18 19:31:58 >> debug : POST DATA > [cmd] : <detail>
2024/12/18 19:31:58 >> debug : POST DATA > [sid] : <>
2024/12/18 19:31:58 >> debug : POST DATA > [pno] : <>
2024/12/18 19:31:58 >> debug : POST DATA > [onetime_ticket] : <>
2024/12/18 19:31:58 >> debug : SESSION start ... OK
2024/12/18 19:31:58 >> info : Process set [index] ... OK
2024/12/18 19:31:58 >> info : Process Name [indexProcess] ... OK
2024/12/18 19:31:58 >> info : Include File [/home/m-ela/projects/simplan/public_app/mod/user/index/process/indexProcess.php]... OK
2024/12/18 19:31:58 >> info : Class Exists [indexProcess] ... OK
2024/12/18 19:31:58 >> debug : DB Connect ... OK
2024/12/18 19:31:58 >> debug : Entering precute ...
2024/12/18 19:31:58 >> debug : Temp dir is [/home/m-ela/projects/simplan/public_html/admin/img/img_temp/]
2024/12/18 19:31:58 >> debug : File dir is [/home/m-ela/projects/simplan/public_html/admin/img/profile_photo/]
2024/12/18 19:31:58 >> debug : Entering execute ...
2024/12/18 19:31:58 >> debug : indexProcess Entering executeDetail ...
2024/12/18 19:31:58 >> debug : Entering execDetail ...
2024/12/18 19:31:58 >> info : SimplanAbstractProcess::execCommand -> AbstractCommand::executeProcess > [ m_user/is_login.sql ]
2024/12/18 19:31:58 >> debug : WideDB_SimplanInterface::QueryExecute >>SELECT user.f_user_id ,user.f_name ,user.f_surname_kana ,user.f_mailaddress ,user.f_login_id ,user.f_password ,user.f_del_flg ,user.f_reg_account ,user.f_reg_time ,user.f_upd_account ,user.f_upd_time FROM m_user user WHERE user.f_user_id = '4'
2024/12/18 19:31:58 >> info : execQuery TIME : 0.00013 second
2024/12/18 19:31:58 >> info : Session connection is OK ...
2024/12/18 19:31:58 >> info : SimplanAbstractProcess::execCommand -> AbstractCommand::executeProcess > [ m_addemployee/select_one.sql ]
2024/12/18 19:31:58 >> debug : WideDB_SimplanInterface::QueryExecute >>SELECT addemployee.f_employee_id ,addemployee.f_emp_id ,addemployee.f_name ,addemployee.f_aadhar_number ,addemployee.f_pan_number ,addemployee.f_passport ,date_format(addemployee.f_issue_date, '%Y/%m/%d') as f_issue_date ,date_format(addemployee.f_expiry_date, '%Y/%m/%d') as f_expiry_date ,addemployee.f_gender ,date_format(addemployee.f_date_of_birth, '%Y/%m/%d') as f_date_of_birth ,addemployee.f_age ,addemployee.f_blood_group ,addemployee.f_status ,addemployee.f_address1 ,addemployee.f_address2 ,addemployee.f_city ,addemployee.f_state ,addemployee.f_pincode ,addemployee.f_country ,addemployee.f_mobile_number ,addemployee.f_office_telephone_number ,addemployee.f_office_email ,addemployee.f_personal_mail ,addemployee.f_relation_name ,addemployee.f_relationship ,addemployee.f_occupation ,addemployee.f_address ,addemployee.f_phone_number ,addemployee.f_emp_status ,addemployee.f_category ,addemployee.f_job_title ,addemployee.f_join_date ,addemployee.f_relive_date ,addemployee.f_location ,addemployee.f_experience ,addemployee.f_education_ug ,addemployee.f_degree_ug ,addemployee.f_university_ug ,addemployee.f_education_pg ,addemployee.f_degree_pg ,addemployee.f_university_pg ,addemployee.f_additional_skill ,addemployee.f_language ,addemployee.f_others ,addemployee.f_jlpt ,addemployee.f_bank_name ,addemployee.f_bank_branch ,addemployee.f_acc_no ,addemployee.f_ifsc_code ,addemployee.f_description ,addemployee.f_image ,addemployee.f_del_flg ,addemployee.f_reg_account ,addemployee.f_reg_time ,addemployee.f_upd_account ,addemployee.f_upd_time FROM m_addemployee addemployee WHERE addemployee.f_del_flg = '0'
2024/12/18 19:31:58 >> info : execQuery TIME : 0.00017 second
2024/12/18 19:31:58 >> debug : Entering postcute ...
2024/12/18 19:31:58 >> debug : DB Connect Close ... OK
2024/12/18 19:32:00 >> info : * ------------------------------------------------------------ *
2024/12/18 19:32:00 >> info : * Simplan Framework - PHP Web Application Framework
2024/12/18 19:32:00 >> info : * 
2024/12/18 19:32:00 >> info : * Version : 1.1.0
2024/12/18 19:32:00 >> info : * Copyright(c) 2003-2024 THREET CO.,LTD. All Rights Reserved.
2024/12/18 19:32:00 >> info : * http://www.threet.co.jp
2024/12/18 19:32:00 >> info : * ------------------------------------------------------------ *
2024/12/18 19:32:00 >> debug : HTTP_REFERER > https://roz.threet.co.jp/~m-ela/simplan/index.php
2024/12/18 19:32:00 >> debug : SCRIPT_URI > 
2024/12/18 19:32:00 >> debug : REQUEST_URI > /~m-ela/simplan/index.php
2024/12/18 19:32:00 >> debug : HTTPS > on
2024/12/18 19:32:00 >> debug : HTTPS MODE > on
2024/12/18 19:32:00 >> debug : DEF_COMMAND > cmd
2024/12/18 19:32:00 >> debug : DEF_PROCESS > prc
2024/12/18 19:32:00 >> debug : POST DATA > [prc] : <index>
2024/12/18 19:32:00 >> debug : POST DATA > [cmd] : <detail>
2024/12/18 19:32:00 >> debug : POST DATA > [sid] : <>
2024/12/18 19:32:00 >> debug : POST DATA > [pno] : <>
2024/12/18 19:32:00 >> debug : POST DATA > [onetime_ticket] : <>
2024/12/18 19:32:00 >> debug : SESSION start ... OK
2024/12/18 19:32:00 >> info : Process set [index] ... OK
2024/12/18 19:32:00 >> info : Process Name [indexProcess] ... OK
2024/12/18 19:32:00 >> info : Include File [/home/m-ela/projects/simplan/public_app/mod/user/index/process/indexProcess.php]... OK
2024/12/18 19:32:00 >> info : Class Exists [indexProcess] ... OK
2024/12/18 19:32:00 >> debug : DB Connect ... OK
2024/12/18 19:32:00 >> debug : Entering precute ...
2024/12/18 19:32:00 >> debug : Temp dir is [/home/m-ela/projects/simplan/public_html/admin/img/img_temp/]
2024/12/18 19:32:00 >> debug : File dir is [/home/m-ela/projects/simplan/public_html/admin/img/profile_photo/]
2024/12/18 19:32:00 >> debug : Entering execute ...
2024/12/18 19:32:00 >> debug : indexProcess Entering executeDetail ...
2024/12/18 19:32:00 >> debug : Entering execDetail ...
2024/12/18 19:32:00 >> info : SimplanAbstractProcess::execCommand -> AbstractCommand::executeProcess > [ m_user/is_login.sql ]
2024/12/18 19:32:00 >> debug : WideDB_SimplanInterface::QueryExecute >>SELECT user.f_user_id ,user.f_name ,user.f_surname_kana ,user.f_mailaddress ,user.f_login_id ,user.f_password ,user.f_del_flg ,user.f_reg_account ,user.f_reg_time ,user.f_upd_account ,user.f_upd_time FROM m_user user WHERE user.f_user_id = '4'
2024/12/18 19:32:00 >> info : execQuery TIME : 0.00013 second
2024/12/18 19:32:00 >> info : Session connection is OK ...
2024/12/18 19:32:00 >> info : SimplanAbstractProcess::execCommand -> AbstractCommand::executeProcess > [ m_addemployee/select_one.sql ]
2024/12/18 19:32:00 >> debug : WideDB_SimplanInterface::QueryExecute >>SELECT addemployee.f_employee_id ,addemployee.f_emp_id ,addemployee.f_name ,addemployee.f_aadhar_number ,addemployee.f_pan_number ,addemployee.f_passport ,date_format(addemployee.f_issue_date, '%Y/%m/%d') as f_issue_date ,date_format(addemployee.f_expiry_date, '%Y/%m/%d') as f_expiry_date ,addemployee.f_gender ,date_format(addemployee.f_date_of_birth, '%Y/%m/%d') as f_date_of_birth ,addemployee.f_age ,addemployee.f_blood_group ,addemployee.f_status ,addemployee.f_address1 ,addemployee.f_address2 ,addemployee.f_city ,addemployee.f_state ,addemployee.f_pincode ,addemployee.f_country ,addemployee.f_mobile_number ,addemployee.f_office_telephone_number ,addemployee.f_office_email ,addemployee.f_personal_mail ,addemployee.f_relation_name ,addemployee.f_relationship ,addemployee.f_occupation ,addemployee.f_address ,addemployee.f_phone_number ,addemployee.f_emp_status ,addemployee.f_category ,addemployee.f_job_title ,addemployee.f_join_date ,addemployee.f_relive_date ,addemployee.f_location ,addemployee.f_experience ,addemployee.f_education_ug ,addemployee.f_degree_ug ,addemployee.f_university_ug ,addemployee.f_education_pg ,addemployee.f_degree_pg ,addemployee.f_university_pg ,addemployee.f_additional_skill ,addemployee.f_language ,addemployee.f_others ,addemployee.f_jlpt ,addemployee.f_bank_name ,addemployee.f_bank_branch ,addemployee.f_acc_no ,addemployee.f_ifsc_code ,addemployee.f_description ,addemployee.f_image ,addemployee.f_del_flg ,addemployee.f_reg_account ,addemployee.f_reg_time ,addemployee.f_upd_account ,addemployee.f_upd_time FROM m_addemployee addemployee WHERE addemployee.f_del_flg = '0'
2024/12/18 19:32:00 >> info : execQuery TIME : 0.00017 second
2024/12/18 19:32:00 >> debug : Entering postcute ...
2024/12/18 19:32:00 >> debug : DB Connect Close ... OK
2024/12/18 19:32:02 >> info : * ------------------------------------------------------------ *
2024/12/18 19:32:02 >> info : * Simplan Framework - PHP Web Application Framework
2024/12/18 19:32:02 >> info : * 
2024/12/18 19:32:02 >> info : * Version : 1.1.0
2024/12/18 19:32:02 >> info : * Copyright(c) 2003-2024 THREET CO.,LTD. All Rights Reserved.
2024/12/18 19:32:02 >> info : * http://www.threet.co.jp
2024/12/18 19:32:02 >> info : * ------------------------------------------------------------ *
2024/12/18 19:32:02 >> debug : HTTP_REFERER > https://roz.threet.co.jp/~m-ela/simplan/index.php
2024/12/18 19:32:02 >> debug : SCRIPT_URI > 
2024/12/18 19:32:02 >> debug : REQUEST_URI > /~m-ela/simplan/index.php
2024/12/18 19:32:02 >> debug : HTTPS > on
2024/12/18 19:32:02 >> debug : HTTPS MODE > on
2024/12/18 19:32:02 >> debug : DEF_COMMAND > cmd
2024/12/18 19:32:02 >> debug : DEF_PROCESS > prc
2024/12/18 19:32:02 >> debug : POST DATA > [prc] : <index>
2024/12/18 19:32:02 >> debug : POST DATA > [cmd] : <detail>
2024/12/18 19:32:02 >> debug : POST DATA > [sid] : <>
2024/12/18 19:32:02 >> debug : POST DATA > [pno] : <>
2024/12/18 19:32:02 >> debug : POST DATA > [onetime_ticket] : <>
2024/12/18 19:32:02 >> debug : SESSION start ... OK
2024/12/18 19:32:02 >> info : Process set [index] ... OK
2024/12/18 19:32:02 >> info : Process Name [indexProcess] ... OK
2024/12/18 19:32:02 >> info : Include File [/home/m-ela/projects/simplan/public_app/mod/user/index/process/indexProcess.php]... OK
2024/12/18 19:32:02 >> info : Class Exists [indexProcess] ... OK
2024/12/18 19:32:02 >> debug : DB Connect ... OK
2024/12/18 19:32:02 >> debug : Entering precute ...
2024/12/18 19:32:02 >> debug : Temp dir is [/home/m-ela/projects/simplan/public_html/admin/img/img_temp/]
2024/12/18 19:32:02 >> debug : File dir is [/home/m-ela/projects/simplan/public_html/admin/img/profile_photo/]
2024/12/18 19:32:02 >> debug : Entering execute ...
2024/12/18 19:32:02 >> debug : indexProcess Entering executeDetail ...
2024/12/18 19:32:02 >> debug : Entering execDetail ...
2024/12/18 19:32:02 >> info : SimplanAbstractProcess::execCommand -> AbstractCommand::executeProcess > [ m_user/is_login.sql ]
2024/12/18 19:32:02 >> debug : WideDB_SimplanInterface::QueryExecute >>SELECT user.f_user_id ,user.f_name ,user.f_surname_kana ,user.f_mailaddress ,user.f_login_id ,user.f_password ,user.f_del_flg ,user.f_reg_account ,user.f_reg_time ,user.f_upd_account ,user.f_upd_time FROM m_user user WHERE user.f_user_id = '4'
2024/12/18 19:32:02 >> info : execQuery TIME : 0.00014 second
2024/12/18 19:32:02 >> info : Session connection is OK ...
2024/12/18 19:32:02 >> info : SimplanAbstractProcess::execCommand -> AbstractCommand::executeProcess > [ m_addemployee/select_one.sql ]
2024/12/18 19:32:02 >> debug : WideDB_SimplanInterface::QueryExecute >>SELECT addemployee.f_employee_id ,addemployee.f_emp_id ,addemployee.f_name ,addemployee.f_aadhar_number ,addemployee.f_pan_number ,addemployee.f_passport ,date_format(addemployee.f_issue_date, '%Y/%m/%d') as f_issue_date ,date_format(addemployee.f_expiry_date, '%Y/%m/%d') as f_expiry_date ,addemployee.f_gender ,date_format(addemployee.f_date_of_birth, '%Y/%m/%d') as f_date_of_birth ,addemployee.f_age ,addemployee.f_blood_group ,addemployee.f_status ,addemployee.f_address1 ,addemployee.f_address2 ,addemployee.f_city ,addemployee.f_state ,addemployee.f_pincode ,addemployee.f_country ,addemployee.f_mobile_number ,addemployee.f_office_telephone_number ,addemployee.f_office_email ,addemployee.f_personal_mail ,addemployee.f_relation_name ,addemployee.f_relationship ,addemployee.f_occupation ,addemployee.f_address ,addemployee.f_phone_number ,addemployee.f_emp_status ,addemployee.f_category ,addemployee.f_job_title ,addemployee.f_join_date ,addemployee.f_relive_date ,addemployee.f_location ,addemployee.f_experience ,addemployee.f_education_ug ,addemployee.f_degree_ug ,addemployee.f_university_ug ,addemployee.f_education_pg ,addemployee.f_degree_pg ,addemployee.f_university_pg ,addemployee.f_additional_skill ,addemployee.f_language ,addemployee.f_others ,addemployee.f_jlpt ,addemployee.f_bank_name ,addemployee.f_bank_branch ,addemployee.f_acc_no ,addemployee.f_ifsc_code ,addemployee.f_description ,addemployee.f_image ,addemployee.f_del_flg ,addemployee.f_reg_account ,addemployee.f_reg_time ,addemployee.f_upd_account ,addemployee.f_upd_time FROM m_addemployee addemployee WHERE addemployee.f_del_flg = '0'
2024/12/18 19:32:02 >> info : execQuery TIME : 0.00016 second
2024/12/18 19:32:02 >> debug : Entering postcute ...
2024/12/18 19:32:02 >> debug : DB Connect Close ... OK
2024/12/18 19:32:05 >> info : * ------------------------------------------------------------ *
2024/12/18 19:32:05 >> info : * Simplan Framework - PHP Web Application Framework
2024/12/18 19:32:05 >> info : * 
2024/12/18 19:32:05 >> info : * Version : 1.1.0
2024/12/18 19:32:05 >> info : * Copyright(c) 2003-2024 THREET CO.,LTD. All Rights Reserved.
2024/12/18 19:32:05 >> info : * http://www.threet.co.jp
2024/12/18 19:32:05 >> info : * ------------------------------------------------------------ *
2024/12/18 19:32:05 >> debug : HTTP_REFERER > https://roz.threet.co.jp/~m-ela/simplan/index.php
2024/12/18 19:32:05 >> debug : SCRIPT_URI > 
2024/12/18 19:32:05 >> debug : REQUEST_URI > /~m-ela/simplan/index.php
2024/12/18 19:32:05 >> debug : HTTPS > on
2024/12/18 19:32:05 >> debug : HTTPS MODE > on
2024/12/18 19:32:05 >> debug : DEF_COMMAND > cmd
2024/12/18 19:32:05 >> debug : DEF_PROCESS > prc
2024/12/18 19:32:05 >> debug : POST DATA > [prc] : <index>
2024/12/18 19:32:05 >> debug : POST DATA > [cmd] : <detail>
2024/12/18 19:32:05 >> debug : POST DATA > [sid] : <>
2024/12/18 19:32:05 >> debug : POST DATA > [pno] : <>
2024/12/18 19:32:05 >> debug : POST DATA > [onetime_ticket] : <>
2024/12/18 19:32:05 >> debug : SESSION start ... OK
2024/12/18 19:32:05 >> info : Process set [index] ... OK
2024/12/18 19:32:05 >> info : Process Name [indexProcess] ... OK
2024/12/18 19:32:05 >> info : Include File [/home/m-ela/projects/simplan/public_app/mod/user/index/process/indexProcess.php]... OK
2024/12/18 19:32:05 >> info : Class Exists [indexProcess] ... OK
2024/12/18 19:32:05 >> debug : DB Connect ... OK
2024/12/18 19:32:05 >> debug : Entering precute ...
2024/12/18 19:32:05 >> debug : Temp dir is [/home/m-ela/projects/simplan/public_html/admin/img/img_temp/]
2024/12/18 19:32:05 >> debug : File dir is [/home/m-ela/projects/simplan/public_html/admin/img/profile_photo/]
2024/12/18 19:32:05 >> debug : Entering execute ...
2024/12/18 19:32:05 >> debug : indexProcess Entering executeDetail ...
2024/12/18 19:32:05 >> debug : Entering execDetail ...
2024/12/18 19:32:05 >> info : SimplanAbstractProcess::execCommand -> AbstractCommand::executeProcess > [ m_user/is_login.sql ]
2024/12/18 19:32:05 >> debug : WideDB_SimplanInterface::QueryExecute >>SELECT user.f_user_id ,user.f_name ,user.f_surname_kana ,user.f_mailaddress ,user.f_login_id ,user.f_password ,user.f_del_flg ,user.f_reg_account ,user.f_reg_time ,user.f_upd_account ,user.f_upd_time FROM m_user user WHERE user.f_user_id = '4'
2024/12/18 19:32:05 >> info : execQuery TIME : 0.00013 second
2024/12/18 19:32:05 >> info : Session connection is OK ...
2024/12/18 19:32:05 >> info : SimplanAbstractProcess::execCommand -> AbstractCommand::executeProcess > [ m_addemployee/select_one.sql ]
2024/12/18 19:32:05 >> debug : WideDB_SimplanInterface::QueryExecute >>SELECT addemployee.f_employee_id ,addemployee.f_emp_id ,addemployee.f_name ,addemployee.f_aadhar_number ,addemployee.f_pan_number ,addemployee.f_passport ,date_format(addemployee.f_issue_date, '%Y/%m/%d') as f_issue_date ,date_format(addemployee.f_expiry_date, '%Y/%m/%d') as f_expiry_date ,addemployee.f_gender ,date_format(addemployee.f_date_of_birth, '%Y/%m/%d') as f_date_of_birth ,addemployee.f_age ,addemployee.f_blood_group ,addemployee.f_status ,addemployee.f_address1 ,addemployee.f_address2 ,addemployee.f_city ,addemployee.f_state ,addemployee.f_pincode ,addemployee.f_country ,addemployee.f_mobile_number ,addemployee.f_office_telephone_number ,addemployee.f_office_email ,addemployee.f_personal_mail ,addemployee.f_relation_name ,addemployee.f_relationship ,addemployee.f_occupation ,addemployee.f_address ,addemployee.f_phone_number ,addemployee.f_emp_status ,addemployee.f_category ,addemployee.f_job_title ,addemployee.f_join_date ,addemployee.f_relive_date ,addemployee.f_location ,addemployee.f_experience ,addemployee.f_education_ug ,addemployee.f_degree_ug ,addemployee.f_university_ug ,addemployee.f_education_pg ,addemployee.f_degree_pg ,addemployee.f_university_pg ,addemployee.f_additional_skill ,addemployee.f_language ,addemployee.f_others ,addemployee.f_jlpt ,addemployee.f_bank_name ,addemployee.f_bank_branch ,addemployee.f_acc_no ,addemployee.f_ifsc_code ,addemployee.f_description ,addemployee.f_image ,addemployee.f_del_flg ,addemployee.f_reg_account ,addemployee.f_reg_time ,addemployee.f_upd_account ,addemployee.f_upd_time FROM m_addemployee addemployee WHERE addemployee.f_del_flg = '0'
2024/12/18 19:32:05 >> info : execQuery TIME : 0.00017 second
2024/12/18 19:32:05 >> debug : Entering postcute ...
2024/12/18 19:32:05 >> debug : DB Connect Close ... OK
2024/12/18 19:32:07 >> info : * ------------------------------------------------------------ *
2024/12/18 19:32:07 >> info : * Simplan Framework - PHP Web Application Framework
2024/12/18 19:32:07 >> info : * 
2024/12/18 19:32:07 >> info : * Version : 1.1.0
2024/12/18 19:32:07 >> info : * Copyright(c) 2003-2024 THREET CO.,LTD. All Rights Reserved.
2024/12/18 19:32:07 >> info : * http://www.threet.co.jp
2024/12/18 19:32:07 >> info : * ------------------------------------------------------------ *
2024/12/18 19:32:07 >> debug : HTTP_REFERER > https://roz.threet.co.jp/~m-ela/simplan/index.php
2024/12/18 19:32:07 >> debug : SCRIPT_URI > 
2024/12/18 19:32:07 >> debug : REQUEST_URI > /~m-ela/simplan/index.php
2024/12/18 19:32:07 >> debug : HTTPS > on
2024/12/18 19:32:07 >> debug : HTTPS MODE > on
2024/12/18 19:32:07 >> debug : DEF_COMMAND > cmd
2024/12/18 19:32:07 >> debug : DEF_PROCESS > prc
2024/12/18 19:32:07 >> debug : POST DATA > [prc] : <index>
2024/12/18 19:32:07 >> debug : POST DATA > [cmd] : <detail>
2024/12/18 19:32:07 >> debug : POST DATA > [sid] : <>
2024/12/18 19:32:07 >> debug : POST DATA > [pno] : <>
2024/12/18 19:32:07 >> debug : POST DATA > [onetime_ticket] : <>
2024/12/18 19:32:07 >> debug : SESSION start ... OK
2024/12/18 19:32:07 >> info : Process set [index] ... OK
2024/12/18 19:32:07 >> info : Process Name [indexProcess] ... OK
2024/12/18 19:32:07 >> info : Include File [/home/m-ela/projects/simplan/public_app/mod/user/index/process/indexProcess.php]... OK
2024/12/18 19:32:07 >> info : Class Exists [indexProcess] ... OK
2024/12/18 19:32:07 >> debug : DB Connect ... OK
2024/12/18 19:32:07 >> debug : Entering precute ...
2024/12/18 19:32:07 >> debug : Temp dir is [/home/m-ela/projects/simplan/public_html/admin/img/img_temp/]
2024/12/18 19:32:07 >> debug : File dir is [/home/m-ela/projects/simplan/public_html/admin/img/profile_photo/]
2024/12/18 19:32:07 >> debug : Entering execute ...
2024/12/18 19:32:07 >> debug : indexProcess Entering executeDetail ...
2024/12/18 19:32:07 >> debug : Entering execDetail ...
2024/12/18 19:32:07 >> info : SimplanAbstractProcess::execCommand -> AbstractCommand::executeProcess > [ m_user/is_login.sql ]
2024/12/18 19:32:07 >> debug : WideDB_SimplanInterface::QueryExecute >>SELECT user.f_user_id ,user.f_name ,user.f_surname_kana ,user.f_mailaddress ,user.f_login_id ,user.f_password ,user.f_del_flg ,user.f_reg_account ,user.f_reg_time ,user.f_upd_account ,user.f_upd_time FROM m_user user WHERE user.f_user_id = '4'
2024/12/18 19:32:07 >> info : execQuery TIME : 0.00013 second
2024/12/18 19:32:07 >> info : Session connection is OK ...
2024/12/18 19:32:07 >> info : SimplanAbstractProcess::execCommand -> AbstractCommand::executeProcess > [ m_addemployee/select_one.sql ]
2024/12/18 19:32:07 >> debug : WideDB_SimplanInterface::QueryExecute >>SELECT addemployee.f_employee_id ,addemployee.f_emp_id ,addemployee.f_name ,addemployee.f_aadhar_number ,addemployee.f_pan_number ,addemployee.f_passport ,date_format(addemployee.f_issue_date, '%Y/%m/%d') as f_issue_date ,date_format(addemployee.f_expiry_date, '%Y/%m/%d') as f_expiry_date ,addemployee.f_gender ,date_format(addemployee.f_date_of_birth, '%Y/%m/%d') as f_date_of_birth ,addemployee.f_age ,addemployee.f_blood_group ,addemployee.f_status ,addemployee.f_address1 ,addemployee.f_address2 ,addemployee.f_city ,addemployee.f_state ,addemployee.f_pincode ,addemployee.f_country ,addemployee.f_mobile_number ,addemployee.f_office_telephone_number ,addemployee.f_office_email ,addemployee.f_personal_mail ,addemployee.f_relation_name ,addemployee.f_relationship ,addemployee.f_occupation ,addemployee.f_address ,addemployee.f_phone_number ,addemployee.f_emp_status ,addemployee.f_category ,addemployee.f_job_title ,addemployee.f_join_date ,addemployee.f_relive_date ,addemployee.f_location ,addemployee.f_experience ,addemployee.f_education_ug ,addemployee.f_degree_ug ,addemployee.f_university_ug ,addemployee.f_education_pg ,addemployee.f_degree_pg ,addemployee.f_university_pg ,addemployee.f_additional_skill ,addemployee.f_language ,addemployee.f_others ,addemployee.f_jlpt ,addemployee.f_bank_name ,addemployee.f_bank_branch ,addemployee.f_acc_no ,addemployee.f_ifsc_code ,addemployee.f_description ,addemployee.f_image ,addemployee.f_del_flg ,addemployee.f_reg_account ,addemployee.f_reg_time ,addemployee.f_upd_account ,addemployee.f_upd_time FROM m_addemployee addemployee WHERE addemployee.f_del_flg = '0'
2024/12/18 19:32:07 >> info : execQuery TIME : 0.00018 second
2024/12/18 19:32:07 >> debug : Entering postcute ...
2024/12/18 19:32:07 >> debug : DB Connect Close ... OK
2024/12/18 19:32:08 >> info : * ------------------------------------------------------------ *
2024/12/18 19:32:08 >> info : * Simplan Framework - PHP Web Application Framework
2024/12/18 19:32:08 >> info : * 
2024/12/18 19:32:08 >> info : * Version : 1.1.0
2024/12/18 19:32:08 >> info : * Copyright(c) 2003-2024 THREET CO.,LTD. All Rights Reserved.
2024/12/18 19:32:08 >> info : * http://www.threet.co.jp
2024/12/18 19:32:08 >> info : * ------------------------------------------------------------ *
2024/12/18 19:32:08 >> debug : HTTP_REFERER > https://roz.threet.co.jp/~m-ela/simplan/index.php
2024/12/18 19:32:08 >> debug : SCRIPT_URI > 
2024/12/18 19:32:08 >> debug : REQUEST_URI > /~m-ela/simplan/attendance.php
2024/12/18 19:32:08 >> debug : HTTPS > on
2024/12/18 19:32:08 >> debug : HTTPS MODE > on
2024/12/18 19:32:08 >> debug : DEF_COMMAND > cmd
2024/12/18 19:32:08 >> debug : DEF_PROCESS > prc
2024/12/18 19:32:08 >> debug : SESSION start ... OK
2024/12/18 19:32:08 >> info : Process set [index] ... OK
2024/12/18 19:32:08 >> info : Process Name [newProcess] ... OK
2024/12/18 19:32:08 >> info : Include File [/home/m-ela/projects/simplan/public_app/mod/user/attendance/process/newProcess.php]... OK
2024/12/18 19:32:08 >> info : Class Exists [newProcess] ... OK
2024/12/18 19:32:08 >> debug : DB Connect ... OK
2024/12/18 19:32:08 >> debug : Entering precute ...
2024/12/18 19:32:08 >> info : SimplanAbstractProcess::execCommand -> AbstractCommand::executeProcess > [ m_user/is_login.sql ]
2024/12/18 19:32:08 >> debug : WideDB_SimplanInterface::QueryExecute >>SELECT user.f_user_id ,user.f_name ,user.f_surname_kana ,user.f_mailaddress ,user.f_login_id ,user.f_password ,user.f_del_flg ,user.f_reg_account ,user.f_reg_time ,user.f_upd_account ,user.f_upd_time FROM m_user user WHERE user.f_user_id = '4'
2024/12/18 19:32:08 >> info : execQuery TIME : 0.00014 second
2024/12/18 19:32:08 >> info : Session connection is OK ...
2024/12/18 16:02:08 >> debug : Entering execute ...
2024/12/18 16:02:08 >> debug : newProcess Entering executeDefault ...
2024/12/18 16:02:08 >> info : SimplanAbstractProcess::execCommand -> AbstractCommand::executeProcess > [ t_user_attendance/select_user_count.sql ]
2024/12/18 16:02:08 >> debug : WideDB_SimplanInterface::QueryExecute >>SELECT count(attendance.f_emp_id) as count FROM t_user_attendance attendance WHERE attendance.f_del_flg = '0' AND attendance.f_emp_id = 'mela15' AND attendance.f_date = '2024-12-18'
2024/12/18 16:02:08 >> info : execQuery TIME : 0.00009 second
2024/12/18 16:02:08 >> debug : Entering postcute ...
2024/12/18 16:02:08 >> debug : DB Connect Close ... OK
2024/12/18 19:32:11 >> info : * ------------------------------------------------------------ *
2024/12/18 19:32:11 >> info : * Simplan Framework - PHP Web Application Framework
2024/12/18 19:32:11 >> info : * 
2024/12/18 19:32:11 >> info : * Version : 1.1.0
2024/12/18 19:32:11 >> info : * Copyright(c) 2003-2024 THREET CO.,LTD. All Rights Reserved.
2024/12/18 19:32:11 >> info : * http://www.threet.co.jp
2024/12/18 19:32:11 >> info : * ------------------------------------------------------------ *
2024/12/18 19:32:11 >> debug : HTTP_REFERER > https://roz.threet.co.jp/~m-ela/simplan/attendance.php
2024/12/18 19:32:11 >> debug : SCRIPT_URI > 
2024/12/18 19:32:11 >> debug : REQUEST_URI > /~m-ela/simplan/attendance.php
2024/12/18 19:32:11 >> debug : HTTPS > on
2024/12/18 19:32:11 >> debug : HTTPS MODE > on
2024/12/18 19:32:11 >> debug : DEF_COMMAND > cmd
2024/12/18 19:32:11 >> debug : DEF_PROCESS > prc
2024/12/18 19:32:11 >> debug : POST DATA > [prc] : <new>
2024/12/18 19:32:11 >> debug : POST DATA > [cmd] : <confirm>
2024/12/18 19:32:11 >> debug : POST DATA > [sid] : <>
2024/12/18 19:32:11 >> debug : POST DATA > [pno] : <>
2024/12/18 19:32:11 >> debug : POST DATA > [f_status] : <1>
2024/12/18 19:32:11 >> debug : POST DATA > [f_leave_reason] : <>
2024/12/18 19:32:11 >> debug : POST DATA > [onetime_ticket] : <bba36a4d5f55b5382b39b7c6c8a49a74>
2024/12/18 19:32:11 >> debug : SESSION start ... OK
2024/12/18 19:32:11 >> info : Process set [new] ... OK
2024/12/18 19:32:11 >> info : Process Name [newProcess] ... OK
2024/12/18 19:32:11 >> info : Include File [/home/m-ela/projects/simplan/public_app/mod/user/attendance/process/newProcess.php]... OK
2024/12/18 19:32:11 >> info : Class Exists [newProcess] ... OK
2024/12/18 19:32:11 >> debug : DB Connect ... OK
2024/12/18 19:32:11 >> debug : Entering precute ...
2024/12/18 19:32:11 >> info : SimplanAbstractProcess::execCommand -> AbstractCommand::executeProcess > [ m_user/is_login.sql ]
2024/12/18 19:32:11 >> debug : WideDB_SimplanInterface::QueryExecute >>SELECT user.f_user_id ,user.f_name ,user.f_surname_kana ,user.f_mailaddress ,user.f_login_id ,user.f_password ,user.f_del_flg ,user.f_reg_account ,user.f_reg_time ,user.f_upd_account ,user.f_upd_time FROM m_user user WHERE user.f_user_id = '4'
2024/12/18 19:32:11 >> info : execQuery TIME : 0.00015 second
2024/12/18 19:32:11 >> info : Session connection is OK ...
2024/12/18 16:02:11 >> debug : Entering execute ...
2024/12/18 16:02:11 >> debug : newProcess Entering executeConfirm ...
2024/12/18 16:02:11 >> debug : Entering postcute ...
2024/12/18 16:02:11 >> debug : DB Connect Close ... OK
2024/12/18 19:32:13 >> info : * ------------------------------------------------------------ *
2024/12/18 19:32:13 >> info : * Simplan Framework - PHP Web Application Framework
2024/12/18 19:32:13 >> info : * 
2024/12/18 19:32:13 >> info : * Version : 1.1.0
2024/12/18 19:32:13 >> info : * Copyright(c) 2003-2024 THREET CO.,LTD. All Rights Reserved.
2024/12/18 19:32:13 >> info : * http://www.threet.co.jp
2024/12/18 19:32:13 >> info : * ------------------------------------------------------------ *
2024/12/18 19:32:13 >> debug : HTTP_REFERER > https://roz.threet.co.jp/~m-ela/simplan/attendance.php
2024/12/18 19:32:13 >> debug : SCRIPT_URI > 
2024/12/18 19:32:13 >> debug : REQUEST_URI > /~m-ela/simplan/attendance.php
2024/12/18 19:32:13 >> debug : HTTPS > on
2024/12/18 19:32:13 >> debug : HTTPS MODE > on
2024/12/18 19:32:13 >> debug : DEF_COMMAND > cmd
2024/12/18 19:32:13 >> debug : DEF_PROCESS > prc
2024/12/18 19:32:13 >> debug : POST DATA > [prc] : <new>
2024/12/18 19:32:13 >> debug : POST DATA > [cmd] : <regist>
2024/12/18 19:32:13 >> debug : POST DATA > [sid] : <>
2024/12/18 19:32:13 >> debug : POST DATA > [pno] : <>
2024/12/18 19:32:13 >> debug : POST DATA > [onetime_ticket] : <bba36a4d5f55b5382b39b7c6c8a49a74>
2024/12/18 19:32:13 >> debug : SESSION start ... OK
2024/12/18 19:32:13 >> info : Process set [new] ... OK
2024/12/18 19:32:13 >> info : Process Name [newProcess] ... OK
2024/12/18 19:32:13 >> info : Include File [/home/m-ela/projects/simplan/public_app/mod/user/attendance/process/newProcess.php]... OK
2024/12/18 19:32:13 >> info : Class Exists [newProcess] ... OK
2024/12/18 19:32:13 >> debug : DB Connect ... OK
2024/12/18 19:32:13 >> debug : Entering precute ...
2024/12/18 19:32:13 >> info : SimplanAbstractProcess::execCommand -> AbstractCommand::executeProcess > [ m_user/is_login.sql ]
2024/12/18 19:32:13 >> debug : WideDB_SimplanInterface::QueryExecute >>SELECT user.f_user_id ,user.f_name ,user.f_surname_kana ,user.f_mailaddress ,user.f_login_id ,user.f_password ,user.f_del_flg ,user.f_reg_account ,user.f_reg_time ,user.f_upd_account ,user.f_upd_time FROM m_user user WHERE user.f_user_id = '4'
2024/12/18 19:32:13 >> info : execQuery TIME : 0.00014 second
2024/12/18 19:32:13 >> info : Session connection is OK ...
2024/12/18 16:02:13 >> debug : Entering execute ...
2024/12/18 16:02:13 >> debug : newProcess Entering executeRegist ...
2024/12/18 16:02:13 >> debug : DB Start Transaction ... OK
2024/12/18 16:02:13 >> debug : WideDB_SimplanInterface::QueryExecute >>INSERT INTO t_user_attendance ( f_emp_id, f_name, f_date, f_status, f_time, f_del_flg, f_reg_account, f_reg_time, f_upd_account, f_upd_time ) VALUES ( 'mela15', 'Elavarasan .M', '2024-12-18', '1', '16:02 PM', '0', 'mela15', '20241218160213', 'mela15', '20241218160213' ) 
2024/12/18 16:02:13 >> info : execQuery TIME : 0.00558 second
2024/12/18 16:02:13 >> debug : Insert t_user_attendance ... OK
2024/12/18 16:02:13 >> debug : DB Commit ... OK
2024/12/18 16:02:13 >> debug : Entering postcute ...
2024/12/18 16:02:13 >> debug : DB Connect Close ... OK
2024/12/18 19:32:15 >> info : * ------------------------------------------------------------ *
2024/12/18 19:32:15 >> info : * Simplan Framework - PHP Web Application Framework
2024/12/18 19:32:15 >> info : * 
2024/12/18 19:32:15 >> info : * Version : 1.1.0
2024/12/18 19:32:15 >> info : * Copyright(c) 2003-2024 THREET CO.,LTD. All Rights Reserved.
2024/12/18 19:32:15 >> info : * http://www.threet.co.jp
2024/12/18 19:32:15 >> info : * ------------------------------------------------------------ *
2024/12/18 19:32:15 >> debug : HTTP_REFERER > https://roz.threet.co.jp/~m-ela/simplan/attendance.php
2024/12/18 19:32:15 >> debug : SCRIPT_URI > 
2024/12/18 19:32:15 >> debug : REQUEST_URI > /~m-ela/simplan/attendance.php
2024/12/18 19:32:15 >> debug : HTTPS > on
2024/12/18 19:32:15 >> debug : HTTPS MODE > on
2024/12/18 19:32:15 >> debug : DEF_COMMAND > cmd
2024/12/18 19:32:15 >> debug : DEF_PROCESS > prc
2024/12/18 19:32:15 >> debug : POST DATA > [prc] : <list>
2024/12/18 19:32:15 >> debug : POST DATA > [cmd] : <reload>
2024/12/18 19:32:15 >> debug : POST DATA > [sid] : <>
2024/12/18 19:32:15 >> debug : POST DATA > [pno] : <>
2024/12/18 19:32:15 >> debug : POST DATA > [onetime_ticket] : <bba36a4d5f55b5382b39b7c6c8a49a74>
2024/12/18 19:32:15 >> debug : SESSION start ... OK
2024/12/18 19:32:15 >> info : Process set [list] ... OK
2024/12/18 19:32:15 >> info : Process Name [listProcess] ... OK
2024/12/18 19:32:15 >> info : Include File [/home/m-ela/projects/simplan/public_app/mod/user/attendance/process/listProcess.php]... OK
2024/12/18 19:32:15 >> info : Class Exists [listProcess] ... OK
2024/12/18 19:32:15 >> debug : DB Connect ... OK
2024/12/18 19:32:15 >> debug : Entering precute ...
2024/12/18 19:32:15 >> info : SimplanAbstractProcess::execCommand -> AbstractCommand::executeProcess > [ m_user/is_login.sql ]
2024/12/18 19:32:15 >> debug : WideDB_SimplanInterface::QueryExecute >>SELECT user.f_user_id ,user.f_name ,user.f_surname_kana ,user.f_mailaddress ,user.f_login_id ,user.f_password ,user.f_del_flg ,user.f_reg_account ,user.f_reg_time ,user.f_upd_account ,user.f_upd_time FROM m_user user WHERE user.f_user_id = '4'
2024/12/18 19:32:15 >> info : execQuery TIME : 0.00013 second
2024/12/18 19:32:15 >> info : Session connection is OK ...
2024/12/18 19:32:15 >> info : SimplanAbstractProcess::execCommand -> AbstractCommand::executeProcess > [ t_attendance/list.sql ]
2024/12/18 19:32:15 >> debug : WideDB_SimplanInterface::QueryExecute >>SELECT employe.f_employee_id as id ,employe.f_name as name FROM m_addemployee employe WHERE employe.f_del_flg = '0'
2024/12/18 19:32:15 >> info : execQuery TIME : 0.00016 second
2024/12/18 19:32:15 >> debug : Entering execute ...
2024/12/18 19:32:15 >> debug : listProcess Entering executeReload ...
2024/12/18 19:32:15 >> info : SimplanAbstractProcess::execCommand -> AbstractCommand::executeProcess > [ t_attendance/select_list_count.sql ]
2024/12/18 19:32:15 >> debug : WideDB_SimplanInterface::QueryExecute >>SELECT count(attendance.f_attendance_id) as count FROM t_attendance attendance WHERE attendance.f_del_flg = '0'
2024/12/18 19:32:15 >> info : execQuery TIME : 0.00034 second
2024/12/18 19:32:15 >> info : SimplanAbstractProcess::execCommand -> AbstractCommand::executeProcess > [ t_attendance/select_list.sql ]
2024/12/18 19:32:15 >> debug : WideDB_SimplanInterface::QueryExecute >>SELECT attendance.f_attendance_id ,attendance.f_name ,attendance.f_leave_type ,attendance.f_leave_reason ,date_format(attendance.f_date, '%Y/%m/%d') as f_date FROM t_attendance attendance WHERE attendance.f_del_flg = '0' ORDER BY attendance.f_attendance_id DESC LIMIT 0, 15
2024/12/18 19:32:15 >> info : execQuery TIME : 0.00064 second
2024/12/18 19:32:15 >> debug : Entering postcute ...
2024/12/18 19:32:15 >> debug : DB Connect Close ... OK
2024/12/18 21:23:25 >> info : * ------------------------------------------------------------ *
2024/12/18 21:23:25 >> info : * Simplan Framework - PHP Web Application Framework
2024/12/18 21:23:25 >> info : * 
2024/12/18 21:23:25 >> info : * Version : 1.1.0
2024/12/18 21:23:25 >> info : * Copyright(c) 2003-2024 THREET CO.,LTD. All Rights Reserved.
2024/12/18 21:23:25 >> info : * http://www.threet.co.jp
2024/12/18 21:23:25 >> info : * ------------------------------------------------------------ *
2024/12/18 21:23:25 >> debug : HTTP_REFERER > 
2024/12/18 21:23:25 >> debug : SCRIPT_URI > 
2024/12/18 21:23:25 >> debug : REQUEST_URI > /~m-ela/simplan/
2024/12/18 21:23:25 >> debug : HTTPS > on
2024/12/18 21:23:25 >> debug : HTTPS MODE > on
2024/12/18 21:23:25 >> debug : DEF_COMMAND > cmd
2024/12/18 21:23:25 >> debug : DEF_PROCESS > prc
2024/12/18 21:23:25 >> debug : SESSION start ... OK
2024/12/18 21:23:25 >> info : Process set [index] ... OK
2024/12/18 21:23:25 >> info : Process Name [indexProcess] ... OK
2024/12/18 21:23:25 >> info : Include File [/home/m-ela/projects/simplan/public_app/mod/user/index/process/indexProcess.php]... OK
2024/12/18 21:23:25 >> info : Class Exists [indexProcess] ... OK
2024/12/18 21:23:25 >> debug : DB Connect ... OK
2024/12/18 21:23:25 >> debug : Entering precute ...
2024/12/18 21:23:25 >> debug : Temp dir is [/home/m-ela/projects/simplan/public_html/admin/img/img_temp/]
2024/12/18 21:23:25 >> debug : File dir is [/home/m-ela/projects/simplan/public_html/admin/img/profile_photo/]
2024/12/18 21:23:25 >> debug : Entering execute ...
2024/12/18 21:23:25 >> debug : indexProcess Entering executeDefault ...
2024/12/18 21:23:25 >> debug : Entering execDefualt ...
2024/12/18 21:23:25 >> info : Session connection is NG ...
2024/12/18 21:23:25 >> info : SimplanAbstractProcess::execCommand -> AbstractCommand::executeProcess > [ m_addemployee/select_one.sql ]
2024/12/18 21:23:25 >> debug : WideDB_SimplanInterface::QueryExecute >>SELECT addemployee.f_employee_id ,addemployee.f_emp_id ,addemployee.f_name ,addemployee.f_aadhar_number ,addemployee.f_pan_number ,addemployee.f_passport ,date_format(addemployee.f_issue_date, '%Y/%m/%d') as f_issue_date ,date_format(addemployee.f_expiry_date, '%Y/%m/%d') as f_expiry_date ,addemployee.f_gender ,date_format(addemployee.f_date_of_birth, '%Y/%m/%d') as f_date_of_birth ,addemployee.f_age ,addemployee.f_blood_group ,addemployee.f_status ,addemployee.f_address1 ,addemployee.f_address2 ,addemployee.f_city ,addemployee.f_state ,addemployee.f_pincode ,addemployee.f_country ,addemployee.f_mobile_number ,addemployee.f_office_telephone_number ,addemployee.f_office_email ,addemployee.f_personal_mail ,addemployee.f_relation_name ,addemployee.f_relationship ,addemployee.f_occupation ,addemployee.f_address ,addemployee.f_phone_number ,addemployee.f_emp_status ,addemployee.f_category ,addemployee.f_job_title ,addemployee.f_join_date ,addemployee.f_relive_date ,addemployee.f_location ,addemployee.f_experience ,addemployee.f_education_ug ,addemployee.f_degree_ug ,addemployee.f_university_ug ,addemployee.f_education_pg ,addemployee.f_degree_pg ,addemployee.f_university_pg ,addemployee.f_additional_skill ,addemployee.f_language ,addemployee.f_others ,addemployee.f_jlpt ,addemployee.f_bank_name ,addemployee.f_bank_branch ,addemployee.f_acc_no ,addemployee.f_ifsc_code ,addemployee.f_description ,addemployee.f_image ,addemployee.f_del_flg ,addemployee.f_reg_account ,addemployee.f_reg_time ,addemployee.f_upd_account ,addemployee.f_upd_time FROM m_addemployee addemployee WHERE addemployee.f_del_flg = '0'
2024/12/18 21:23:25 >> info : execQuery TIME : 0.00022 second
2024/12/18 21:23:25 >> debug : Entering postcute ...
2024/12/18 21:23:25 >> debug : DB Connect Close ... OK
2024/12/18 21:23:31 >> info : * ------------------------------------------------------------ *
2024/12/18 21:23:31 >> info : * Simplan Framework - PHP Web Application Framework
2024/12/18 21:23:31 >> info : * 
2024/12/18 21:23:31 >> info : * Version : 1.1.0
2024/12/18 21:23:31 >> info : * Copyright(c) 2003-2024 THREET CO.,LTD. All Rights Reserved.
2024/12/18 21:23:31 >> info : * http://www.threet.co.jp
2024/12/18 21:23:31 >> info : * ------------------------------------------------------------ *
2024/12/18 21:23:31 >> debug : HTTP_REFERER > 
2024/12/18 21:23:31 >> debug : SCRIPT_URI > 
2024/12/18 21:23:31 >> debug : REQUEST_URI > /~m-ela/simplan/admin/
2024/12/18 21:23:31 >> debug : HTTPS > on
2024/12/18 21:23:31 >> debug : HTTPS MODE > on
2024/12/18 21:23:31 >> debug : DEF_COMMAND > cmd
2024/12/18 21:23:31 >> debug : DEF_PROCESS > prc
2024/12/18 21:23:31 >> debug : SESSION start ... OK
2024/12/18 21:23:31 >> info : Process set [index] ... OK
2024/12/18 21:23:31 >> info : Process Name [indexProcess] ... OK
2024/12/18 21:23:31 >> info : Include File [/home/m-ela/projects/simplan/public_app/mod/admin/index/process/indexProcess.php]... OK
2024/12/18 21:23:31 >> info : Class Exists [indexProcess] ... OK
2024/12/18 21:23:31 >> debug : DB Connect ... OK
2024/12/18 21:23:31 >> debug : Entering precute ...
2024/12/18 21:23:31 >> debug : Entering execute ...
2024/12/18 21:23:31 >> debug : indexProcess Entering executeDefault ...
2024/12/18 21:23:31 >> debug : Entering execDefualt ...
2024/12/18 21:23:31 >> info : Session connection is NG ...
2024/12/18 21:23:31 >> debug : Entering postcute ...
2024/12/18 21:23:31 >> debug : DB Connect Close ... OK
2024/12/18 21:23:36 >> info : * ------------------------------------------------------------ *
2024/12/18 21:23:36 >> info : * Simplan Framework - PHP Web Application Framework
2024/12/18 21:23:36 >> info : * 
2024/12/18 21:23:36 >> info : * Version : 1.1.0
2024/12/18 21:23:36 >> info : * Copyright(c) 2003-2024 THREET CO.,LTD. All Rights Reserved.
2024/12/18 21:23:36 >> info : * http://www.threet.co.jp
2024/12/18 21:23:36 >> info : * ------------------------------------------------------------ *
2024/12/18 21:23:36 >> debug : HTTP_REFERER > https://roz.threet.co.jp/~m-ela/simplan/admin/
2024/12/18 21:23:36 >> debug : SCRIPT_URI > 
2024/12/18 21:23:36 >> debug : REQUEST_URI > /~m-ela/simplan/admin/index.php
2024/12/18 21:23:36 >> debug : HTTPS > on
2024/12/18 21:23:36 >> debug : HTTPS MODE > on
2024/12/18 21:23:36 >> debug : DEF_COMMAND > cmd
2024/12/18 21:23:36 >> debug : DEF_PROCESS > prc
2024/12/18 21:23:36 >> debug : POST DATA > [prc] : <index>
2024/12/18 21:23:36 >> debug : POST DATA > [cmd] : <login>
2024/12/18 21:23:36 >> debug : POST DATA > [f_id] : <mela15>
2024/12/18 21:23:36 >> debug : POST DATA > [f_password] : <mela15>
2024/12/18 21:23:36 >> debug : SESSION start ... OK
2024/12/18 21:23:36 >> info : Process set [index] ... OK
2024/12/18 21:23:36 >> info : Process Name [indexProcess] ... OK
2024/12/18 21:23:36 >> info : Include File [/home/m-ela/projects/simplan/public_app/mod/admin/index/process/indexProcess.php]... OK
2024/12/18 21:23:36 >> info : Class Exists [indexProcess] ... OK
2024/12/18 21:23:36 >> debug : DB Connect ... OK
2024/12/18 21:23:36 >> debug : Entering precute ...
2024/12/18 21:23:36 >> debug : Entering execute ...
2024/12/18 21:23:36 >> debug : indexProcess Entering executeLogin ...
2024/12/18 21:23:36 >> debug : Entering executeLogin ...
2024/12/18 21:23:36 >> info : SimplanAbstractProcess::execCommand -> AbstractCommand::executeProcess > [ m_admin/login.sql ]
2024/12/18 21:23:36 >> debug : WideDB_SimplanInterface::QueryExecute >>SELECT ma.f_admin_id ,ma.f_name ,ma.f_mailaddress ,ma.f_id ,ma.f_password ,ma.f_admin_kbn ,ma.f_auth ,ma.f_auth_value ,ma.f_del_flg ,ma.f_reg_account ,ma.f_reg_time ,ma.f_upd_account ,ma.f_upd_time FROM m_admin ma WHERE ma.f_id = 'mela15' AND ma.f_password = '08d7b28918f18c147659d5b42ee8eb9150fb133b1b4c64f0d99e32ec47b59cff' AND ma.f_del_flg = '0'
2024/12/18 21:23:36 >> info : execQuery TIME : 0.00014 second
2024/12/18 21:23:36 >> debug : indexProcessError executeLogin ... NG
2024/12/18 21:23:36 >> debug : Entering postcute ...
2024/12/18 21:23:36 >> debug : DB Connect Close ... OK
2024/12/18 21:23:41 >> info : * ------------------------------------------------------------ *
2024/12/18 21:23:41 >> info : * Simplan Framework - PHP Web Application Framework
2024/12/18 21:23:41 >> info : * 
2024/12/18 21:23:41 >> info : * Version : 1.1.0
2024/12/18 21:23:41 >> info : * Copyright(c) 2003-2024 THREET CO.,LTD. All Rights Reserved.
2024/12/18 21:23:41 >> info : * http://www.threet.co.jp
2024/12/18 21:23:41 >> info : * ------------------------------------------------------------ *
2024/12/18 21:23:41 >> debug : HTTP_REFERER > https://roz.threet.co.jp/~m-ela/simplan/admin/index.php
2024/12/18 21:23:41 >> debug : SCRIPT_URI > 
2024/12/18 21:23:41 >> debug : REQUEST_URI > /~m-ela/simplan/admin/index.php
2024/12/18 21:23:41 >> debug : HTTPS > on
2024/12/18 21:23:41 >> debug : HTTPS MODE > on
2024/12/18 21:23:41 >> debug : DEF_COMMAND > cmd
2024/12/18 21:23:41 >> debug : DEF_PROCESS > prc
2024/12/18 21:23:41 >> debug : POST DATA > [prc] : <index>
2024/12/18 21:23:41 >> debug : POST DATA > [cmd] : <login>
2024/12/18 21:23:41 >> debug : POST DATA > [f_id] : <adminela>
2024/12/18 21:23:41 >> debug : POST DATA > [f_password] : <adminela>
2024/12/18 21:23:41 >> debug : SESSION start ... OK
2024/12/18 21:23:41 >> info : Process set [index] ... OK
2024/12/18 21:23:41 >> info : Process Name [indexProcess] ... OK
2024/12/18 21:23:41 >> info : Include File [/home/m-ela/projects/simplan/public_app/mod/admin/index/process/indexProcess.php]... OK
2024/12/18 21:23:41 >> info : Class Exists [indexProcess] ... OK
2024/12/18 21:23:41 >> debug : DB Connect ... OK
2024/12/18 21:23:41 >> debug : Entering precute ...
2024/12/18 21:23:41 >> debug : Entering execute ...
2024/12/18 21:23:41 >> debug : indexProcess Entering executeLogin ...
2024/12/18 21:23:41 >> debug : Entering executeLogin ...
2024/12/18 21:23:41 >> info : SimplanAbstractProcess::execCommand -> AbstractCommand::executeProcess > [ m_admin/login.sql ]
2024/12/18 21:23:41 >> debug : WideDB_SimplanInterface::QueryExecute >>SELECT ma.f_admin_id ,ma.f_name ,ma.f_mailaddress ,ma.f_id ,ma.f_password ,ma.f_admin_kbn ,ma.f_auth ,ma.f_auth_value ,ma.f_del_flg ,ma.f_reg_account ,ma.f_reg_time ,ma.f_upd_account ,ma.f_upd_time FROM m_admin ma WHERE ma.f_id = 'adminela' AND ma.f_password = '50c901d357969fe080766df910dfb0984fb04b38f4f3005edddc817e329ce453' AND ma.f_del_flg = '0'
2024/12/18 21:23:41 >> info : execQuery TIME : 0.00015 second
2024/12/18 21:23:41 >> debug : Entering postcute ...
2024/12/18 21:23:41 >> debug : DB Connect Close ... OK
2024/12/18 22:11:55 >> info : * ------------------------------------------------------------ *
2024/12/18 22:11:55 >> info : * Simplan Framework - PHP Web Application Framework
2024/12/18 22:11:55 >> info : * 
2024/12/18 22:11:55 >> info : * Version : 1.1.0
2024/12/18 22:11:55 >> info : * Copyright(c) 2003-2024 THREET CO.,LTD. All Rights Reserved.
2024/12/18 22:11:55 >> info : * http://www.threet.co.jp
2024/12/18 22:11:55 >> info : * ------------------------------------------------------------ *
2024/12/18 22:11:55 >> debug : HTTP_REFERER > 
2024/12/18 22:11:55 >> debug : SCRIPT_URI > 
2024/12/18 22:11:55 >> debug : REQUEST_URI > /~m-ela/simplan/
2024/12/18 22:11:55 >> debug : HTTPS > on
2024/12/18 22:11:55 >> debug : HTTPS MODE > on
2024/12/18 22:11:55 >> debug : DEF_COMMAND > cmd
2024/12/18 22:11:55 >> debug : DEF_PROCESS > prc
2024/12/18 22:11:55 >> debug : SESSION start ... OK
2024/12/18 22:11:55 >> info : Process set [index] ... OK
2024/12/18 22:11:55 >> info : Process Name [indexProcess] ... OK
2024/12/18 22:11:55 >> info : Include File [/home/m-ela/projects/simplan/public_app/mod/user/index/process/indexProcess.php]... OK
2024/12/18 22:11:55 >> info : Class Exists [indexProcess] ... OK
2024/12/18 22:11:55 >> debug : DB Connect ... OK
2024/12/18 22:11:55 >> debug : Entering precute ...
2024/12/18 22:11:55 >> debug : Temp dir is [/home/m-ela/projects/simplan/public_html/admin/img/img_temp/]
2024/12/18 22:11:55 >> debug : File dir is [/home/m-ela/projects/simplan/public_html/admin/img/profile_photo/]
2024/12/18 22:11:55 >> debug : Entering execute ...
2024/12/18 22:11:55 >> debug : indexProcess Entering executeDefault ...
2024/12/18 22:11:55 >> debug : Entering execDefualt ...
2024/12/18 22:11:55 >> info : Session connection is NG ...
2024/12/18 22:11:55 >> info : SimplanAbstractProcess::execCommand -> AbstractCommand::executeProcess > [ m_addemployee/select_one.sql ]
2024/12/18 22:11:55 >> debug : WideDB_SimplanInterface::QueryExecute >>SELECT addemployee.f_employee_id ,addemployee.f_emp_id ,addemployee.f_name ,addemployee.f_aadhar_number ,addemployee.f_pan_number ,addemployee.f_passport ,date_format(addemployee.f_issue_date, '%Y/%m/%d') as f_issue_date ,date_format(addemployee.f_expiry_date, '%Y/%m/%d') as f_expiry_date ,addemployee.f_gender ,date_format(addemployee.f_date_of_birth, '%Y/%m/%d') as f_date_of_birth ,addemployee.f_age ,addemployee.f_blood_group ,addemployee.f_status ,addemployee.f_address1 ,addemployee.f_address2 ,addemployee.f_city ,addemployee.f_state ,addemployee.f_pincode ,addemployee.f_country ,addemployee.f_mobile_number ,addemployee.f_office_telephone_number ,addemployee.f_office_email ,addemployee.f_personal_mail ,addemployee.f_relation_name ,addemployee.f_relationship ,addemployee.f_occupation ,addemployee.f_address ,addemployee.f_phone_number ,addemployee.f_emp_status ,addemployee.f_category ,addemployee.f_job_title ,addemployee.f_join_date ,addemployee.f_relive_date ,addemployee.f_location ,addemployee.f_experience ,addemployee.f_education_ug ,addemployee.f_degree_ug ,addemployee.f_university_ug ,addemployee.f_education_pg ,addemployee.f_degree_pg ,addemployee.f_university_pg ,addemployee.f_additional_skill ,addemployee.f_language ,addemployee.f_others ,addemployee.f_jlpt ,addemployee.f_bank_name ,addemployee.f_bank_branch ,addemployee.f_acc_no ,addemployee.f_ifsc_code ,addemployee.f_description ,addemployee.f_image ,addemployee.f_del_flg ,addemployee.f_reg_account ,addemployee.f_reg_time ,addemployee.f_upd_account ,addemployee.f_upd_time FROM m_addemployee addemployee WHERE addemployee.f_del_flg = '0'
2024/12/18 22:11:55 >> info : execQuery TIME : 0.00041 second
2024/12/18 22:11:55 >> debug : Entering postcute ...
2024/12/18 22:11:55 >> debug : DB Connect Close ... OK
2024/12/18 22:12:00 >> info : * ------------------------------------------------------------ *
2024/12/18 22:12:00 >> info : * Simplan Framework - PHP Web Application Framework
2024/12/18 22:12:00 >> info : * 
2024/12/18 22:12:00 >> info : * Version : 1.1.0
2024/12/18 22:12:00 >> info : * Copyright(c) 2003-2024 THREET CO.,LTD. All Rights Reserved.
2024/12/18 22:12:00 >> info : * http://www.threet.co.jp
2024/12/18 22:12:00 >> info : * ------------------------------------------------------------ *
2024/12/18 22:12:00 >> debug : HTTP_REFERER > 
2024/12/18 22:12:00 >> debug : SCRIPT_URI > 
2024/12/18 22:12:00 >> debug : REQUEST_URI > /~m-ela/simplan/admin/
2024/12/18 22:12:00 >> debug : HTTPS > on
2024/12/18 22:12:00 >> debug : HTTPS MODE > on
2024/12/18 22:12:00 >> debug : DEF_COMMAND > cmd
2024/12/18 22:12:00 >> debug : DEF_PROCESS > prc
2024/12/18 22:12:00 >> debug : SESSION start ... OK
2024/12/18 22:12:00 >> info : Process set [index] ... OK
2024/12/18 22:12:00 >> info : Process Name [indexProcess] ... OK
2024/12/18 22:12:00 >> info : Include File [/home/m-ela/projects/simplan/public_app/mod/admin/index/process/indexProcess.php]... OK
2024/12/18 22:12:00 >> info : Class Exists [indexProcess] ... OK
2024/12/18 22:12:00 >> debug : DB Connect ... OK
2024/12/18 22:12:00 >> debug : Entering precute ...
2024/12/18 22:12:00 >> debug : Entering execute ...
2024/12/18 22:12:00 >> debug : indexProcess Entering executeDefault ...
2024/12/18 22:12:00 >> debug : Entering execDefualt ...
2024/12/18 22:12:00 >> info : Session connection is NG ...
2024/12/18 22:12:00 >> debug : Entering postcute ...
2024/12/18 22:12:00 >> debug : DB Connect Close ... OK
2024/12/18 22:12:03 >> info : * ------------------------------------------------------------ *
2024/12/18 22:12:03 >> info : * Simplan Framework - PHP Web Application Framework
2024/12/18 22:12:03 >> info : * 
2024/12/18 22:12:03 >> info : * Version : 1.1.0
2024/12/18 22:12:03 >> info : * Copyright(c) 2003-2024 THREET CO.,LTD. All Rights Reserved.
2024/12/18 22:12:03 >> info : * http://www.threet.co.jp
2024/12/18 22:12:03 >> info : * ------------------------------------------------------------ *
2024/12/18 22:12:03 >> debug : HTTP_REFERER > https://roz.threet.co.jp/~m-ela/simplan/admin/
2024/12/18 22:12:03 >> debug : SCRIPT_URI > 
2024/12/18 22:12:03 >> debug : REQUEST_URI > /~m-ela/simplan/admin/index.php
2024/12/18 22:12:03 >> debug : HTTPS > on
2024/12/18 22:12:03 >> debug : HTTPS MODE > on
2024/12/18 22:12:03 >> debug : DEF_COMMAND > cmd
2024/12/18 22:12:03 >> debug : DEF_PROCESS > prc
2024/12/18 22:12:03 >> debug : POST DATA > [prc] : <index>
2024/12/18 22:12:03 >> debug : POST DATA > [cmd] : <login>
2024/12/18 22:12:03 >> debug : POST DATA > [f_id] : <adminela>
2024/12/18 22:12:03 >> debug : POST DATA > [f_password] : <adminela>
2024/12/18 22:12:03 >> debug : SESSION start ... OK
2024/12/18 22:12:03 >> info : Process set [index] ... OK
2024/12/18 22:12:03 >> info : Process Name [indexProcess] ... OK
2024/12/18 22:12:03 >> info : Include File [/home/m-ela/projects/simplan/public_app/mod/admin/index/process/indexProcess.php]... OK
2024/12/18 22:12:03 >> info : Class Exists [indexProcess] ... OK
2024/12/18 22:12:03 >> debug : DB Connect ... OK
2024/12/18 22:12:03 >> debug : Entering precute ...
2024/12/18 22:12:03 >> debug : Entering execute ...
2024/12/18 22:12:03 >> debug : indexProcess Entering executeLogin ...
2024/12/18 22:12:03 >> debug : Entering executeLogin ...
2024/12/18 22:12:03 >> info : SimplanAbstractProcess::execCommand -> AbstractCommand::executeProcess > [ m_admin/login.sql ]
2024/12/18 22:12:03 >> debug : WideDB_SimplanInterface::QueryExecute >>SELECT ma.f_admin_id ,ma.f_name ,ma.f_mailaddress ,ma.f_id ,ma.f_password ,ma.f_admin_kbn ,ma.f_auth ,ma.f_auth_value ,ma.f_del_flg ,ma.f_reg_account ,ma.f_reg_time ,ma.f_upd_account ,ma.f_upd_time FROM m_admin ma WHERE ma.f_id = 'adminela' AND ma.f_password = '50c901d357969fe080766df910dfb0984fb04b38f4f3005edddc817e329ce453' AND ma.f_del_flg = '0'
2024/12/18 22:12:03 >> info : execQuery TIME : 0.00017 second
2024/12/18 22:12:03 >> debug : Entering postcute ...
2024/12/18 22:12:03 >> debug : DB Connect Close ... OK
2024/12/18 22:12:08 >> info : * ------------------------------------------------------------ *
2024/12/18 22:12:08 >> info : * Simplan Framework - PHP Web Application Framework
2024/12/18 22:12:08 >> info : * 
2024/12/18 22:12:08 >> info : * Version : 1.1.0
2024/12/18 22:12:08 >> info : * Copyright(c) 2003-2024 THREET CO.,LTD. All Rights Reserved.
2024/12/18 22:12:08 >> info : * http://www.threet.co.jp
2024/12/18 22:12:08 >> info : * ------------------------------------------------------------ *
2024/12/18 22:12:08 >> debug : HTTP_REFERER > https://roz.threet.co.jp/~m-ela/simplan/admin/index.php
2024/12/18 22:12:08 >> debug : SCRIPT_URI > 
2024/12/18 22:12:08 >> debug : REQUEST_URI > /~m-ela/simplan/admin/addemployee.php
2024/12/18 22:12:08 >> debug : HTTPS > on
2024/12/18 22:12:08 >> debug : HTTPS MODE > on
2024/12/18 22:12:08 >> debug : DEF_COMMAND > cmd
2024/12/18 22:12:08 >> debug : DEF_PROCESS > prc
2024/12/18 22:12:08 >> debug : SESSION start ... OK
2024/12/18 22:12:08 >> info : Process set [index] ... OK
2024/12/18 22:12:08 >> info : Process Name [listProcess] ... OK
2024/12/18 22:12:08 >> info : Include File [/home/m-ela/projects/simplan/public_app/mod/admin/addemployee/process/listProcess.php]... OK
2024/12/18 22:12:08 >> info : Class Exists [listProcess] ... OK
2024/12/18 22:12:08 >> debug : DB Connect ... OK
2024/12/18 22:12:08 >> debug : Entering precute ...
2024/12/18 22:12:08 >> info : SimplanAbstractProcess::execCommand -> AbstractCommand::executeProcess > [ m_admin/is_login.sql ]
2024/12/18 22:12:08 >> debug : WideDB_SimplanInterface::QueryExecute >>SELECT ma.f_admin_id ,ma.f_name ,ma.f_mailaddress ,ma.f_id ,ma.f_password ,ma.f_admin_kbn ,ma.f_auth ,ma.f_auth_value ,ma.f_del_flg ,ma.f_reg_account ,ma.f_reg_time ,ma.f_upd_account ,ma.f_upd_time FROM m_admin ma WHERE ma.f_admin_id = 1
2024/12/18 22:12:08 >> info : execQuery TIME : 0.00015 second
2024/12/18 22:12:08 >> info : Session connection is OK ...
2024/12/18 22:12:08 >> debug : Entering execute ...
2024/12/18 22:12:08 >> debug : listProcess Entering executeDefault ...
2024/12/18 22:12:08 >> info : SimplanAbstractProcess::execCommand -> AbstractCommand::executeProcess > [ m_addemployee/select_list_count.sql ]
2024/12/18 22:12:08 >> debug : WideDB_SimplanInterface::QueryExecute >>SELECT count(addemployee.f_employee_id) as count FROM m_addemployee addemployee WHERE addemployee.f_del_flg = '0'
2024/12/18 22:12:08 >> info : execQuery TIME : 0.00010 second
2024/12/18 22:12:08 >> info : SimplanAbstractProcess::execCommand -> AbstractCommand::executeProcess > [ m_addemployee/select_list.sql ]
2024/12/18 22:12:08 >> debug : WideDB_SimplanInterface::QueryExecute >>SELECT addemployee.f_employee_id ,addemployee.f_emp_id ,addemployee.f_name ,addemployee.f_aadhar_number ,addemployee.f_pan_number ,addemployee.f_passport ,date_format(addemployee.f_issue_date, '%Y/%m/%d') as f_issue_date ,date_format(addemployee.f_expiry_date, '%Y/%m/%d') as f_expiry_date ,date_format(addemployee.f_date_of_birth, '%Y/%m/%d') as f_date_of_birth ,addemployee.f_mobile_number ,addemployee.f_image ,addemployee.f_emp_status ,addemployee.f_passport_alert FROM m_addemployee addemployee WHERE addemployee.f_del_flg = '0' ORDER BY addemployee.f_emp_status, addemployee.f_emp_id ASC LIMIT 0, 10
2024/12/18 22:12:08 >> info : execQuery TIME : 0.00024 second
2024/12/18 22:12:08 >> debug : Entering postcute ...
2024/12/18 22:12:08 >> debug : DB Connect Close ... OK
2024/12/18 22:12:14 >> info : * ------------------------------------------------------------ *
2024/12/18 22:12:14 >> info : * Simplan Framework - PHP Web Application Framework
2024/12/18 22:12:14 >> info : * 
2024/12/18 22:12:14 >> info : * Version : 1.1.0
2024/12/18 22:12:14 >> info : * Copyright(c) 2003-2024 THREET CO.,LTD. All Rights Reserved.
2024/12/18 22:12:14 >> info : * http://www.threet.co.jp
2024/12/18 22:12:14 >> info : * ------------------------------------------------------------ *
2024/12/18 22:12:14 >> debug : HTTP_REFERER > https://roz.threet.co.jp/~m-ela/simplan/admin/addemployee.php
2024/12/18 22:12:14 >> debug : SCRIPT_URI > 
2024/12/18 22:12:14 >> debug : REQUEST_URI > /~m-ela/simplan/admin/addemployee.php
2024/12/18 22:12:14 >> debug : HTTPS > on
2024/12/18 22:12:14 >> debug : HTTPS MODE > on
2024/12/18 22:12:14 >> debug : DEF_COMMAND > cmd
2024/12/18 22:12:14 >> debug : DEF_PROCESS > prc
2024/12/18 22:12:14 >> debug : POST DATA > [prc] : <list>
2024/12/18 22:12:14 >> debug : POST DATA > [cmd] : <change_page>
2024/12/18 22:12:14 >> debug : POST DATA > [sid] : <>
2024/12/18 22:12:14 >> debug : POST DATA > [pno] : <2>
2024/12/18 22:12:14 >> debug : POST DATA > [f_emp_id] : <>
2024/12/18 22:12:14 >> debug : POST DATA > [f_name] : <>
2024/12/18 22:12:14 >> debug : POST DATA > [f_emp_status] : <>
2024/12/18 22:12:14 >> debug : POST DATA > [onetime_ticket] : <>
2024/12/18 22:12:14 >> debug : SESSION start ... OK
2024/12/18 22:12:14 >> info : Process set [list] ... OK
2024/12/18 22:12:14 >> info : Process Name [listProcess] ... OK
2024/12/18 22:12:14 >> info : Include File [/home/m-ela/projects/simplan/public_app/mod/admin/addemployee/process/listProcess.php]... OK
2024/12/18 22:12:14 >> info : Class Exists [listProcess] ... OK
2024/12/18 22:12:14 >> debug : DB Connect ... OK
2024/12/18 22:12:14 >> debug : Entering precute ...
2024/12/18 22:12:14 >> info : SimplanAbstractProcess::execCommand -> AbstractCommand::executeProcess > [ m_admin/is_login.sql ]
2024/12/18 22:12:14 >> debug : WideDB_SimplanInterface::QueryExecute >>SELECT ma.f_admin_id ,ma.f_name ,ma.f_mailaddress ,ma.f_id ,ma.f_password ,ma.f_admin_kbn ,ma.f_auth ,ma.f_auth_value ,ma.f_del_flg ,ma.f_reg_account ,ma.f_reg_time ,ma.f_upd_account ,ma.f_upd_time FROM m_admin ma WHERE ma.f_admin_id = 1
2024/12/18 22:12:14 >> info : execQuery TIME : 0.00014 second
2024/12/18 22:12:14 >> info : Session connection is OK ...
2024/12/18 22:12:14 >> debug : Entering execute ...
2024/12/18 22:12:14 >> debug : listProcess Entering executeChangePage ...
2024/12/18 22:12:14 >> info : SimplanAbstractProcess::execCommand -> AbstractCommand::executeProcess > [ m_addemployee/select_list_count.sql ]
2024/12/18 22:12:14 >> debug : WideDB_SimplanInterface::QueryExecute >>SELECT count(addemployee.f_employee_id) as count FROM m_addemployee addemployee WHERE addemployee.f_del_flg = '0'
2024/12/18 22:12:14 >> info : execQuery TIME : 0.00015 second
2024/12/18 22:12:14 >> info : SimplanAbstractProcess::execCommand -> AbstractCommand::executeProcess > [ m_addemployee/select_list.sql ]
2024/12/18 22:12:14 >> debug : WideDB_SimplanInterface::QueryExecute >>SELECT addemployee.f_employee_id ,addemployee.f_emp_id ,addemployee.f_name ,addemployee.f_aadhar_number ,addemployee.f_pan_number ,addemployee.f_passport ,date_format(addemployee.f_issue_date, '%Y/%m/%d') as f_issue_date ,date_format(addemployee.f_expiry_date, '%Y/%m/%d') as f_expiry_date ,date_format(addemployee.f_date_of_birth, '%Y/%m/%d') as f_date_of_birth ,addemployee.f_mobile_number ,addemployee.f_image ,addemployee.f_emp_status ,addemployee.f_passport_alert FROM m_addemployee addemployee WHERE addemployee.f_del_flg = '0' ORDER BY addemployee.f_emp_status, addemployee.f_emp_id ASC LIMIT 10, 10
2024/12/18 22:12:14 >> info : execQuery TIME : 0.00066 second
2024/12/18 22:12:14 >> debug : Entering postcute ...
2024/12/18 22:12:14 >> debug : DB Connect Close ... OK
2024/12/18 22:12:45 >> info : * ------------------------------------------------------------ *
2024/12/18 22:12:45 >> info : * Simplan Framework - PHP Web Application Framework
2024/12/18 22:12:45 >> info : * 
2024/12/18 22:12:45 >> info : * Version : 1.1.0
2024/12/18 22:12:45 >> info : * Copyright(c) 2003-2024 THREET CO.,LTD. All Rights Reserved.
2024/12/18 22:12:45 >> info : * http://www.threet.co.jp
2024/12/18 22:12:45 >> info : * ------------------------------------------------------------ *
2024/12/18 22:12:45 >> debug : HTTP_REFERER > https://roz.threet.co.jp/~m-ela/simplan/admin/index.php
2024/12/18 22:12:45 >> debug : SCRIPT_URI > 
2024/12/18 22:12:45 >> debug : REQUEST_URI > /~m-ela/simplan/admin/addemployee.php
2024/12/18 22:12:45 >> debug : HTTPS > on
2024/12/18 22:12:45 >> debug : HTTPS MODE > on
2024/12/18 22:12:45 >> debug : DEF_COMMAND > cmd
2024/12/18 22:12:45 >> debug : DEF_PROCESS > prc
2024/12/18 22:12:45 >> debug : SESSION start ... OK
2024/12/18 22:12:45 >> info : Process set [index] ... OK
2024/12/18 22:12:45 >> info : Process Name [listProcess] ... OK
2024/12/18 22:12:45 >> info : Include File [/home/m-ela/projects/simplan/public_app/mod/admin/addemployee/process/listProcess.php]... OK
2024/12/18 22:12:45 >> info : Class Exists [listProcess] ... OK
2024/12/18 22:12:45 >> debug : DB Connect ... OK
2024/12/18 22:12:45 >> debug : Entering precute ...
2024/12/18 22:12:45 >> info : Session connection is NG ...
2024/12/18 22:12:45 >> info : * ------------------------------------------------------------ *
2024/12/18 22:12:45 >> info : * Simplan Framework - PHP Web Application Framework
2024/12/18 22:12:45 >> info : * 
2024/12/18 22:12:45 >> info : * Version : 1.1.0
2024/12/18 22:12:45 >> info : * Copyright(c) 2003-2024 THREET CO.,LTD. All Rights Reserved.
2024/12/18 22:12:45 >> info : * http://www.threet.co.jp
2024/12/18 22:12:45 >> info : * ------------------------------------------------------------ *
2024/12/18 22:12:45 >> debug : HTTP_REFERER > https://roz.threet.co.jp/~m-ela/simplan/admin/index.php
2024/12/18 22:12:45 >> debug : SCRIPT_URI > 
2024/12/18 22:12:45 >> debug : REQUEST_URI > /~m-ela/simplan/admin/index.php?cmd=timeout
2024/12/18 22:12:45 >> debug : HTTPS > on
2024/12/18 22:12:45 >> debug : HTTPS MODE > on
2024/12/18 22:12:45 >> debug : DEF_COMMAND > cmd
2024/12/18 22:12:45 >> debug : DEF_PROCESS > prc
2024/12/18 22:12:45 >> debug : GET DATA > [cmd] : <timeout>
2024/12/18 22:12:45 >> debug : SESSION start ... OK
2024/12/18 22:12:45 >> info : Process set [index] ... OK
2024/12/18 22:12:45 >> info : Process Name [indexProcess] ... OK
2024/12/18 22:12:45 >> info : Include File [/home/m-ela/projects/simplan/public_app/mod/admin/index/process/indexProcess.php]... OK
2024/12/18 22:12:45 >> info : Class Exists [indexProcess] ... OK
2024/12/18 22:12:45 >> debug : DB Connect ... OK
2024/12/18 22:12:45 >> debug : Entering precute ...
2024/12/18 22:12:45 >> debug : Entering execute ...
2024/12/18 22:12:45 >> debug : indexProcess Entering executeTimeout ...
2024/12/18 22:12:45 >> debug : Entering executeTimeout ...
2024/12/18 22:12:45 >> debug : Entering postcute ...
2024/12/18 22:12:45 >> debug : DB Connect Close ... OK
2024/12/18 22:12:47 >> info : * ------------------------------------------------------------ *
2024/12/18 22:12:47 >> info : * Simplan Framework - PHP Web Application Framework
2024/12/18 22:12:47 >> info : * 
2024/12/18 22:12:47 >> info : * Version : 1.1.0
2024/12/18 22:12:47 >> info : * Copyright(c) 2003-2024 THREET CO.,LTD. All Rights Reserved.
2024/12/18 22:12:47 >> info : * http://www.threet.co.jp
2024/12/18 22:12:47 >> info : * ------------------------------------------------------------ *
2024/12/18 22:12:47 >> debug : HTTP_REFERER > https://roz.threet.co.jp/~m-ela/simplan/admin/index.php?cmd=timeout
2024/12/18 22:12:47 >> debug : SCRIPT_URI > 
2024/12/18 22:12:47 >> debug : REQUEST_URI > /~m-ela/simplan/admin/index.php
2024/12/18 22:12:47 >> debug : HTTPS > on
2024/12/18 22:12:47 >> debug : HTTPS MODE > on
2024/12/18 22:12:47 >> debug : DEF_COMMAND > cmd
2024/12/18 22:12:47 >> debug : DEF_PROCESS > prc
2024/12/18 22:12:47 >> debug : POST DATA > [prc] : <index>
2024/12/18 22:12:47 >> debug : POST DATA > [cmd] : <login>
2024/12/18 22:12:47 >> debug : POST DATA > [f_id] : <adminela>
2024/12/18 22:12:47 >> debug : POST DATA > [f_password] : <adminela>
2024/12/18 22:12:47 >> debug : SESSION start ... OK
2024/12/18 22:12:47 >> info : Process set [index] ... OK
2024/12/18 22:12:47 >> info : Process Name [indexProcess] ... OK
2024/12/18 22:12:47 >> info : Include File [/home/m-ela/projects/simplan/public_app/mod/admin/index/process/indexProcess.php]... OK
2024/12/18 22:12:47 >> info : Class Exists [indexProcess] ... OK
2024/12/18 22:12:47 >> debug : DB Connect ... OK
2024/12/18 22:12:47 >> debug : Entering precute ...
2024/12/18 22:12:47 >> debug : Entering execute ...
2024/12/18 22:12:47 >> debug : indexProcess Entering executeLogin ...
2024/12/18 22:12:47 >> debug : Entering executeLogin ...
2024/12/18 22:12:47 >> info : SimplanAbstractProcess::execCommand -> AbstractCommand::executeProcess > [ m_admin/login.sql ]
2024/12/18 22:12:47 >> debug : WideDB_SimplanInterface::QueryExecute >>SELECT ma.f_admin_id ,ma.f_name ,ma.f_mailaddress ,ma.f_id ,ma.f_password ,ma.f_admin_kbn ,ma.f_auth ,ma.f_auth_value ,ma.f_del_flg ,ma.f_reg_account ,ma.f_reg_time ,ma.f_upd_account ,ma.f_upd_time FROM m_admin ma WHERE ma.f_id = 'adminela' AND ma.f_password = '50c901d357969fe080766df910dfb0984fb04b38f4f3005edddc817e329ce453' AND ma.f_del_flg = '0'
2024/12/18 22:12:47 >> info : execQuery TIME : 0.00016 second
2024/12/18 22:12:47 >> debug : Entering postcute ...
2024/12/18 22:12:47 >> debug : DB Connect Close ... OK
2024/12/18 22:12:49 >> info : * ------------------------------------------------------------ *
2024/12/18 22:12:49 >> info : * Simplan Framework - PHP Web Application Framework
2024/12/18 22:12:49 >> info : * 
2024/12/18 22:12:49 >> info : * Version : 1.1.0
2024/12/18 22:12:49 >> info : * Copyright(c) 2003-2024 THREET CO.,LTD. All Rights Reserved.
2024/12/18 22:12:49 >> info : * http://www.threet.co.jp
2024/12/18 22:12:49 >> info : * ------------------------------------------------------------ *
2024/12/18 22:12:49 >> debug : HTTP_REFERER > https://roz.threet.co.jp/~m-ela/simplan/admin/index.php
2024/12/18 22:12:49 >> debug : SCRIPT_URI > 
2024/12/18 22:12:49 >> debug : REQUEST_URI > /~m-ela/simplan/admin/addemployee.php
2024/12/18 22:12:49 >> debug : HTTPS > on
2024/12/18 22:12:49 >> debug : HTTPS MODE > on
2024/12/18 22:12:49 >> debug : DEF_COMMAND > cmd
2024/12/18 22:12:49 >> debug : DEF_PROCESS > prc
2024/12/18 22:12:49 >> debug : SESSION start ... OK
2024/12/18 22:12:49 >> info : Process set [index] ... OK
2024/12/18 22:12:49 >> info : Process Name [listProcess] ... OK
2024/12/18 22:12:49 >> info : Include File [/home/m-ela/projects/simplan/public_app/mod/admin/addemployee/process/listProcess.php]... OK
2024/12/18 22:12:49 >> info : Class Exists [listProcess] ... OK
2024/12/18 22:12:49 >> debug : DB Connect ... OK
2024/12/18 22:12:49 >> debug : Entering precute ...
2024/12/18 22:12:49 >> info : SimplanAbstractProcess::execCommand -> AbstractCommand::executeProcess > [ m_admin/is_login.sql ]
2024/12/18 22:12:49 >> debug : WideDB_SimplanInterface::QueryExecute >>SELECT ma.f_admin_id ,ma.f_name ,ma.f_mailaddress ,ma.f_id ,ma.f_password ,ma.f_admin_kbn ,ma.f_auth ,ma.f_auth_value ,ma.f_del_flg ,ma.f_reg_account ,ma.f_reg_time ,ma.f_upd_account ,ma.f_upd_time FROM m_admin ma WHERE ma.f_admin_id = 1
2024/12/18 22:12:49 >> info : execQuery TIME : 0.00028 second
2024/12/18 22:12:49 >> info : Session connection is OK ...
2024/12/18 22:12:49 >> debug : Entering execute ...
2024/12/18 22:12:49 >> debug : listProcess Entering executeDefault ...
2024/12/18 22:12:49 >> info : SimplanAbstractProcess::execCommand -> AbstractCommand::executeProcess > [ m_addemployee/select_list_count.sql ]
2024/12/18 22:12:49 >> debug : WideDB_SimplanInterface::QueryExecute >>SELECT count(addemployee.f_employee_id) as count FROM m_addemployee addemployee WHERE addemployee.f_del_flg = '0'
2024/12/18 22:12:49 >> info : execQuery TIME : 0.00018 second
2024/12/18 22:12:49 >> info : SimplanAbstractProcess::execCommand -> AbstractCommand::executeProcess > [ m_addemployee/select_list.sql ]
2024/12/18 22:12:49 >> debug : WideDB_SimplanInterface::QueryExecute >>SELECT addemployee.f_employee_id ,addemployee.f_emp_id ,addemployee.f_name ,addemployee.f_aadhar_number ,addemployee.f_pan_number ,addemployee.f_passport ,date_format(addemployee.f_issue_date, '%Y/%m/%d') as f_issue_date ,date_format(addemployee.f_expiry_date, '%Y/%m/%d') as f_expiry_date ,date_format(addemployee.f_date_of_birth, '%Y/%m/%d') as f_date_of_birth ,addemployee.f_mobile_number ,addemployee.f_image ,addemployee.f_emp_status ,addemployee.f_passport_alert FROM m_addemployee addemployee WHERE addemployee.f_del_flg = '0' ORDER BY addemployee.f_emp_status, addemployee.f_emp_id ASC LIMIT 0, 10
2024/12/18 22:12:49 >> info : execQuery TIME : 0.00044 second
2024/12/18 22:12:49 >> debug : Entering postcute ...
2024/12/18 22:12:49 >> debug : DB Connect Close ... OK
2024/12/18 22:12:52 >> info : * ------------------------------------------------------------ *
2024/12/18 22:12:52 >> info : * Simplan Framework - PHP Web Application Framework
2024/12/18 22:12:52 >> info : * 
2024/12/18 22:12:52 >> info : * Version : 1.1.0
2024/12/18 22:12:52 >> info : * Copyright(c) 2003-2024 THREET CO.,LTD. All Rights Reserved.
2024/12/18 22:12:52 >> info : * http://www.threet.co.jp
2024/12/18 22:12:52 >> info : * ------------------------------------------------------------ *
2024/12/18 22:12:52 >> debug : HTTP_REFERER > https://roz.threet.co.jp/~m-ela/simplan/admin/addemployee.php
2024/12/18 22:12:52 >> debug : SCRIPT_URI > 
2024/12/18 22:12:52 >> debug : REQUEST_URI > /~m-ela/simplan/admin/addemployee.php
2024/12/18 22:12:52 >> debug : HTTPS > on
2024/12/18 22:12:52 >> debug : HTTPS MODE > on
2024/12/18 22:12:52 >> debug : DEF_COMMAND > cmd
2024/12/18 22:12:52 >> debug : DEF_PROCESS > prc
2024/12/18 22:12:52 >> debug : POST DATA > [prc] : <list>
2024/12/18 22:12:52 >> debug : POST DATA > [cmd] : <change_page>
2024/12/18 22:12:52 >> debug : POST DATA > [sid] : <>
2024/12/18 22:12:52 >> debug : POST DATA > [pno] : <3>
2024/12/18 22:12:52 >> debug : POST DATA > [f_emp_id] : <>
2024/12/18 22:12:52 >> debug : POST DATA > [f_name] : <>
2024/12/18 22:12:52 >> debug : POST DATA > [f_emp_status] : <>
2024/12/18 22:12:52 >> debug : POST DATA > [onetime_ticket] : <>
2024/12/18 22:12:52 >> debug : SESSION start ... OK
2024/12/18 22:12:52 >> info : Process set [list] ... OK
2024/12/18 22:12:52 >> info : Process Name [listProcess] ... OK
2024/12/18 22:12:52 >> info : Include File [/home/m-ela/projects/simplan/public_app/mod/admin/addemployee/process/listProcess.php]... OK
2024/12/18 22:12:52 >> info : Class Exists [listProcess] ... OK
2024/12/18 22:12:52 >> debug : DB Connect ... OK
2024/12/18 22:12:52 >> debug : Entering precute ...
2024/12/18 22:12:52 >> info : SimplanAbstractProcess::execCommand -> AbstractCommand::executeProcess > [ m_admin/is_login.sql ]
2024/12/18 22:12:52 >> debug : WideDB_SimplanInterface::QueryExecute >>SELECT ma.f_admin_id ,ma.f_name ,ma.f_mailaddress ,ma.f_id ,ma.f_password ,ma.f_admin_kbn ,ma.f_auth ,ma.f_auth_value ,ma.f_del_flg ,ma.f_reg_account ,ma.f_reg_time ,ma.f_upd_account ,ma.f_upd_time FROM m_admin ma WHERE ma.f_admin_id = 1
2024/12/18 22:12:52 >> info : execQuery TIME : 0.00013 second
2024/12/18 22:12:52 >> info : Session connection is OK ...
2024/12/18 22:12:52 >> debug : Entering execute ...
2024/12/18 22:12:52 >> debug : listProcess Entering executeChangePage ...
2024/12/18 22:12:52 >> info : SimplanAbstractProcess::execCommand -> AbstractCommand::executeProcess > [ m_addemployee/select_list_count.sql ]
2024/12/18 22:12:52 >> debug : WideDB_SimplanInterface::QueryExecute >>SELECT count(addemployee.f_employee_id) as count FROM m_addemployee addemployee WHERE addemployee.f_del_flg = '0'
2024/12/18 22:12:52 >> info : execQuery TIME : 0.00009 second
2024/12/18 22:12:52 >> info : SimplanAbstractProcess::execCommand -> AbstractCommand::executeProcess > [ m_addemployee/select_list.sql ]
2024/12/18 22:12:52 >> debug : WideDB_SimplanInterface::QueryExecute >>SELECT addemployee.f_employee_id ,addemployee.f_emp_id ,addemployee.f_name ,addemployee.f_aadhar_number ,addemployee.f_pan_number ,addemployee.f_passport ,date_format(addemployee.f_issue_date, '%Y/%m/%d') as f_issue_date ,date_format(addemployee.f_expiry_date, '%Y/%m/%d') as f_expiry_date ,date_format(addemployee.f_date_of_birth, '%Y/%m/%d') as f_date_of_birth ,addemployee.f_mobile_number ,addemployee.f_image ,addemployee.f_emp_status ,addemployee.f_passport_alert FROM m_addemployee addemployee WHERE addemployee.f_del_flg = '0' ORDER BY addemployee.f_emp_status, addemployee.f_emp_id ASC LIMIT 20, 10
2024/12/18 22:12:52 >> info : execQuery TIME : 0.00013 second
2024/12/18 22:12:52 >> debug : Entering postcute ...
2024/12/18 22:12:52 >> debug : DB Connect Close ... OK
2024/12/18 22:12:55 >> info : * ------------------------------------------------------------ *
2024/12/18 22:12:55 >> info : * Simplan Framework - PHP Web Application Framework
2024/12/18 22:12:55 >> info : * 
2024/12/18 22:12:55 >> info : * Version : 1.1.0
2024/12/18 22:12:55 >> info : * Copyright(c) 2003-2024 THREET CO.,LTD. All Rights Reserved.
2024/12/18 22:12:55 >> info : * http://www.threet.co.jp
2024/12/18 22:12:55 >> info : * ------------------------------------------------------------ *
2024/12/18 22:12:55 >> debug : HTTP_REFERER > https://roz.threet.co.jp/~m-ela/simplan/admin/addemployee.php
2024/12/18 22:12:55 >> debug : SCRIPT_URI > 
2024/12/18 22:12:55 >> debug : REQUEST_URI > /~m-ela/simplan/admin/addemployee.php
2024/12/18 22:12:55 >> debug : HTTPS > on
2024/12/18 22:12:55 >> debug : HTTPS MODE > on
2024/12/18 22:12:55 >> debug : DEF_COMMAND > cmd
2024/12/18 22:12:55 >> debug : DEF_PROCESS > prc
2024/12/18 22:12:55 >> debug : POST DATA > [prc] : <list>
2024/12/18 22:12:55 >> debug : POST DATA > [cmd] : <change_page>
2024/12/18 22:12:55 >> debug : POST DATA > [sid] : <>
2024/12/18 22:12:55 >> debug : POST DATA > [pno] : <2>
2024/12/18 22:12:55 >> debug : POST DATA > [f_emp_id] : <>
2024/12/18 22:12:55 >> debug : POST DATA > [f_name] : <>
2024/12/18 22:12:55 >> debug : POST DATA > [f_emp_status] : <>
2024/12/18 22:12:55 >> debug : POST DATA > [onetime_ticket] : <>
2024/12/18 22:12:55 >> debug : SESSION start ... OK
2024/12/18 22:12:55 >> info : Process set [list] ... OK
2024/12/18 22:12:55 >> info : Process Name [listProcess] ... OK
2024/12/18 22:12:55 >> info : Include File [/home/m-ela/projects/simplan/public_app/mod/admin/addemployee/process/listProcess.php]... OK
2024/12/18 22:12:55 >> info : Class Exists [listProcess] ... OK
2024/12/18 22:12:55 >> debug : DB Connect ... OK
2024/12/18 22:12:55 >> debug : Entering precute ...
2024/12/18 22:12:55 >> info : SimplanAbstractProcess::execCommand -> AbstractCommand::executeProcess > [ m_admin/is_login.sql ]
2024/12/18 22:12:55 >> debug : WideDB_SimplanInterface::QueryExecute >>SELECT ma.f_admin_id ,ma.f_name ,ma.f_mailaddress ,ma.f_id ,ma.f_password ,ma.f_admin_kbn ,ma.f_auth ,ma.f_auth_value ,ma.f_del_flg ,ma.f_reg_account ,ma.f_reg_time ,ma.f_upd_account ,ma.f_upd_time FROM m_admin ma WHERE ma.f_admin_id = 1
2024/12/18 22:12:55 >> info : execQuery TIME : 0.00024 second
2024/12/18 22:12:55 >> info : Session connection is OK ...
2024/12/18 22:12:55 >> debug : Entering execute ...
2024/12/18 22:12:55 >> debug : listProcess Entering executeChangePage ...
2024/12/18 22:12:55 >> info : SimplanAbstractProcess::execCommand -> AbstractCommand::executeProcess > [ m_addemployee/select_list_count.sql ]
2024/12/18 22:12:55 >> debug : WideDB_SimplanInterface::QueryExecute >>SELECT count(addemployee.f_employee_id) as count FROM m_addemployee addemployee WHERE addemployee.f_del_flg = '0'
2024/12/18 22:12:55 >> info : execQuery TIME : 0.00018 second
2024/12/18 22:12:55 >> info : SimplanAbstractProcess::execCommand -> AbstractCommand::executeProcess > [ m_addemployee/select_list.sql ]
2024/12/18 22:12:55 >> debug : WideDB_SimplanInterface::QueryExecute >>SELECT addemployee.f_employee_id ,addemployee.f_emp_id ,addemployee.f_name ,addemployee.f_aadhar_number ,addemployee.f_pan_number ,addemployee.f_passport ,date_format(addemployee.f_issue_date, '%Y/%m/%d') as f_issue_date ,date_format(addemployee.f_expiry_date, '%Y/%m/%d') as f_expiry_date ,date_format(addemployee.f_date_of_birth, '%Y/%m/%d') as f_date_of_birth ,addemployee.f_mobile_number ,addemployee.f_image ,addemployee.f_emp_status ,addemployee.f_passport_alert FROM m_addemployee addemployee WHERE addemployee.f_del_flg = '0' ORDER BY addemployee.f_emp_status, addemployee.f_emp_id ASC LIMIT 10, 10
2024/12/18 22:12:55 >> info : execQuery TIME : 0.00046 second
2024/12/18 22:12:55 >> debug : Entering postcute ...
2024/12/18 22:12:55 >> debug : DB Connect Close ... OK
2024/12/18 22:12:57 >> info : * ------------------------------------------------------------ *
2024/12/18 22:12:57 >> info : * Simplan Framework - PHP Web Application Framework
2024/12/18 22:12:57 >> info : * 
2024/12/18 22:12:57 >> info : * Version : 1.1.0
2024/12/18 22:12:57 >> info : * Copyright(c) 2003-2024 THREET CO.,LTD. All Rights Reserved.
2024/12/18 22:12:57 >> info : * http://www.threet.co.jp
2024/12/18 22:12:57 >> info : * ------------------------------------------------------------ *
2024/12/18 22:12:57 >> debug : HTTP_REFERER > https://roz.threet.co.jp/~m-ela/simplan/admin/addemployee.php
2024/12/18 22:12:57 >> debug : SCRIPT_URI > 
2024/12/18 22:12:57 >> debug : REQUEST_URI > /~m-ela/simplan/admin/addemployee.php
2024/12/18 22:12:57 >> debug : HTTPS > on
2024/12/18 22:12:57 >> debug : HTTPS MODE > on
2024/12/18 22:12:57 >> debug : DEF_COMMAND > cmd
2024/12/18 22:12:57 >> debug : DEF_PROCESS > prc
2024/12/18 22:12:57 >> debug : POST DATA > [prc] : <list>
2024/12/18 22:12:57 >> debug : POST DATA > [cmd] : <change_page>
2024/12/18 22:12:57 >> debug : POST DATA > [sid] : <>
2024/12/18 22:12:57 >> debug : POST DATA > [pno] : <1>
2024/12/18 22:12:57 >> debug : POST DATA > [f_emp_id] : <>
2024/12/18 22:12:57 >> debug : POST DATA > [f_name] : <>
2024/12/18 22:12:57 >> debug : POST DATA > [f_emp_status] : <>
2024/12/18 22:12:57 >> debug : POST DATA > [onetime_ticket] : <>
2024/12/18 22:12:57 >> debug : SESSION start ... OK
2024/12/18 22:12:57 >> info : Process set [list] ... OK
2024/12/18 22:12:57 >> info : Process Name [listProcess] ... OK
2024/12/18 22:12:57 >> info : Include File [/home/m-ela/projects/simplan/public_app/mod/admin/addemployee/process/listProcess.php]... OK
2024/12/18 22:12:57 >> info : Class Exists [listProcess] ... OK
2024/12/18 22:12:57 >> debug : DB Connect ... OK
2024/12/18 22:12:57 >> debug : Entering precute ...
2024/12/18 22:12:57 >> info : SimplanAbstractProcess::execCommand -> AbstractCommand::executeProcess > [ m_admin/is_login.sql ]
2024/12/18 22:12:57 >> debug : WideDB_SimplanInterface::QueryExecute >>SELECT ma.f_admin_id ,ma.f_name ,ma.f_mailaddress ,ma.f_id ,ma.f_password ,ma.f_admin_kbn ,ma.f_auth ,ma.f_auth_value ,ma.f_del_flg ,ma.f_reg_account ,ma.f_reg_time ,ma.f_upd_account ,ma.f_upd_time FROM m_admin ma WHERE ma.f_admin_id = 1
2024/12/18 22:12:57 >> info : execQuery TIME : 0.00013 second
2024/12/18 22:12:57 >> info : Session connection is OK ...
2024/12/18 22:12:57 >> debug : Entering execute ...
2024/12/18 22:12:57 >> debug : listProcess Entering executeChangePage ...
2024/12/18 22:12:57 >> info : SimplanAbstractProcess::execCommand -> AbstractCommand::executeProcess > [ m_addemployee/select_list_count.sql ]
2024/12/18 22:12:57 >> debug : WideDB_SimplanInterface::QueryExecute >>SELECT count(addemployee.f_employee_id) as count FROM m_addemployee addemployee WHERE addemployee.f_del_flg = '0'
2024/12/18 22:12:57 >> info : execQuery TIME : 0.00010 second
2024/12/18 22:12:57 >> info : SimplanAbstractProcess::execCommand -> AbstractCommand::executeProcess > [ m_addemployee/select_list.sql ]
2024/12/18 22:12:57 >> debug : WideDB_SimplanInterface::QueryExecute >>SELECT addemployee.f_employee_id ,addemployee.f_emp_id ,addemployee.f_name ,addemployee.f_aadhar_number ,addemployee.f_pan_number ,addemployee.f_passport ,date_format(addemployee.f_issue_date, '%Y/%m/%d') as f_issue_date ,date_format(addemployee.f_expiry_date, '%Y/%m/%d') as f_expiry_date ,date_format(addemployee.f_date_of_birth, '%Y/%m/%d') as f_date_of_birth ,addemployee.f_mobile_number ,addemployee.f_image ,addemployee.f_emp_status ,addemployee.f_passport_alert FROM m_addemployee addemployee WHERE addemployee.f_del_flg = '0' ORDER BY addemployee.f_emp_status, addemployee.f_emp_id ASC LIMIT 0, 10
2024/12/18 22:12:57 >> info : execQuery TIME : 0.00022 second
2024/12/18 22:12:57 >> debug : Entering postcute ...
2024/12/18 22:12:57 >> debug : DB Connect Close ... OK
2024/12/18 22:13:03 >> info : * ------------------------------------------------------------ *
2024/12/18 22:13:03 >> info : * Simplan Framework - PHP Web Application Framework
2024/12/18 22:13:03 >> info : * 
2024/12/18 22:13:03 >> info : * Version : 1.1.0
2024/12/18 22:13:03 >> info : * Copyright(c) 2003-2024 THREET CO.,LTD. All Rights Reserved.
2024/12/18 22:13:03 >> info : * http://www.threet.co.jp
2024/12/18 22:13:03 >> info : * ------------------------------------------------------------ *
2024/12/18 22:13:03 >> debug : HTTP_REFERER > https://roz.threet.co.jp/~m-ela/simplan/admin/addemployee.php
2024/12/18 22:13:03 >> debug : SCRIPT_URI > 
2024/12/18 22:13:03 >> debug : REQUEST_URI > /~m-ela/simplan/admin/addemployee.php
2024/12/18 22:13:03 >> debug : HTTPS > on
2024/12/18 22:13:03 >> debug : HTTPS MODE > on
2024/12/18 22:13:03 >> debug : DEF_COMMAND > cmd
2024/12/18 22:13:03 >> debug : DEF_PROCESS > prc
2024/12/18 22:13:03 >> debug : POST DATA > [prc] : <list>
2024/12/18 22:13:03 >> debug : POST DATA > [cmd] : <change_page>
2024/12/18 22:13:03 >> debug : POST DATA > [sid] : <>
2024/12/18 22:13:03 >> debug : POST DATA > [pno] : <3>
2024/12/18 22:13:03 >> debug : POST DATA > [f_emp_id] : <>
2024/12/18 22:13:03 >> debug : POST DATA > [f_name] : <>
2024/12/18 22:13:03 >> debug : POST DATA > [f_emp_status] : <>
2024/12/18 22:13:03 >> debug : POST DATA > [onetime_ticket] : <>
2024/12/18 22:13:03 >> debug : SESSION start ... OK
2024/12/18 22:13:03 >> info : Process set [list] ... OK
2024/12/18 22:13:03 >> info : Process Name [listProcess] ... OK
2024/12/18 22:13:03 >> info : Include File [/home/m-ela/projects/simplan/public_app/mod/admin/addemployee/process/listProcess.php]... OK
2024/12/18 22:13:03 >> info : Class Exists [listProcess] ... OK
2024/12/18 22:13:03 >> debug : DB Connect ... OK
2024/12/18 22:13:03 >> debug : Entering precute ...
2024/12/18 22:13:03 >> info : SimplanAbstractProcess::execCommand -> AbstractCommand::executeProcess > [ m_admin/is_login.sql ]
2024/12/18 22:13:03 >> debug : WideDB_SimplanInterface::QueryExecute >>SELECT ma.f_admin_id ,ma.f_name ,ma.f_mailaddress ,ma.f_id ,ma.f_password ,ma.f_admin_kbn ,ma.f_auth ,ma.f_auth_value ,ma.f_del_flg ,ma.f_reg_account ,ma.f_reg_time ,ma.f_upd_account ,ma.f_upd_time FROM m_admin ma WHERE ma.f_admin_id = 1
2024/12/18 22:13:03 >> info : execQuery TIME : 0.00024 second
2024/12/18 22:13:03 >> info : Session connection is OK ...
2024/12/18 22:13:03 >> debug : Entering execute ...
2024/12/18 22:13:03 >> debug : listProcess Entering executeChangePage ...
2024/12/18 22:13:03 >> info : SimplanAbstractProcess::execCommand -> AbstractCommand::executeProcess > [ m_addemployee/select_list_count.sql ]
2024/12/18 22:13:03 >> debug : WideDB_SimplanInterface::QueryExecute >>SELECT count(addemployee.f_employee_id) as count FROM m_addemployee addemployee WHERE addemployee.f_del_flg = '0'
2024/12/18 22:13:03 >> info : execQuery TIME : 0.00023 second
2024/12/18 22:13:03 >> info : SimplanAbstractProcess::execCommand -> AbstractCommand::executeProcess > [ m_addemployee/select_list.sql ]
2024/12/18 22:13:03 >> debug : WideDB_SimplanInterface::QueryExecute >>SELECT addemployee.f_employee_id ,addemployee.f_emp_id ,addemployee.f_name ,addemployee.f_aadhar_number ,addemployee.f_pan_number ,addemployee.f_passport ,date_format(addemployee.f_issue_date, '%Y/%m/%d') as f_issue_date ,date_format(addemployee.f_expiry_date, '%Y/%m/%d') as f_expiry_date ,date_format(addemployee.f_date_of_birth, '%Y/%m/%d') as f_date_of_birth ,addemployee.f_mobile_number ,addemployee.f_image ,addemployee.f_emp_status ,addemployee.f_passport_alert FROM m_addemployee addemployee WHERE addemployee.f_del_flg = '0' ORDER BY addemployee.f_emp_status, addemployee.f_emp_id ASC LIMIT 20, 10
2024/12/18 22:13:03 >> info : execQuery TIME : 0.00026 second
2024/12/18 22:13:03 >> debug : Entering postcute ...
2024/12/18 22:13:03 >> debug : DB Connect Close ... OK
2024/12/18 22:13:03 >> info : * ------------------------------------------------------------ *
2024/12/18 22:13:03 >> info : * Simplan Framework - PHP Web Application Framework
2024/12/18 22:13:03 >> info : * 
2024/12/18 22:13:03 >> info : * Version : 1.1.0
2024/12/18 22:13:03 >> info : * Copyright(c) 2003-2024 THREET CO.,LTD. All Rights Reserved.
2024/12/18 22:13:03 >> info : * http://www.threet.co.jp
2024/12/18 22:13:03 >> info : * ------------------------------------------------------------ *
2024/12/18 22:13:03 >> debug : HTTP_REFERER > https://roz.threet.co.jp/~m-ela/simplan/admin/addemployee.php
2024/12/18 22:13:03 >> debug : SCRIPT_URI > 
2024/12/18 22:13:03 >> debug : REQUEST_URI > /~m-ela/simplan/admin/addemployee.php
2024/12/18 22:13:03 >> debug : HTTPS > on
2024/12/18 22:13:03 >> debug : HTTPS MODE > on
2024/12/18 22:13:03 >> debug : DEF_COMMAND > cmd
2024/12/18 22:13:03 >> debug : DEF_PROCESS > prc
2024/12/18 22:13:03 >> debug : POST DATA > [prc] : <list>
2024/12/18 22:13:03 >> debug : POST DATA > [cmd] : <change_page>
2024/12/18 22:13:03 >> debug : POST DATA > [sid] : <>
2024/12/18 22:13:03 >> debug : POST DATA > [pno] : <3>
2024/12/18 22:13:03 >> debug : POST DATA > [f_emp_id] : <>
2024/12/18 22:13:03 >> debug : POST DATA > [f_name] : <>
2024/12/18 22:13:03 >> debug : POST DATA > [f_emp_status] : <>
2024/12/18 22:13:03 >> debug : POST DATA > [onetime_ticket] : <>
2024/12/18 22:13:03 >> debug : SESSION start ... OK
2024/12/18 22:13:03 >> info : Process set [list] ... OK
2024/12/18 22:13:03 >> info : Process Name [listProcess] ... OK
2024/12/18 22:13:03 >> info : Include File [/home/m-ela/projects/simplan/public_app/mod/admin/addemployee/process/listProcess.php]... OK
2024/12/18 22:13:03 >> info : Class Exists [listProcess] ... OK
2024/12/18 22:13:03 >> debug : DB Connect ... OK
2024/12/18 22:13:03 >> debug : Entering precute ...
2024/12/18 22:13:03 >> info : SimplanAbstractProcess::execCommand -> AbstractCommand::executeProcess > [ m_admin/is_login.sql ]
2024/12/18 22:13:03 >> debug : WideDB_SimplanInterface::QueryExecute >>SELECT ma.f_admin_id ,ma.f_name ,ma.f_mailaddress ,ma.f_id ,ma.f_password ,ma.f_admin_kbn ,ma.f_auth ,ma.f_auth_value ,ma.f_del_flg ,ma.f_reg_account ,ma.f_reg_time ,ma.f_upd_account ,ma.f_upd_time FROM m_admin ma WHERE ma.f_admin_id = 1
2024/12/18 22:13:03 >> info : execQuery TIME : 0.00013 second
2024/12/18 22:13:03 >> info : Session connection is OK ...
2024/12/18 22:13:03 >> debug : Entering execute ...
2024/12/18 22:13:03 >> debug : listProcess Entering executeChangePage ...
2024/12/18 22:13:03 >> info : SimplanAbstractProcess::execCommand -> AbstractCommand::executeProcess > [ m_addemployee/select_list_count.sql ]
2024/12/18 22:13:03 >> debug : WideDB_SimplanInterface::QueryExecute >>SELECT count(addemployee.f_employee_id) as count FROM m_addemployee addemployee WHERE addemployee.f_del_flg = '0'
2024/12/18 22:13:03 >> info : execQuery TIME : 0.00009 second
2024/12/18 22:13:03 >> info : SimplanAbstractProcess::execCommand -> AbstractCommand::executeProcess > [ m_addemployee/select_list.sql ]
2024/12/18 22:13:03 >> debug : WideDB_SimplanInterface::QueryExecute >>SELECT addemployee.f_employee_id ,addemployee.f_emp_id ,addemployee.f_name ,addemployee.f_aadhar_number ,addemployee.f_pan_number ,addemployee.f_passport ,date_format(addemployee.f_issue_date, '%Y/%m/%d') as f_issue_date ,date_format(addemployee.f_expiry_date, '%Y/%m/%d') as f_expiry_date ,date_format(addemployee.f_date_of_birth, '%Y/%m/%d') as f_date_of_birth ,addemployee.f_mobile_number ,addemployee.f_image ,addemployee.f_emp_status ,addemployee.f_passport_alert FROM m_addemployee addemployee WHERE addemployee.f_del_flg = '0' ORDER BY addemployee.f_emp_status, addemployee.f_emp_id ASC LIMIT 20, 10
2024/12/18 22:13:03 >> info : execQuery TIME : 0.00015 second
2024/12/18 22:13:03 >> debug : Entering postcute ...
2024/12/18 22:13:03 >> debug : DB Connect Close ... OK
2024/12/18 22:13:05 >> info : * ------------------------------------------------------------ *
2024/12/18 22:13:05 >> info : * Simplan Framework - PHP Web Application Framework
2024/12/18 22:13:05 >> info : * 
2024/12/18 22:13:05 >> info : * Version : 1.1.0
2024/12/18 22:13:05 >> info : * Copyright(c) 2003-2024 THREET CO.,LTD. All Rights Reserved.
2024/12/18 22:13:05 >> info : * http://www.threet.co.jp
2024/12/18 22:13:05 >> info : * ------------------------------------------------------------ *
2024/12/18 22:13:05 >> debug : HTTP_REFERER > https://roz.threet.co.jp/~m-ela/simplan/admin/addemployee.php
2024/12/18 22:13:05 >> debug : SCRIPT_URI > 
2024/12/18 22:13:05 >> debug : REQUEST_URI > /~m-ela/simplan/admin/addemployee.php
2024/12/18 22:13:05 >> debug : HTTPS > on
2024/12/18 22:13:05 >> debug : HTTPS MODE > on
2024/12/18 22:13:05 >> debug : DEF_COMMAND > cmd
2024/12/18 22:13:05 >> debug : DEF_PROCESS > prc
2024/12/18 22:13:05 >> debug : POST DATA > [prc] : <list>
2024/12/18 22:13:05 >> debug : POST DATA > [cmd] : <change_page>
2024/12/18 22:13:05 >> debug : POST DATA > [sid] : <>
2024/12/18 22:13:05 >> debug : POST DATA > [pno] : <2>
2024/12/18 22:13:05 >> debug : POST DATA > [f_emp_id] : <>
2024/12/18 22:13:05 >> debug : POST DATA > [f_name] : <>
2024/12/18 22:13:05 >> debug : POST DATA > [f_emp_status] : <>
2024/12/18 22:13:05 >> debug : POST DATA > [onetime_ticket] : <>
2024/12/18 22:13:05 >> debug : SESSION start ... OK
2024/12/18 22:13:05 >> info : Process set [list] ... OK
2024/12/18 22:13:05 >> info : Process Name [listProcess] ... OK
2024/12/18 22:13:05 >> info : Include File [/home/m-ela/projects/simplan/public_app/mod/admin/addemployee/process/listProcess.php]... OK
2024/12/18 22:13:05 >> info : Class Exists [listProcess] ... OK
2024/12/18 22:13:05 >> debug : DB Connect ... OK
2024/12/18 22:13:05 >> debug : Entering precute ...
2024/12/18 22:13:05 >> info : SimplanAbstractProcess::execCommand -> AbstractCommand::executeProcess > [ m_admin/is_login.sql ]
2024/12/18 22:13:05 >> debug : WideDB_SimplanInterface::QueryExecute >>SELECT ma.f_admin_id ,ma.f_name ,ma.f_mailaddress ,ma.f_id ,ma.f_password ,ma.f_admin_kbn ,ma.f_auth ,ma.f_auth_value ,ma.f_del_flg ,ma.f_reg_account ,ma.f_reg_time ,ma.f_upd_account ,ma.f_upd_time FROM m_admin ma WHERE ma.f_admin_id = 1
2024/12/18 22:13:05 >> info : execQuery TIME : 0.00024 second
2024/12/18 22:13:05 >> info : Session connection is OK ...
2024/12/18 22:13:05 >> debug : Entering execute ...
2024/12/18 22:13:05 >> debug : listProcess Entering executeChangePage ...
2024/12/18 22:13:05 >> info : SimplanAbstractProcess::execCommand -> AbstractCommand::executeProcess > [ m_addemployee/select_list_count.sql ]
2024/12/18 22:13:05 >> debug : WideDB_SimplanInterface::QueryExecute >>SELECT count(addemployee.f_employee_id) as count FROM m_addemployee addemployee WHERE addemployee.f_del_flg = '0'
2024/12/18 22:13:05 >> info : execQuery TIME : 0.00020 second
2024/12/18 22:13:05 >> info : SimplanAbstractProcess::execCommand -> AbstractCommand::executeProcess > [ m_addemployee/select_list.sql ]
2024/12/18 22:13:05 >> debug : WideDB_SimplanInterface::QueryExecute >>SELECT addemployee.f_employee_id ,addemployee.f_emp_id ,addemployee.f_name ,addemployee.f_aadhar_number ,addemployee.f_pan_number ,addemployee.f_passport ,date_format(addemployee.f_issue_date, '%Y/%m/%d') as f_issue_date ,date_format(addemployee.f_expiry_date, '%Y/%m/%d') as f_expiry_date ,date_format(addemployee.f_date_of_birth, '%Y/%m/%d') as f_date_of_birth ,addemployee.f_mobile_number ,addemployee.f_image ,addemployee.f_emp_status ,addemployee.f_passport_alert FROM m_addemployee addemployee WHERE addemployee.f_del_flg = '0' ORDER BY addemployee.f_emp_status, addemployee.f_emp_id ASC LIMIT 10, 10
2024/12/18 22:13:05 >> info : execQuery TIME : 0.00046 second
2024/12/18 22:13:05 >> debug : Entering postcute ...
2024/12/18 22:13:05 >> debug : DB Connect Close ... OK
2024/12/18 22:13:08 >> info : * ------------------------------------------------------------ *
2024/12/18 22:13:08 >> info : * Simplan Framework - PHP Web Application Framework
2024/12/18 22:13:08 >> info : * 
2024/12/18 22:13:08 >> info : * Version : 1.1.0
2024/12/18 22:13:08 >> info : * Copyright(c) 2003-2024 THREET CO.,LTD. All Rights Reserved.
2024/12/18 22:13:08 >> info : * http://www.threet.co.jp
2024/12/18 22:13:08 >> info : * ------------------------------------------------------------ *
2024/12/18 22:13:08 >> debug : HTTP_REFERER > https://roz.threet.co.jp/~m-ela/simplan/admin/addemployee.php
2024/12/18 22:13:08 >> debug : SCRIPT_URI > 
2024/12/18 22:13:08 >> debug : REQUEST_URI > /~m-ela/simplan/admin/addemployee.php
2024/12/18 22:13:08 >> debug : HTTPS > on
2024/12/18 22:13:08 >> debug : HTTPS MODE > on
2024/12/18 22:13:08 >> debug : DEF_COMMAND > cmd
2024/12/18 22:13:08 >> debug : DEF_PROCESS > prc
2024/12/18 22:13:08 >> debug : POST DATA > [prc] : <list>
2024/12/18 22:13:08 >> debug : POST DATA > [cmd] : <change_page>
2024/12/18 22:13:08 >> debug : POST DATA > [sid] : <>
2024/12/18 22:13:08 >> debug : POST DATA > [pno] : <2>
2024/12/18 22:13:08 >> debug : POST DATA > [f_emp_id] : <>
2024/12/18 22:13:08 >> debug : POST DATA > [f_name] : <>
2024/12/18 22:13:08 >> debug : POST DATA > [f_emp_status] : <>
2024/12/18 22:13:08 >> debug : POST DATA > [onetime_ticket] : <>
2024/12/18 22:13:08 >> debug : SESSION start ... OK
2024/12/18 22:13:08 >> info : Process set [list] ... OK
2024/12/18 22:13:08 >> info : Process Name [listProcess] ... OK
2024/12/18 22:13:08 >> info : Include File [/home/m-ela/projects/simplan/public_app/mod/admin/addemployee/process/listProcess.php]... OK
2024/12/18 22:13:08 >> info : Class Exists [listProcess] ... OK
2024/12/18 22:13:08 >> debug : DB Connect ... OK
2024/12/18 22:13:08 >> debug : Entering precute ...
2024/12/18 22:13:08 >> info : SimplanAbstractProcess::execCommand -> AbstractCommand::executeProcess > [ m_admin/is_login.sql ]
2024/12/18 22:13:08 >> debug : WideDB_SimplanInterface::QueryExecute >>SELECT ma.f_admin_id ,ma.f_name ,ma.f_mailaddress ,ma.f_id ,ma.f_password ,ma.f_admin_kbn ,ma.f_auth ,ma.f_auth_value ,ma.f_del_flg ,ma.f_reg_account ,ma.f_reg_time ,ma.f_upd_account ,ma.f_upd_time FROM m_admin ma WHERE ma.f_admin_id = 1
2024/12/18 22:13:08 >> info : execQuery TIME : 0.00013 second
2024/12/18 22:13:08 >> info : Session connection is OK ...
2024/12/18 22:13:08 >> debug : Entering execute ...
2024/12/18 22:13:08 >> debug : listProcess Entering executeChangePage ...
2024/12/18 22:13:08 >> info : SimplanAbstractProcess::execCommand -> AbstractCommand::executeProcess > [ m_addemployee/select_list_count.sql ]
2024/12/18 22:13:08 >> debug : WideDB_SimplanInterface::QueryExecute >>SELECT count(addemployee.f_employee_id) as count FROM m_addemployee addemployee WHERE addemployee.f_del_flg = '0'
2024/12/18 22:13:08 >> info : execQuery TIME : 0.00010 second
2024/12/18 22:13:08 >> info : SimplanAbstractProcess::execCommand -> AbstractCommand::executeProcess > [ m_addemployee/select_list.sql ]
2024/12/18 22:13:08 >> debug : WideDB_SimplanInterface::QueryExecute >>SELECT addemployee.f_employee_id ,addemployee.f_emp_id ,addemployee.f_name ,addemployee.f_aadhar_number ,addemployee.f_pan_number ,addemployee.f_passport ,date_format(addemployee.f_issue_date, '%Y/%m/%d') as f_issue_date ,date_format(addemployee.f_expiry_date, '%Y/%m/%d') as f_expiry_date ,date_format(addemployee.f_date_of_birth, '%Y/%m/%d') as f_date_of_birth ,addemployee.f_mobile_number ,addemployee.f_image ,addemployee.f_emp_status ,addemployee.f_passport_alert FROM m_addemployee addemployee WHERE addemployee.f_del_flg = '0' ORDER BY addemployee.f_emp_status, addemployee.f_emp_id ASC LIMIT 10, 10
2024/12/18 22:13:08 >> info : execQuery TIME : 0.00022 second
2024/12/18 22:13:08 >> debug : Entering postcute ...
2024/12/18 22:13:08 >> debug : DB Connect Close ... OK
2024/12/18 22:13:18 >> info : * ------------------------------------------------------------ *
2024/12/18 22:13:18 >> info : * Simplan Framework - PHP Web Application Framework
2024/12/18 22:13:18 >> info : * 
2024/12/18 22:13:18 >> info : * Version : 1.1.0
2024/12/18 22:13:18 >> info : * Copyright(c) 2003-2024 THREET CO.,LTD. All Rights Reserved.
2024/12/18 22:13:18 >> info : * http://www.threet.co.jp
2024/12/18 22:13:18 >> info : * ------------------------------------------------------------ *
2024/12/18 22:13:18 >> debug : HTTP_REFERER > https://roz.threet.co.jp/~m-ela/simplan/admin/addemployee.php
2024/12/18 22:13:18 >> debug : SCRIPT_URI > 
2024/12/18 22:13:18 >> debug : REQUEST_URI > /~m-ela/simplan/admin/addemployee.php
2024/12/18 22:13:18 >> debug : HTTPS > on
2024/12/18 22:13:18 >> debug : HTTPS MODE > on
2024/12/18 22:13:18 >> debug : DEF_COMMAND > cmd
2024/12/18 22:13:18 >> debug : DEF_PROCESS > prc
2024/12/18 22:13:18 >> debug : POST DATA > [prc] : <list>
2024/12/18 22:13:18 >> debug : POST DATA > [cmd] : <change_page>
2024/12/18 22:13:18 >> debug : POST DATA > [sid] : <>
2024/12/18 22:13:18 >> debug : POST DATA > [pno] : <1>
2024/12/18 22:13:18 >> debug : POST DATA > [f_emp_id] : <>
2024/12/18 22:13:18 >> debug : POST DATA > [f_name] : <>
2024/12/18 22:13:18 >> debug : POST DATA > [f_emp_status] : <>
2024/12/18 22:13:18 >> debug : POST DATA > [onetime_ticket] : <>
2024/12/18 22:13:18 >> debug : SESSION start ... OK
2024/12/18 22:13:18 >> info : Process set [list] ... OK
2024/12/18 22:13:18 >> info : Process Name [listProcess] ... OK
2024/12/18 22:13:18 >> info : Include File [/home/m-ela/projects/simplan/public_app/mod/admin/addemployee/process/listProcess.php]... OK
2024/12/18 22:13:18 >> info : Class Exists [listProcess] ... OK
2024/12/18 22:13:18 >> debug : DB Connect ... OK
2024/12/18 22:13:18 >> debug : Entering precute ...
2024/12/18 22:13:18 >> info : SimplanAbstractProcess::execCommand -> AbstractCommand::executeProcess > [ m_admin/is_login.sql ]
2024/12/18 22:13:18 >> debug : WideDB_SimplanInterface::QueryExecute >>SELECT ma.f_admin_id ,ma.f_name ,ma.f_mailaddress ,ma.f_id ,ma.f_password ,ma.f_admin_kbn ,ma.f_auth ,ma.f_auth_value ,ma.f_del_flg ,ma.f_reg_account ,ma.f_reg_time ,ma.f_upd_account ,ma.f_upd_time FROM m_admin ma WHERE ma.f_admin_id = 1
2024/12/18 22:13:18 >> info : execQuery TIME : 0.00025 second
2024/12/18 22:13:18 >> info : Session connection is OK ...
2024/12/18 22:13:18 >> debug : Entering execute ...
2024/12/18 22:13:18 >> debug : listProcess Entering executeChangePage ...
2024/12/18 22:13:18 >> info : SimplanAbstractProcess::execCommand -> AbstractCommand::executeProcess > [ m_addemployee/select_list_count.sql ]
2024/12/18 22:13:18 >> debug : WideDB_SimplanInterface::QueryExecute >>SELECT count(addemployee.f_employee_id) as count FROM m_addemployee addemployee WHERE addemployee.f_del_flg = '0'
2024/12/18 22:13:18 >> info : execQuery TIME : 0.00018 second
2024/12/18 22:13:18 >> info : SimplanAbstractProcess::execCommand -> AbstractCommand::executeProcess > [ m_addemployee/select_list.sql ]
2024/12/18 22:13:18 >> debug : WideDB_SimplanInterface::QueryExecute >>SELECT addemployee.f_employee_id ,addemployee.f_emp_id ,addemployee.f_name ,addemployee.f_aadhar_number ,addemployee.f_pan_number ,addemployee.f_passport ,date_format(addemployee.f_issue_date, '%Y/%m/%d') as f_issue_date ,date_format(addemployee.f_expiry_date, '%Y/%m/%d') as f_expiry_date ,date_format(addemployee.f_date_of_birth, '%Y/%m/%d') as f_date_of_birth ,addemployee.f_mobile_number ,addemployee.f_image ,addemployee.f_emp_status ,addemployee.f_passport_alert FROM m_addemployee addemployee WHERE addemployee.f_del_flg = '0' ORDER BY addemployee.f_emp_status, addemployee.f_emp_id ASC LIMIT 0, 10
2024/12/18 22:13:18 >> info : execQuery TIME : 0.00049 second
2024/12/18 22:13:18 >> debug : Entering postcute ...
2024/12/18 22:13:18 >> debug : DB Connect Close ... OK
2024/12/18 22:13:22 >> info : * ------------------------------------------------------------ *
2024/12/18 22:13:22 >> info : * Simplan Framework - PHP Web Application Framework
2024/12/18 22:13:22 >> info : * 
2024/12/18 22:13:22 >> info : * Version : 1.1.0
2024/12/18 22:13:22 >> info : * Copyright(c) 2003-2024 THREET CO.,LTD. All Rights Reserved.
2024/12/18 22:13:22 >> info : * http://www.threet.co.jp
2024/12/18 22:13:22 >> info : * ------------------------------------------------------------ *
2024/12/18 22:13:22 >> debug : HTTP_REFERER > https://roz.threet.co.jp/~m-ela/simplan/admin/addemployee.php
2024/12/18 22:13:22 >> debug : SCRIPT_URI > 
2024/12/18 22:13:22 >> debug : REQUEST_URI > /~m-ela/simplan/admin/addemployee.php
2024/12/18 22:13:22 >> debug : HTTPS > on
2024/12/18 22:13:22 >> debug : HTTPS MODE > on
2024/12/18 22:13:22 >> debug : DEF_COMMAND > cmd
2024/12/18 22:13:22 >> debug : DEF_PROCESS > prc
2024/12/18 22:13:22 >> debug : SESSION start ... OK
2024/12/18 22:13:22 >> info : Process set [index] ... OK
2024/12/18 22:13:22 >> info : Process Name [listProcess] ... OK
2024/12/18 22:13:22 >> info : Include File [/home/m-ela/projects/simplan/public_app/mod/admin/addemployee/process/listProcess.php]... OK
2024/12/18 22:13:22 >> info : Class Exists [listProcess] ... OK
2024/12/18 22:13:22 >> debug : DB Connect ... OK
2024/12/18 22:13:22 >> debug : Entering precute ...
2024/12/18 22:13:22 >> info : SimplanAbstractProcess::execCommand -> AbstractCommand::executeProcess > [ m_admin/is_login.sql ]
2024/12/18 22:13:22 >> debug : WideDB_SimplanInterface::QueryExecute >>SELECT ma.f_admin_id ,ma.f_name ,ma.f_mailaddress ,ma.f_id ,ma.f_password ,ma.f_admin_kbn ,ma.f_auth ,ma.f_auth_value ,ma.f_del_flg ,ma.f_reg_account ,ma.f_reg_time ,ma.f_upd_account ,ma.f_upd_time FROM m_admin ma WHERE ma.f_admin_id = 1
2024/12/18 22:13:22 >> info : execQuery TIME : 0.00013 second
2024/12/18 22:13:22 >> info : Session connection is OK ...
2024/12/18 22:13:22 >> debug : Entering execute ...
2024/12/18 22:13:22 >> debug : listProcess Entering executeDefault ...
2024/12/18 22:13:22 >> info : SimplanAbstractProcess::execCommand -> AbstractCommand::executeProcess > [ m_addemployee/select_list_count.sql ]
2024/12/18 22:13:22 >> debug : WideDB_SimplanInterface::QueryExecute >>SELECT count(addemployee.f_employee_id) as count FROM m_addemployee addemployee WHERE addemployee.f_del_flg = '0'
2024/12/18 22:13:22 >> info : execQuery TIME : 0.00009 second
2024/12/18 22:13:22 >> info : SimplanAbstractProcess::execCommand -> AbstractCommand::executeProcess > [ m_addemployee/select_list.sql ]
2024/12/18 22:13:22 >> debug : WideDB_SimplanInterface::QueryExecute >>SELECT addemployee.f_employee_id ,addemployee.f_emp_id ,addemployee.f_name ,addemployee.f_aadhar_number ,addemployee.f_pan_number ,addemployee.f_passport ,date_format(addemployee.f_issue_date, '%Y/%m/%d') as f_issue_date ,date_format(addemployee.f_expiry_date, '%Y/%m/%d') as f_expiry_date ,date_format(addemployee.f_date_of_birth, '%Y/%m/%d') as f_date_of_birth ,addemployee.f_mobile_number ,addemployee.f_image ,addemployee.f_emp_status ,addemployee.f_passport_alert FROM m_addemployee addemployee WHERE addemployee.f_del_flg = '0' ORDER BY addemployee.f_emp_status, addemployee.f_emp_id ASC LIMIT 0, 10
2024/12/18 22:13:22 >> info : execQuery TIME : 0.00020 second
2024/12/18 22:13:22 >> debug : Entering postcute ...
2024/12/18 22:13:22 >> debug : DB Connect Close ... OK
2024/12/18 22:13:26 >> info : * ------------------------------------------------------------ *
2024/12/18 22:13:26 >> info : * Simplan Framework - PHP Web Application Framework
2024/12/18 22:13:26 >> info : * 
2024/12/18 22:13:26 >> info : * Version : 1.1.0
2024/12/18 22:13:26 >> info : * Copyright(c) 2003-2024 THREET CO.,LTD. All Rights Reserved.
2024/12/18 22:13:26 >> info : * http://www.threet.co.jp
2024/12/18 22:13:26 >> info : * ------------------------------------------------------------ *
2024/12/18 22:13:26 >> debug : HTTP_REFERER > https://roz.threet.co.jp/~m-ela/simplan/admin/addemployee.php
2024/12/18 22:13:26 >> debug : SCRIPT_URI > 
2024/12/18 22:13:26 >> debug : REQUEST_URI > /~m-ela/simplan/admin/account.php
2024/12/18 22:13:26 >> debug : HTTPS > on
2024/12/18 22:13:26 >> debug : HTTPS MODE > on
2024/12/18 22:13:26 >> debug : DEF_COMMAND > cmd
2024/12/18 22:13:26 >> debug : DEF_PROCESS > prc
2024/12/18 22:13:26 >> debug : SESSION start ... OK
2024/12/18 22:13:26 >> info : Process set [index] ... OK
2024/12/18 22:13:26 >> info : Process Name [listProcess] ... OK
2024/12/18 22:13:26 >> info : Include File [/home/m-ela/projects/simplan/public_app/mod/admin/account/process/listProcess.php]... OK
2024/12/18 22:13:26 >> info : Class Exists [listProcess] ... OK
2024/12/18 22:13:26 >> debug : DB Connect ... OK
2024/12/18 22:13:26 >> debug : Entering precute ...
2024/12/18 22:13:26 >> info : SimplanAbstractProcess::execCommand -> AbstractCommand::executeProcess > [ m_admin/is_login.sql ]
2024/12/18 22:13:26 >> debug : WideDB_SimplanInterface::QueryExecute >>SELECT ma.f_admin_id ,ma.f_name ,ma.f_mailaddress ,ma.f_id ,ma.f_password ,ma.f_admin_kbn ,ma.f_auth ,ma.f_auth_value ,ma.f_del_flg ,ma.f_reg_account ,ma.f_reg_time ,ma.f_upd_account ,ma.f_upd_time FROM m_admin ma WHERE ma.f_admin_id = 1
2024/12/18 22:13:26 >> info : execQuery TIME : 0.00034 second
2024/12/18 22:13:26 >> info : Session connection is OK ...
2024/12/18 22:13:26 >> debug : Entering execute ...
2024/12/18 22:13:26 >> debug : listProcess Entering executeDefault ...
2024/12/18 22:13:26 >> info : SimplanAbstractProcess::execCommand -> AbstractCommand::executeProcess > [ m_admin/select_list_count.sql ]
2024/12/18 22:13:26 >> debug : WideDB_SimplanInterface::QueryExecute >>SELECT count(ma.f_admin_id) as count FROM m_admin ma WHERE ma.f_del_flg = '0'
2024/12/18 22:13:26 >> info : execQuery TIME : 0.00031 second
2024/12/18 22:13:26 >> info : SimplanAbstractProcess::execCommand -> AbstractCommand::executeProcess > [ m_admin/select_list.sql ]
2024/12/18 22:13:26 >> debug : WideDB_SimplanInterface::QueryExecute >>SELECT ma.f_admin_id ,ma.f_name ,ma.f_name ,ma.f_admin_kbn ,ma.f_mailaddress ,ma.f_id ,ma.f_password ,ma.f_admin_kbn ,ma.f_auth ,ma.f_auth_value FROM m_admin ma WHERE ma.f_del_flg = '0' ORDER BY ma.f_admin_id ASC LIMIT 0, 15
2024/12/18 22:13:26 >> info : execQuery TIME : 0.00032 second
2024/12/18 22:13:26 >> debug : Entering postcute ...
2024/12/18 22:13:26 >> debug : DB Connect Close ... OK
2024/12/18 22:13:48 >> info : * ------------------------------------------------------------ *
2024/12/18 22:13:48 >> info : * Simplan Framework - PHP Web Application Framework
2024/12/18 22:13:48 >> info : * 
2024/12/18 22:13:48 >> info : * Version : 1.1.0
2024/12/18 22:13:48 >> info : * Copyright(c) 2003-2024 THREET CO.,LTD. All Rights Reserved.
2024/12/18 22:13:48 >> info : * http://www.threet.co.jp
2024/12/18 22:13:48 >> info : * ------------------------------------------------------------ *
2024/12/18 22:13:48 >> debug : HTTP_REFERER > https://roz.threet.co.jp/~m-ela/simplan/admin/account.php
2024/12/18 22:13:48 >> debug : SCRIPT_URI > 
2024/12/18 22:13:48 >> debug : REQUEST_URI > /~m-ela/simplan/admin/account.php
2024/12/18 22:13:48 >> debug : HTTPS > on
2024/12/18 22:13:48 >> debug : HTTPS MODE > on
2024/12/18 22:13:48 >> debug : DEF_COMMAND > cmd
2024/12/18 22:13:48 >> debug : DEF_PROCESS > prc
2024/12/18 22:13:48 >> debug : POST DATA > [prc] : <edit>
2024/12/18 22:13:48 >> debug : POST DATA > [cmd] : <>
2024/12/18 22:13:48 >> debug : POST DATA > [sid] : <32>
2024/12/18 22:13:48 >> debug : POST DATA > [pno] : <>
2024/12/18 22:13:48 >> debug : POST DATA > [f_name] : <>
2024/12/18 22:13:48 >> debug : POST DATA > [onetime_ticket] : <>
2024/12/18 22:13:48 >> debug : SESSION start ... OK
2024/12/18 22:13:48 >> info : Process set [edit] ... OK
2024/12/18 22:13:48 >> info : Process Name [editProcess] ... OK
2024/12/18 22:13:48 >> info : Include File [/home/m-ela/projects/simplan/public_app/mod/admin/account/process/editProcess.php]... OK
2024/12/18 22:13:48 >> info : Class Exists [editProcess] ... OK
2024/12/18 22:13:48 >> debug : DB Connect ... OK
2024/12/18 22:13:48 >> debug : Entering precute ...
2024/12/18 22:13:48 >> info : SimplanAbstractProcess::execCommand -> AbstractCommand::executeProcess > [ m_admin/is_login.sql ]
2024/12/18 22:13:48 >> debug : WideDB_SimplanInterface::QueryExecute >>SELECT ma.f_admin_id ,ma.f_name ,ma.f_mailaddress ,ma.f_id ,ma.f_password ,ma.f_admin_kbn ,ma.f_auth ,ma.f_auth_value ,ma.f_del_flg ,ma.f_reg_account ,ma.f_reg_time ,ma.f_upd_account ,ma.f_upd_time FROM m_admin ma WHERE ma.f_admin_id = 1
2024/12/18 22:13:48 >> info : execQuery TIME : 0.00013 second
2024/12/18 22:13:48 >> info : Session connection is OK ...
2024/12/18 22:13:48 >> debug : Entering execute ...
2024/12/18 22:13:48 >> debug : editProcess Entering executeDefault ...
2024/12/18 22:13:48 >> info : SimplanAbstractProcess::execCommand -> AbstractCommand::executeProcess > [ m_admin/select_one.sql ]
2024/12/18 22:13:48 >> debug : WideDB_SimplanInterface::QueryExecute >>SELECT ma.f_admin_id ,ma.f_name ,ma.f_mailaddress ,ma.f_id ,ma.f_admin_kbn ,ma.f_auth ,ma.f_auth_value ,ma.f_del_flg ,ma.f_reg_account ,ma.f_reg_time ,ma.f_upd_account ,ma.f_upd_time FROM m_admin ma WHERE ma.f_del_flg = '0' AND ma.f_admin_id = 32
2024/12/18 22:13:48 >> info : execQuery TIME : 0.00038 second
2024/12/18 22:13:48 >> debug : Entering postcute ...
2024/12/18 22:13:48 >> debug : DB Connect Close ... OK
2024/12/18 22:13:56 >> info : * ------------------------------------------------------------ *
2024/12/18 22:13:56 >> info : * Simplan Framework - PHP Web Application Framework
2024/12/18 22:13:56 >> info : * 
2024/12/18 22:13:56 >> info : * Version : 1.1.0
2024/12/18 22:13:56 >> info : * Copyright(c) 2003-2024 THREET CO.,LTD. All Rights Reserved.
2024/12/18 22:13:56 >> info : * http://www.threet.co.jp
2024/12/18 22:13:56 >> info : * ------------------------------------------------------------ *
2024/12/18 22:13:56 >> debug : HTTP_REFERER > https://roz.threet.co.jp/~m-ela/simplan/admin/account.php
2024/12/18 22:13:56 >> debug : SCRIPT_URI > 
2024/12/18 22:13:56 >> debug : REQUEST_URI > /~m-ela/simplan/admin/account.php
2024/12/18 22:13:56 >> debug : HTTPS > on
2024/12/18 22:13:56 >> debug : HTTPS MODE > on
2024/12/18 22:13:56 >> debug : DEF_COMMAND > cmd
2024/12/18 22:13:56 >> debug : DEF_PROCESS > prc
2024/12/18 22:13:56 >> debug : POST DATA > [prc] : <edit>
2024/12/18 22:13:56 >> debug : POST DATA > [cmd] : <confirm>
2024/12/18 22:13:56 >> debug : POST DATA > [sid] : <>
2024/12/18 22:13:56 >> debug : POST DATA > [pno] : <>
2024/12/18 22:13:56 >> debug : POST DATA > [f_name] : <mythili>
2024/12/18 22:13:56 >> debug : POST DATA > [f_mailaddress] : <myth@threet.co.jp>
2024/12/18 22:13:56 >> debug : POST DATA > [f_id] : <mythili>
2024/12/18 22:13:56 >> debug : POST DATA > [f_password] : <>
2024/12/18 22:13:56 >> debug : POST DATA > [f_password_conf] : <>
2024/12/18 22:13:56 >> debug : POST DATA > [f_admin_kbn] : <1>
2024/12/18 22:13:56 >> debug : POST DATA > [onetime_ticket] : <b10d0304dc98259eb5169c6fba488462>
2024/12/18 22:13:56 >> debug : SESSION start ... OK
2024/12/18 22:13:56 >> info : Process set [edit] ... OK
2024/12/18 22:13:56 >> info : Process Name [editProcess] ... OK
2024/12/18 22:13:56 >> info : Include File [/home/m-ela/projects/simplan/public_app/mod/admin/account/process/editProcess.php]... OK
2024/12/18 22:13:56 >> info : Class Exists [editProcess] ... OK
2024/12/18 22:13:56 >> debug : DB Connect ... OK
2024/12/18 22:13:56 >> debug : Entering precute ...
2024/12/18 22:13:56 >> info : SimplanAbstractProcess::execCommand -> AbstractCommand::executeProcess > [ m_admin/is_login.sql ]
2024/12/18 22:13:56 >> debug : WideDB_SimplanInterface::QueryExecute >>SELECT ma.f_admin_id ,ma.f_name ,ma.f_mailaddress ,ma.f_id ,ma.f_password ,ma.f_admin_kbn ,ma.f_auth ,ma.f_auth_value ,ma.f_del_flg ,ma.f_reg_account ,ma.f_reg_time ,ma.f_upd_account ,ma.f_upd_time FROM m_admin ma WHERE ma.f_admin_id = 1
2024/12/18 22:13:56 >> info : execQuery TIME : 0.00016 second
2024/12/18 22:13:56 >> info : Session connection is OK ...
2024/12/18 22:13:56 >> debug : Entering execute ...
2024/12/18 22:13:56 >> debug : editProcess Entering executeConfirm ...
2024/12/18 22:13:56 >> info : SimplanAbstractProcess::execCommand -> AbstractCommand::executeProcess > [ m_admin/dup_id.sql ]
2024/12/18 22:13:56 >> debug : WideDB_SimplanInterface::QueryExecute >>SELECT count(ma.f_admin_id) as count FROM m_admin ma WHERE ma.f_id = 'mythili' AND ma.f_del_flg = '0' AND ma.f_admin_id <> 32
2024/12/18 22:13:56 >> info : execQuery TIME : 0.00113 second
2024/12/18 22:13:56 >> info : SimplanAbstractProcess::execCommand -> AbstractCommand::executeProcess > [ m_admin/dup_mail.sql ]
2024/12/18 22:13:56 >> debug : WideDB_SimplanInterface::QueryExecute >>SELECT count(ma.f_admin_id) as count FROM m_admin ma WHERE ma.f_mailaddress = 'myth@threet.co.jp' AND ma.f_del_flg = '0' AND ma.f_admin_id <> 32
2024/12/18 22:13:56 >> info : execQuery TIME : 0.00040 second
2024/12/18 22:13:56 >> debug : Entering postcute ...
2024/12/18 22:13:56 >> debug : DB Connect Close ... OK
2024/12/18 22:13:57 >> info : * ------------------------------------------------------------ *
2024/12/18 22:13:57 >> info : * Simplan Framework - PHP Web Application Framework
2024/12/18 22:13:57 >> info : * 
2024/12/18 22:13:57 >> info : * Version : 1.1.0
2024/12/18 22:13:57 >> info : * Copyright(c) 2003-2024 THREET CO.,LTD. All Rights Reserved.
2024/12/18 22:13:57 >> info : * http://www.threet.co.jp
2024/12/18 22:13:57 >> info : * ------------------------------------------------------------ *
2024/12/18 22:13:57 >> debug : HTTP_REFERER > https://roz.threet.co.jp/~m-ela/simplan/admin/account.php
2024/12/18 22:13:57 >> debug : SCRIPT_URI > 
2024/12/18 22:13:57 >> debug : REQUEST_URI > /~m-ela/simplan/admin/account.php
2024/12/18 22:13:57 >> debug : HTTPS > on
2024/12/18 22:13:57 >> debug : HTTPS MODE > on
2024/12/18 22:13:57 >> debug : DEF_COMMAND > cmd
2024/12/18 22:13:57 >> debug : DEF_PROCESS > prc
2024/12/18 22:13:57 >> debug : POST DATA > [prc] : <edit>
2024/12/18 22:13:57 >> debug : POST DATA > [cmd] : <update>
2024/12/18 22:13:57 >> debug : POST DATA > [sid] : <>
2024/12/18 22:13:57 >> debug : POST DATA > [pno] : <>
2024/12/18 22:13:57 >> debug : POST DATA > [onetime_ticket] : <b10d0304dc98259eb5169c6fba488462>
2024/12/18 22:13:57 >> debug : SESSION start ... OK
2024/12/18 22:13:57 >> info : Process set [edit] ... OK
2024/12/18 22:13:57 >> info : Process Name [editProcess] ... OK
2024/12/18 22:13:57 >> info : Include File [/home/m-ela/projects/simplan/public_app/mod/admin/account/process/editProcess.php]... OK
2024/12/18 22:13:57 >> info : Class Exists [editProcess] ... OK
2024/12/18 22:13:57 >> debug : DB Connect ... OK
2024/12/18 22:13:57 >> debug : Entering precute ...
2024/12/18 22:13:57 >> info : SimplanAbstractProcess::execCommand -> AbstractCommand::executeProcess > [ m_admin/is_login.sql ]
2024/12/18 22:13:57 >> debug : WideDB_SimplanInterface::QueryExecute >>SELECT ma.f_admin_id ,ma.f_name ,ma.f_mailaddress ,ma.f_id ,ma.f_password ,ma.f_admin_kbn ,ma.f_auth ,ma.f_auth_value ,ma.f_del_flg ,ma.f_reg_account ,ma.f_reg_time ,ma.f_upd_account ,ma.f_upd_time FROM m_admin ma WHERE ma.f_admin_id = 1
2024/12/18 22:13:57 >> info : execQuery TIME : 0.00016 second
2024/12/18 22:13:57 >> info : Session connection is OK ...
2024/12/18 22:13:57 >> debug : Entering execute ...
2024/12/18 22:13:57 >> debug : editProcess Entering executeUpdate ...
2024/12/18 22:13:57 >> info : SimplanAbstractProcess::execCommand -> AbstractCommand::executeProcess > [ m_admin/select_one.sql ]
2024/12/18 22:13:57 >> debug : WideDB_SimplanInterface::QueryExecute >>SELECT ma.f_admin_id ,ma.f_name ,ma.f_mailaddress ,ma.f_id ,ma.f_admin_kbn ,ma.f_auth ,ma.f_auth_value ,ma.f_del_flg ,ma.f_reg_account ,ma.f_reg_time ,ma.f_upd_account ,ma.f_upd_time FROM m_admin ma WHERE ma.f_del_flg = '0' AND ma.f_admin_id = 32
2024/12/18 22:13:57 >> info : execQuery TIME : 0.00010 second
2024/12/18 22:13:57 >> debug : DB Start Transaction ... OK
2024/12/18 22:13:57 >> debug : WideDB_SimplanInterface::QueryExecute >>UPDATE `m_admin`    SET `f_name` = 'mythili',`f_mailaddress` = 'myth@threet.co.jp',`f_id` = 'mythili',`f_admin_kbn` = '1',`f_upd_account` = 1,`f_upd_time` = '20241218221357' WHERE `f_admin_id` = 32
2024/12/18 22:13:57 >> info : execQuery TIME : 0.00044 second
2024/12/18 22:13:57 >> debug : Update m_admin ... OK
2024/12/18 22:13:57 >> debug : DB Commit ... OK
2024/12/18 22:13:57 >> debug : Entering postcute ...
2024/12/18 22:13:57 >> debug : DB Connect Close ... OK
2024/12/18 22:13:59 >> info : * ------------------------------------------------------------ *
2024/12/18 22:13:59 >> info : * Simplan Framework - PHP Web Application Framework
2024/12/18 22:13:59 >> info : * 
2024/12/18 22:13:59 >> info : * Version : 1.1.0
2024/12/18 22:13:59 >> info : * Copyright(c) 2003-2024 THREET CO.,LTD. All Rights Reserved.
2024/12/18 22:13:59 >> info : * http://www.threet.co.jp
2024/12/18 22:13:59 >> info : * ------------------------------------------------------------ *
2024/12/18 22:13:59 >> debug : HTTP_REFERER > https://roz.threet.co.jp/~m-ela/simplan/admin/account.php
2024/12/18 22:13:59 >> debug : SCRIPT_URI > 
2024/12/18 22:13:59 >> debug : REQUEST_URI > /~m-ela/simplan/admin/account.php
2024/12/18 22:13:59 >> debug : HTTPS > on
2024/12/18 22:13:59 >> debug : HTTPS MODE > on
2024/12/18 22:13:59 >> debug : DEF_COMMAND > cmd
2024/12/18 22:13:59 >> debug : DEF_PROCESS > prc
2024/12/18 22:13:59 >> debug : POST DATA > [prc] : <list>
2024/12/18 22:13:59 >> debug : POST DATA > [cmd] : <reload>
2024/12/18 22:13:59 >> debug : POST DATA > [sid] : <>
2024/12/18 22:13:59 >> debug : POST DATA > [pno] : <>
2024/12/18 22:13:59 >> debug : POST DATA > [onetime_ticket] : <b10d0304dc98259eb5169c6fba488462>
2024/12/18 22:13:59 >> debug : SESSION start ... OK
2024/12/18 22:13:59 >> info : Process set [list] ... OK
2024/12/18 22:13:59 >> info : Process Name [listProcess] ... OK
2024/12/18 22:13:59 >> info : Include File [/home/m-ela/projects/simplan/public_app/mod/admin/account/process/listProcess.php]... OK
2024/12/18 22:13:59 >> info : Class Exists [listProcess] ... OK
2024/12/18 22:13:59 >> debug : DB Connect ... OK
2024/12/18 22:13:59 >> debug : Entering precute ...
2024/12/18 22:13:59 >> info : SimplanAbstractProcess::execCommand -> AbstractCommand::executeProcess > [ m_admin/is_login.sql ]
2024/12/18 22:13:59 >> debug : WideDB_SimplanInterface::QueryExecute >>SELECT ma.f_admin_id ,ma.f_name ,ma.f_mailaddress ,ma.f_id ,ma.f_password ,ma.f_admin_kbn ,ma.f_auth ,ma.f_auth_value ,ma.f_del_flg ,ma.f_reg_account ,ma.f_reg_time ,ma.f_upd_account ,ma.f_upd_time FROM m_admin ma WHERE ma.f_admin_id = 1
2024/12/18 22:13:59 >> info : execQuery TIME : 0.00053 second
2024/12/18 22:13:59 >> info : Session connection is OK ...
2024/12/18 22:13:59 >> debug : Entering execute ...
2024/12/18 22:13:59 >> debug : listProcess Entering executeReload ...
2024/12/18 22:13:59 >> info : SimplanAbstractProcess::execCommand -> AbstractCommand::executeProcess > [ m_admin/select_list_count.sql ]
2024/12/18 22:13:59 >> debug : WideDB_SimplanInterface::QueryExecute >>SELECT count(ma.f_admin_id) as count FROM m_admin ma WHERE ma.f_del_flg = '0'
2024/12/18 22:13:59 >> info : execQuery TIME : 0.00040 second
2024/12/18 22:13:59 >> info : SimplanAbstractProcess::execCommand -> AbstractCommand::executeProcess > [ m_admin/select_list.sql ]
2024/12/18 22:13:59 >> debug : WideDB_SimplanInterface::QueryExecute >>SELECT ma.f_admin_id ,ma.f_name ,ma.f_name ,ma.f_admin_kbn ,ma.f_mailaddress ,ma.f_id ,ma.f_password ,ma.f_admin_kbn ,ma.f_auth ,ma.f_auth_value FROM m_admin ma WHERE ma.f_del_flg = '0' ORDER BY ma.f_admin_id ASC LIMIT 0, 15
2024/12/18 22:13:59 >> info : execQuery TIME : 0.00064 second
2024/12/18 22:13:59 >> debug : Entering postcute ...
2024/12/18 22:13:59 >> debug : DB Connect Close ... OK
2024/12/18 22:14:08 >> info : * ------------------------------------------------------------ *
2024/12/18 22:14:08 >> info : * Simplan Framework - PHP Web Application Framework
2024/12/18 22:14:08 >> info : * 
2024/12/18 22:14:08 >> info : * Version : 1.1.0
2024/12/18 22:14:08 >> info : * Copyright(c) 2003-2024 THREET CO.,LTD. All Rights Reserved.
2024/12/18 22:14:08 >> info : * http://www.threet.co.jp
2024/12/18 22:14:08 >> info : * ------------------------------------------------------------ *
2024/12/18 22:14:08 >> debug : HTTP_REFERER > https://roz.threet.co.jp/~m-ela/simplan/admin/account.php
2024/12/18 22:14:08 >> debug : SCRIPT_URI > 
2024/12/18 22:14:08 >> debug : REQUEST_URI > /~m-ela/simplan/admin/addemployee.php
2024/12/18 22:14:08 >> debug : HTTPS > on
2024/12/18 22:14:08 >> debug : HTTPS MODE > on
2024/12/18 22:14:08 >> debug : DEF_COMMAND > cmd
2024/12/18 22:14:08 >> debug : DEF_PROCESS > prc
2024/12/18 22:14:08 >> debug : SESSION start ... OK
2024/12/18 22:14:08 >> info : Process set [index] ... OK
2024/12/18 22:14:08 >> info : Process Name [listProcess] ... OK
2024/12/18 22:14:08 >> info : Include File [/home/m-ela/projects/simplan/public_app/mod/admin/addemployee/process/listProcess.php]... OK
2024/12/18 22:14:08 >> info : Class Exists [listProcess] ... OK
2024/12/18 22:14:08 >> debug : DB Connect ... OK
2024/12/18 22:14:08 >> debug : Entering precute ...
2024/12/18 22:14:08 >> info : SimplanAbstractProcess::execCommand -> AbstractCommand::executeProcess > [ m_admin/is_login.sql ]
2024/12/18 22:14:08 >> debug : WideDB_SimplanInterface::QueryExecute >>SELECT ma.f_admin_id ,ma.f_name ,ma.f_mailaddress ,ma.f_id ,ma.f_password ,ma.f_admin_kbn ,ma.f_auth ,ma.f_auth_value ,ma.f_del_flg ,ma.f_reg_account ,ma.f_reg_time ,ma.f_upd_account ,ma.f_upd_time FROM m_admin ma WHERE ma.f_admin_id = 1
2024/12/18 22:14:08 >> info : execQuery TIME : 0.00013 second
2024/12/18 22:14:08 >> info : Session connection is OK ...
2024/12/18 22:14:08 >> debug : Entering execute ...
2024/12/18 22:14:08 >> debug : listProcess Entering executeDefault ...
2024/12/18 22:14:08 >> info : SimplanAbstractProcess::execCommand -> AbstractCommand::executeProcess > [ m_addemployee/select_list_count.sql ]
2024/12/18 22:14:08 >> debug : WideDB_SimplanInterface::QueryExecute >>SELECT count(addemployee.f_employee_id) as count FROM m_addemployee addemployee WHERE addemployee.f_del_flg = '0'
2024/12/18 22:14:08 >> info : execQuery TIME : 0.00010 second
2024/12/18 22:14:08 >> info : SimplanAbstractProcess::execCommand -> AbstractCommand::executeProcess > [ m_addemployee/select_list.sql ]
2024/12/18 22:14:08 >> debug : WideDB_SimplanInterface::QueryExecute >>SELECT addemployee.f_employee_id ,addemployee.f_emp_id ,addemployee.f_name ,addemployee.f_aadhar_number ,addemployee.f_pan_number ,addemployee.f_passport ,date_format(addemployee.f_issue_date, '%Y/%m/%d') as f_issue_date ,date_format(addemployee.f_expiry_date, '%Y/%m/%d') as f_expiry_date ,date_format(addemployee.f_date_of_birth, '%Y/%m/%d') as f_date_of_birth ,addemployee.f_mobile_number ,addemployee.f_image ,addemployee.f_emp_status ,addemployee.f_passport_alert FROM m_addemployee addemployee WHERE addemployee.f_del_flg = '0' ORDER BY addemployee.f_emp_status, addemployee.f_emp_id ASC LIMIT 0, 10
2024/12/18 22:14:08 >> info : execQuery TIME : 0.00021 second
2024/12/18 22:14:08 >> debug : Entering postcute ...
2024/12/18 22:14:08 >> debug : DB Connect Close ... OK
2024/12/18 22:14:11 >> info : * ------------------------------------------------------------ *
2024/12/18 22:14:11 >> info : * Simplan Framework - PHP Web Application Framework
2024/12/18 22:14:11 >> info : * 
2024/12/18 22:14:11 >> info : * Version : 1.1.0
2024/12/18 22:14:11 >> info : * Copyright(c) 2003-2024 THREET CO.,LTD. All Rights Reserved.
2024/12/18 22:14:11 >> info : * http://www.threet.co.jp
2024/12/18 22:14:11 >> info : * ------------------------------------------------------------ *
2024/12/18 22:14:11 >> debug : HTTP_REFERER > https://roz.threet.co.jp/~m-ela/simplan/admin/addemployee.php
2024/12/18 22:14:11 >> debug : SCRIPT_URI > 
2024/12/18 22:14:11 >> debug : REQUEST_URI > /~m-ela/simplan/admin/account.php
2024/12/18 22:14:11 >> debug : HTTPS > on
2024/12/18 22:14:11 >> debug : HTTPS MODE > on
2024/12/18 22:14:11 >> debug : DEF_COMMAND > cmd
2024/12/18 22:14:11 >> debug : DEF_PROCESS > prc
2024/12/18 22:14:11 >> debug : SESSION start ... OK
2024/12/18 22:14:11 >> info : Process set [index] ... OK
2024/12/18 22:14:11 >> info : Process Name [listProcess] ... OK
2024/12/18 22:14:11 >> info : Include File [/home/m-ela/projects/simplan/public_app/mod/admin/account/process/listProcess.php]... OK
2024/12/18 22:14:11 >> info : Class Exists [listProcess] ... OK
2024/12/18 22:14:11 >> debug : DB Connect ... OK
2024/12/18 22:14:11 >> debug : Entering precute ...
2024/12/18 22:14:11 >> info : SimplanAbstractProcess::execCommand -> AbstractCommand::executeProcess > [ m_admin/is_login.sql ]
2024/12/18 22:14:11 >> debug : WideDB_SimplanInterface::QueryExecute >>SELECT ma.f_admin_id ,ma.f_name ,ma.f_mailaddress ,ma.f_id ,ma.f_password ,ma.f_admin_kbn ,ma.f_auth ,ma.f_auth_value ,ma.f_del_flg ,ma.f_reg_account ,ma.f_reg_time ,ma.f_upd_account ,ma.f_upd_time FROM m_admin ma WHERE ma.f_admin_id = 1
2024/12/18 22:14:11 >> info : execQuery TIME : 0.00027 second
2024/12/18 22:14:11 >> info : Session connection is OK ...
2024/12/18 22:14:11 >> debug : Entering execute ...
2024/12/18 22:14:11 >> debug : listProcess Entering executeDefault ...
2024/12/18 22:14:11 >> info : SimplanAbstractProcess::execCommand -> AbstractCommand::executeProcess > [ m_admin/select_list_count.sql ]
2024/12/18 22:14:11 >> debug : WideDB_SimplanInterface::QueryExecute >>SELECT count(ma.f_admin_id) as count FROM m_admin ma WHERE ma.f_del_flg = '0'
2024/12/18 22:14:11 >> info : execQuery TIME : 0.00017 second
2024/12/18 22:14:11 >> info : SimplanAbstractProcess::execCommand -> AbstractCommand::executeProcess > [ m_admin/select_list.sql ]
2024/12/18 22:14:11 >> debug : WideDB_SimplanInterface::QueryExecute >>SELECT ma.f_admin_id ,ma.f_name ,ma.f_name ,ma.f_admin_kbn ,ma.f_mailaddress ,ma.f_id ,ma.f_password ,ma.f_admin_kbn ,ma.f_auth ,ma.f_auth_value FROM m_admin ma WHERE ma.f_del_flg = '0' ORDER BY ma.f_admin_id ASC LIMIT 0, 15
2024/12/18 22:14:11 >> info : execQuery TIME : 0.00030 second
2024/12/18 22:14:11 >> debug : Entering postcute ...
2024/12/18 22:14:11 >> debug : DB Connect Close ... OK
2024/12/18 22:14:20 >> info : * ------------------------------------------------------------ *
2024/12/18 22:14:20 >> info : * Simplan Framework - PHP Web Application Framework
2024/12/18 22:14:20 >> info : * 
2024/12/18 22:14:20 >> info : * Version : 1.1.0
2024/12/18 22:14:20 >> info : * Copyright(c) 2003-2024 THREET CO.,LTD. All Rights Reserved.
2024/12/18 22:14:20 >> info : * http://www.threet.co.jp
2024/12/18 22:14:20 >> info : * ------------------------------------------------------------ *
2024/12/18 22:14:20 >> debug : HTTP_REFERER > https://roz.threet.co.jp/~m-ela/simplan/admin/addemployee.php
2024/12/18 22:14:20 >> debug : SCRIPT_URI > 
2024/12/18 22:14:20 >> debug : REQUEST_URI > /~m-ela/simplan/admin/addemployee.php
2024/12/18 22:14:20 >> debug : HTTPS > on
2024/12/18 22:14:20 >> debug : HTTPS MODE > on
2024/12/18 22:14:20 >> debug : DEF_COMMAND > cmd
2024/12/18 22:14:20 >> debug : DEF_PROCESS > prc
2024/12/18 22:14:20 >> debug : POST DATA > [prc] : <edit>
2024/12/18 22:14:20 >> debug : POST DATA > [cmd] : <>
2024/12/18 22:14:20 >> debug : POST DATA > [sid] : <47>
2024/12/18 22:14:20 >> debug : POST DATA > [pno] : <>
2024/12/18 22:14:20 >> debug : POST DATA > [f_emp_id] : <>
2024/12/18 22:14:20 >> debug : POST DATA > [f_name] : <>
2024/12/18 22:14:20 >> debug : POST DATA > [f_emp_status] : <>
2024/12/18 22:14:20 >> debug : POST DATA > [onetime_ticket] : <>
2024/12/18 22:14:20 >> debug : SESSION start ... OK
2024/12/18 22:14:20 >> info : Process set [edit] ... OK
2024/12/18 22:14:20 >> info : Process Name [editProcess] ... OK
2024/12/18 22:14:20 >> info : Include File [/home/m-ela/projects/simplan/public_app/mod/admin/addemployee/process/editProcess.php]... OK
2024/12/18 22:14:20 >> info : Class Exists [editProcess] ... OK
2024/12/18 22:14:20 >> debug : DB Connect ... OK
2024/12/18 22:14:20 >> debug : Entering precute ...
2024/12/18 22:14:20 >> info : SimplanAbstractProcess::execCommand -> AbstractCommand::executeProcess > [ m_admin/is_login.sql ]
2024/12/18 22:14:20 >> debug : WideDB_SimplanInterface::QueryExecute >>SELECT ma.f_admin_id ,ma.f_name ,ma.f_mailaddress ,ma.f_id ,ma.f_password ,ma.f_admin_kbn ,ma.f_auth ,ma.f_auth_value ,ma.f_del_flg ,ma.f_reg_account ,ma.f_reg_time ,ma.f_upd_account ,ma.f_upd_time FROM m_admin ma WHERE ma.f_admin_id = 1
2024/12/18 22:14:20 >> info : execQuery TIME : 0.00013 second
2024/12/18 22:14:20 >> info : Session connection is OK ...
2024/12/18 22:14:20 >> debug : Temp dir is [/home/m-ela/projects/simplan/public_html/admin/img/img_temp/]
2024/12/18 22:14:20 >> debug : File dir is [/home/m-ela/projects/simplan/public_html/admin/img/profile_photo/]
2024/12/18 22:14:20 >> debug : Entering execute ...
2024/12/18 22:14:20 >> debug : editProcess Entering executeDefault ...
2024/12/18 22:14:20 >> info : SimplanAbstractProcess::execCommand -> AbstractCommand::executeProcess > [ m_addemployee/select_one.sql ]
2024/12/18 22:14:20 >> debug : WideDB_SimplanInterface::QueryExecute >>SELECT addemployee.f_employee_id ,addemployee.f_emp_id ,addemployee.f_name ,addemployee.f_aadhar_number ,addemployee.f_pan_number ,addemployee.f_passport ,date_format(addemployee.f_issue_date, '%Y/%m/%d') as f_issue_date ,date_format(addemployee.f_expiry_date, '%Y/%m/%d') as f_expiry_date ,addemployee.f_gender ,date_format(addemployee.f_date_of_birth, '%Y/%m/%d') as f_date_of_birth ,addemployee.f_age ,addemployee.f_blood_group ,addemployee.f_status ,addemployee.f_address1 ,addemployee.f_address2 ,addemployee.f_city ,addemployee.f_state ,addemployee.f_pincode ,addemployee.f_country ,addemployee.f_mobile_number ,addemployee.f_office_telephone_number ,addemployee.f_office_email ,addemployee.f_personal_mail ,addemployee.f_relation_name ,addemployee.f_relationship ,addemployee.f_occupation ,addemployee.f_address ,addemployee.f_phone_number ,addemployee.f_emp_status ,addemployee.f_category ,addemployee.f_job_title ,addemployee.f_join_date ,addemployee.f_relive_date ,addemployee.f_location ,addemployee.f_experience ,addemployee.f_education_ug ,addemployee.f_degree_ug ,addemployee.f_university_ug ,addemployee.f_education_pg ,addemployee.f_degree_pg ,addemployee.f_university_pg ,addemployee.f_additional_skill ,addemployee.f_language ,addemployee.f_others ,addemployee.f_jlpt ,addemployee.f_bank_name ,addemployee.f_bank_branch ,addemployee.f_acc_no ,addemployee.f_ifsc_code ,addemployee.f_description ,addemployee.f_image ,addemployee.f_del_flg ,addemployee.f_reg_account ,addemployee.f_reg_time ,addemployee.f_upd_account ,addemployee.f_upd_time FROM m_addemployee addemployee WHERE addemployee.f_del_flg = '0' AND addemployee.f_employee_id = '47'
2024/12/18 22:14:20 >> info : execQuery TIME : 0.00050 second
2024/12/18 22:14:20 >> debug : File dir is [/home/m-ela/projects/simplan/public_html/admin/img/profile_photo/]
2024/12/18 22:14:20 >> debug : Temp dir is [/home/m-ela/projects/simplan/public_html/admin/img/img_temp/]
2024/12/18 22:14:20 >> debug : Copy from: /home/m-ela/projects/simplan/public_html/admin/img/profile_photo/profile_photo_202312061246061453756437.jpeg to /home/m-ela/projects/simplan/public_html/admin/img/img_temp/profile_photo_1uuvefn9ic8j6l2cl199nhcsh41634269161.jpeg
2024/12/18 22:14:20 >> debug : COPY OK
2024/12/18 22:14:20 >> debug : Entering postcute ...
2024/12/18 22:14:20 >> debug : DB Connect Close ... OK
2024/12/18 22:14:24 >> info : * ------------------------------------------------------------ *
2024/12/18 22:14:24 >> info : * Simplan Framework - PHP Web Application Framework
2024/12/18 22:14:24 >> info : * 
2024/12/18 22:14:24 >> info : * Version : 1.1.0
2024/12/18 22:14:24 >> info : * Copyright(c) 2003-2024 THREET CO.,LTD. All Rights Reserved.
2024/12/18 22:14:24 >> info : * http://www.threet.co.jp
2024/12/18 22:14:24 >> info : * ------------------------------------------------------------ *
2024/12/18 22:14:24 >> debug : HTTP_REFERER > 
2024/12/18 22:14:24 >> debug : SCRIPT_URI > 
2024/12/18 22:14:24 >> debug : REQUEST_URI > /~m-ela/simplan/
2024/12/18 22:14:24 >> debug : HTTPS > on
2024/12/18 22:14:24 >> debug : HTTPS MODE > on
2024/12/18 22:14:24 >> debug : DEF_COMMAND > cmd
2024/12/18 22:14:24 >> debug : DEF_PROCESS > prc
2024/12/18 22:14:24 >> debug : SESSION start ... OK
2024/12/18 22:14:24 >> info : Process set [index] ... OK
2024/12/18 22:14:24 >> info : Process Name [indexProcess] ... OK
2024/12/18 22:14:24 >> info : Include File [/home/m-ela/projects/simplan/public_app/mod/user/index/process/indexProcess.php]... OK
2024/12/18 22:14:24 >> info : Class Exists [indexProcess] ... OK
2024/12/18 22:14:24 >> debug : DB Connect ... OK
2024/12/18 22:14:24 >> debug : Entering precute ...
2024/12/18 22:14:24 >> debug : Temp dir is [/home/m-ela/projects/simplan/public_html/admin/img/img_temp/]
2024/12/18 22:14:24 >> debug : File dir is [/home/m-ela/projects/simplan/public_html/admin/img/profile_photo/]
2024/12/18 22:14:24 >> debug : Entering execute ...
2024/12/18 22:14:24 >> debug : indexProcess Entering executeDefault ...
2024/12/18 22:14:24 >> debug : Entering execDefualt ...
2024/12/18 22:14:24 >> info : Session connection is NG ...
2024/12/18 22:14:24 >> info : SimplanAbstractProcess::execCommand -> AbstractCommand::executeProcess > [ m_addemployee/select_one.sql ]
2024/12/18 22:14:24 >> debug : WideDB_SimplanInterface::QueryExecute >>SELECT addemployee.f_employee_id ,addemployee.f_emp_id ,addemployee.f_name ,addemployee.f_aadhar_number ,addemployee.f_pan_number ,addemployee.f_passport ,date_format(addemployee.f_issue_date, '%Y/%m/%d') as f_issue_date ,date_format(addemployee.f_expiry_date, '%Y/%m/%d') as f_expiry_date ,addemployee.f_gender ,date_format(addemployee.f_date_of_birth, '%Y/%m/%d') as f_date_of_birth ,addemployee.f_age ,addemployee.f_blood_group ,addemployee.f_status ,addemployee.f_address1 ,addemployee.f_address2 ,addemployee.f_city ,addemployee.f_state ,addemployee.f_pincode ,addemployee.f_country ,addemployee.f_mobile_number ,addemployee.f_office_telephone_number ,addemployee.f_office_email ,addemployee.f_personal_mail ,addemployee.f_relation_name ,addemployee.f_relationship ,addemployee.f_occupation ,addemployee.f_address ,addemployee.f_phone_number ,addemployee.f_emp_status ,addemployee.f_category ,addemployee.f_job_title ,addemployee.f_join_date ,addemployee.f_relive_date ,addemployee.f_location ,addemployee.f_experience ,addemployee.f_education_ug ,addemployee.f_degree_ug ,addemployee.f_university_ug ,addemployee.f_education_pg ,addemployee.f_degree_pg ,addemployee.f_university_pg ,addemployee.f_additional_skill ,addemployee.f_language ,addemployee.f_others ,addemployee.f_jlpt ,addemployee.f_bank_name ,addemployee.f_bank_branch ,addemployee.f_acc_no ,addemployee.f_ifsc_code ,addemployee.f_description ,addemployee.f_image ,addemployee.f_del_flg ,addemployee.f_reg_account ,addemployee.f_reg_time ,addemployee.f_upd_account ,addemployee.f_upd_time FROM m_addemployee addemployee WHERE addemployee.f_del_flg = '0'
2024/12/18 22:14:24 >> info : execQuery TIME : 0.00039 second
2024/12/18 22:14:24 >> debug : Entering postcute ...
2024/12/18 22:14:24 >> debug : DB Connect Close ... OK
2024/12/18 22:14:26 >> info : * ------------------------------------------------------------ *
2024/12/18 22:14:26 >> info : * Simplan Framework - PHP Web Application Framework
2024/12/18 22:14:26 >> info : * 
2024/12/18 22:14:26 >> info : * Version : 1.1.0
2024/12/18 22:14:26 >> info : * Copyright(c) 2003-2024 THREET CO.,LTD. All Rights Reserved.
2024/12/18 22:14:26 >> info : * http://www.threet.co.jp
2024/12/18 22:14:26 >> info : * ------------------------------------------------------------ *
2024/12/18 22:14:26 >> debug : HTTP_REFERER > https://roz.threet.co.jp/~m-ela/simplan/
2024/12/18 22:14:26 >> debug : SCRIPT_URI > 
2024/12/18 22:14:26 >> debug : REQUEST_URI > /~m-ela/simplan/index.php
2024/12/18 22:14:26 >> debug : HTTPS > on
2024/12/18 22:14:26 >> debug : HTTPS MODE > on
2024/12/18 22:14:26 >> debug : DEF_COMMAND > cmd
2024/12/18 22:14:26 >> debug : DEF_PROCESS > prc
2024/12/18 22:14:26 >> debug : POST DATA > [prc] : <index>
2024/12/18 22:14:26 >> debug : POST DATA > [cmd] : <login>
2024/12/18 22:14:26 >> debug : POST DATA > [f_login_id] : <adminela>
2024/12/18 22:14:26 >> debug : POST DATA > [f_password] : <adminela>
2024/12/18 22:14:26 >> debug : SESSION start ... OK
2024/12/18 22:14:26 >> info : Process set [index] ... OK
2024/12/18 22:14:26 >> info : Process Name [indexProcess] ... OK
2024/12/18 22:14:26 >> info : Include File [/home/m-ela/projects/simplan/public_app/mod/user/index/process/indexProcess.php]... OK
2024/12/18 22:14:26 >> info : Class Exists [indexProcess] ... OK
2024/12/18 22:14:26 >> debug : DB Connect ... OK
2024/12/18 22:14:26 >> debug : Entering precute ...
2024/12/18 22:14:26 >> debug : Temp dir is [/home/m-ela/projects/simplan/public_html/admin/img/img_temp/]
2024/12/18 22:14:26 >> debug : File dir is [/home/m-ela/projects/simplan/public_html/admin/img/profile_photo/]
2024/12/18 22:14:26 >> debug : Entering execute ...
2024/12/18 22:14:26 >> debug : indexProcess Entering executeLogin ...
2024/12/18 22:14:26 >> debug : Entering executeLogin ...
2024/12/18 22:14:26 >> info : SimplanAbstractProcess::execCommand -> AbstractCommand::executeProcess > [ m_user/login.sql ]
2024/12/18 22:14:26 >> debug : WideDB_SimplanInterface::QueryExecute >>SELECT user.f_user_id ,user.f_name ,user.f_surname_kana ,user.f_mailaddress ,user.f_login_id ,user.f_password ,user.f_del_flg ,user.f_reg_account ,user.f_reg_time ,user.f_upd_account ,user.f_upd_time FROM m_user user WHERE user.f_login_id = 'adminela' AND user.f_password = 'adminela' AND user.f_del_flg = '0'
2024/12/18 22:14:26 >> info : execQuery TIME : 0.00012 second
2024/12/18 22:14:26 >> debug : indexProcessError executeLogin ... NG
2024/12/18 22:14:26 >> debug : Entering postcute ...
2024/12/18 22:14:26 >> debug : DB Connect Close ... OK
2024/12/18 22:14:31 >> info : * ------------------------------------------------------------ *
2024/12/18 22:14:31 >> info : * Simplan Framework - PHP Web Application Framework
2024/12/18 22:14:31 >> info : * 
2024/12/18 22:14:31 >> info : * Version : 1.1.0
2024/12/18 22:14:31 >> info : * Copyright(c) 2003-2024 THREET CO.,LTD. All Rights Reserved.
2024/12/18 22:14:31 >> info : * http://www.threet.co.jp
2024/12/18 22:14:31 >> info : * ------------------------------------------------------------ *
2024/12/18 22:14:31 >> debug : HTTP_REFERER > https://roz.threet.co.jp/~m-ela/simplan/index.php
2024/12/18 22:14:31 >> debug : SCRIPT_URI > 
2024/12/18 22:14:31 >> debug : REQUEST_URI > /~m-ela/simplan/index.php
2024/12/18 22:14:31 >> debug : HTTPS > on
2024/12/18 22:14:31 >> debug : HTTPS MODE > on
2024/12/18 22:14:31 >> debug : DEF_COMMAND > cmd
2024/12/18 22:14:31 >> debug : DEF_PROCESS > prc
2024/12/18 22:14:31 >> debug : POST DATA > [prc] : <index>
2024/12/18 22:14:31 >> debug : POST DATA > [cmd] : <login>
2024/12/18 22:14:31 >> debug : POST DATA > [f_login_id] : <adminela>
2024/12/18 22:14:31 >> debug : POST DATA > [f_password] : <adminela>
2024/12/18 22:14:31 >> debug : SESSION start ... OK
2024/12/18 22:14:31 >> info : Process set [index] ... OK
2024/12/18 22:14:31 >> info : Process Name [indexProcess] ... OK
2024/12/18 22:14:31 >> info : Include File [/home/m-ela/projects/simplan/public_app/mod/user/index/process/indexProcess.php]... OK
2024/12/18 22:14:31 >> info : Class Exists [indexProcess] ... OK
2024/12/18 22:14:31 >> debug : DB Connect ... OK
2024/12/18 22:14:31 >> debug : Entering precute ...
2024/12/18 22:14:31 >> debug : Temp dir is [/home/m-ela/projects/simplan/public_html/admin/img/img_temp/]
2024/12/18 22:14:31 >> debug : File dir is [/home/m-ela/projects/simplan/public_html/admin/img/profile_photo/]
2024/12/18 22:14:31 >> debug : Entering execute ...
2024/12/18 22:14:31 >> debug : indexProcess Entering executeLogin ...
2024/12/18 22:14:31 >> debug : Entering executeLogin ...
2024/12/18 22:14:31 >> info : SimplanAbstractProcess::execCommand -> AbstractCommand::executeProcess > [ m_user/login.sql ]
2024/12/18 22:14:31 >> debug : WideDB_SimplanInterface::QueryExecute >>SELECT user.f_user_id ,user.f_name ,user.f_surname_kana ,user.f_mailaddress ,user.f_login_id ,user.f_password ,user.f_del_flg ,user.f_reg_account ,user.f_reg_time ,user.f_upd_account ,user.f_upd_time FROM m_user user WHERE user.f_login_id = 'adminela' AND user.f_password = 'adminela' AND user.f_del_flg = '0'
2024/12/18 22:14:31 >> info : execQuery TIME : 0.00030 second
2024/12/18 22:14:31 >> debug : indexProcessError executeLogin ... NG
2024/12/18 22:14:31 >> debug : Entering postcute ...
2024/12/18 22:14:31 >> debug : DB Connect Close ... OK
2024/12/18 22:14:37 >> info : * ------------------------------------------------------------ *
2024/12/18 22:14:37 >> info : * Simplan Framework - PHP Web Application Framework
2024/12/18 22:14:37 >> info : * 
2024/12/18 22:14:37 >> info : * Version : 1.1.0
2024/12/18 22:14:37 >> info : * Copyright(c) 2003-2024 THREET CO.,LTD. All Rights Reserved.
2024/12/18 22:14:37 >> info : * http://www.threet.co.jp
2024/12/18 22:14:37 >> info : * ------------------------------------------------------------ *
2024/12/18 22:14:37 >> debug : HTTP_REFERER > https://roz.threet.co.jp/~m-ela/simplan/index.php
2024/12/18 22:14:37 >> debug : SCRIPT_URI > 
2024/12/18 22:14:37 >> debug : REQUEST_URI > /~m-ela/simplan/index.php
2024/12/18 22:14:37 >> debug : HTTPS > on
2024/12/18 22:14:37 >> debug : HTTPS MODE > on
2024/12/18 22:14:37 >> debug : DEF_COMMAND > cmd
2024/12/18 22:14:37 >> debug : DEF_PROCESS > prc
2024/12/18 22:14:37 >> debug : POST DATA > [prc] : <index>
2024/12/18 22:14:37 >> debug : POST DATA > [cmd] : <login>
2024/12/18 22:14:37 >> debug : POST DATA > [f_login_id] : <adminela>
2024/12/18 22:14:37 >> debug : POST DATA > [f_password] : <adminela>
2024/12/18 22:14:37 >> debug : SESSION start ... OK
2024/12/18 22:14:37 >> info : Process set [index] ... OK
2024/12/18 22:14:37 >> info : Process Name [indexProcess] ... OK
2024/12/18 22:14:37 >> info : Include File [/home/m-ela/projects/simplan/public_app/mod/user/index/process/indexProcess.php]... OK
2024/12/18 22:14:37 >> info : Class Exists [indexProcess] ... OK
2024/12/18 22:14:37 >> debug : DB Connect ... OK
2024/12/18 22:14:37 >> debug : Entering precute ...
2024/12/18 22:14:37 >> debug : Temp dir is [/home/m-ela/projects/simplan/public_html/admin/img/img_temp/]
2024/12/18 22:14:37 >> debug : File dir is [/home/m-ela/projects/simplan/public_html/admin/img/profile_photo/]
2024/12/18 22:14:37 >> debug : Entering execute ...
2024/12/18 22:14:37 >> debug : indexProcess Entering executeLogin ...
2024/12/18 22:14:37 >> debug : Entering executeLogin ...
2024/12/18 22:14:37 >> info : SimplanAbstractProcess::execCommand -> AbstractCommand::executeProcess > [ m_user/login.sql ]
2024/12/18 22:14:37 >> debug : WideDB_SimplanInterface::QueryExecute >>SELECT user.f_user_id ,user.f_name ,user.f_surname_kana ,user.f_mailaddress ,user.f_login_id ,user.f_password ,user.f_del_flg ,user.f_reg_account ,user.f_reg_time ,user.f_upd_account ,user.f_upd_time FROM m_user user WHERE user.f_login_id = 'adminela' AND user.f_password = 'adminela' AND user.f_del_flg = '0'
2024/12/18 22:14:37 >> info : execQuery TIME : 0.00014 second
2024/12/18 22:14:37 >> debug : indexProcessError executeLogin ... NG
2024/12/18 22:14:37 >> debug : Entering postcute ...
2024/12/18 22:14:37 >> debug : DB Connect Close ... OK
2024/12/18 22:14:43 >> info : * ------------------------------------------------------------ *
2024/12/18 22:14:43 >> info : * Simplan Framework - PHP Web Application Framework
2024/12/18 22:14:43 >> info : * 
2024/12/18 22:14:43 >> info : * Version : 1.1.0
2024/12/18 22:14:43 >> info : * Copyright(c) 2003-2024 THREET CO.,LTD. All Rights Reserved.
2024/12/18 22:14:43 >> info : * http://www.threet.co.jp
2024/12/18 22:14:43 >> info : * ------------------------------------------------------------ *
2024/12/18 22:14:43 >> debug : HTTP_REFERER > https://roz.threet.co.jp/~m-ela/simplan/admin/addemployee.php
2024/12/18 22:14:43 >> debug : SCRIPT_URI > 
2024/12/18 22:14:43 >> debug : REQUEST_URI > /~m-ela/simplan/admin/addemployee.php
2024/12/18 22:14:43 >> debug : HTTPS > on
2024/12/18 22:14:43 >> debug : HTTPS MODE > on
2024/12/18 22:14:43 >> debug : DEF_COMMAND > cmd
2024/12/18 22:14:43 >> debug : DEF_PROCESS > prc
2024/12/18 22:14:43 >> debug : POST DATA > [prc] : <edit>
2024/12/18 22:14:43 >> debug : POST DATA > [cmd] : <confirm>
2024/12/18 22:14:43 >> debug : POST DATA > [sid] : <47>
2024/12/18 22:14:43 >> debug : POST DATA > [pno] : <>
2024/12/18 22:14:43 >> debug : POST DATA > [f_emp_id] : <SSIPL020>
2024/12/18 22:14:43 >> debug : POST DATA > [f_name] : <M Durga>
2024/12/18 22:14:43 >> debug : POST DATA > [f_gender] : <1>
2024/12/18 22:14:43 >> debug : POST DATA > [f_date_of_birth] : <2000/04/20>
2024/12/18 22:14:43 >> debug : POST DATA > [f_age] : <24>
2024/12/18 22:14:43 >> debug : POST DATA > [f_blood_group] : <5>
2024/12/18 22:14:43 >> debug : POST DATA > [f_aadhar_number] : <825245296223>
2024/12/18 22:14:43 >> debug : POST DATA > [f_pan_number] : <EVRPD2001Q>
2024/12/18 22:14:43 >> debug : POST DATA > [f_passport] : <R4253943>
2024/12/18 22:14:43 >> debug : POST DATA > [f_issue_date] : <2023/07/24>
2024/12/18 22:14:43 >> debug : POST DATA > [f_expiry_date] : <2033/07/23>
2024/12/18 22:14:43 >> debug : POST DATA > [f_status] : <0>
2024/12/18 22:14:43 >> debug : POST DATA > [f_address1] : <76,TNPL Road>
2024/12/18 22:14:43 >> debug : POST DATA > [f_address2] : <Velayuthampalayam>
2024/12/18 22:14:43 >> debug : POST DATA > [f_city] : <Karur>
2024/12/18 22:14:43 >> debug : POST DATA > [f_state] : <Tamilnadu>
2024/12/18 22:14:43 >> debug : POST DATA > [f_pincode] : <639117>
2024/12/18 22:14:43 >> debug : POST DATA > [f_country] : <0>
2024/12/18 22:14:43 >> debug : POST DATA > [f_mobile_number] : <8838852815>
2024/12/18 22:14:43 >> debug : POST DATA > [f_office_email] : <info@simplan.co.in>
2024/12/18 22:14:43 >> debug : POST DATA > [f_personal_mail] : <mdurga2027@gmail.com>
2024/12/18 22:14:43 >> debug : POST DATA > [image_picture] : <profile_photo_1uuvefn9ic8j6l2cl199nhcsh41634269161.jpeg>
2024/12/18 22:14:43 >> debug : POST DATA > [f_image] : <profile_photo_202312061246061453756437.jpeg>
2024/12/18 22:14:43 >> debug : POST DATA > [f_relation_name] : <R.Murugesan>
2024/12/18 22:14:43 >> debug : POST DATA > [f_relationship] : <Father>
2024/12/18 22:14:43 >> debug : POST DATA > [f_occupation] : <cooli>
2024/12/18 22:14:43 >> debug : POST DATA > [f_address] : <76,TNPL Road,velayuthampalayam,Karur>
2024/12/18 22:14:43 >> debug : POST DATA > [f_phone_number] : <9789380649>
2024/12/18 22:14:43 >> debug : POST DATA > [f_job_title] : <Software Development>
2024/12/18 22:14:43 >> debug : POST DATA > [f_join_date] : <2023-12-01>
2024/12/18 22:14:43 >> debug : POST DATA > [f_emp_status] : <0>
2024/12/18 22:14:43 >> debug : POST DATA > [f_relive_date] : <0000-00-00>
2024/12/18 22:14:43 >> debug : POST DATA > [f_category] : <Software Engineer>
2024/12/18 22:14:43 >> debug : POST DATA > [f_location] : <Paramathi Velur>
2024/12/18 22:14:43 >> debug : POST DATA > [f_experience] : <>
2024/12/18 22:14:43 >> debug : POST DATA > [f_education_ug] : <0>
2024/12/18 22:14:43 >> debug : POST DATA > [f_degree_ug] : <B.Sc(IT)>
2024/12/18 22:14:43 >> debug : POST DATA > [f_university_ug] : <>
2024/12/18 22:14:43 >> debug : POST DATA > [f_degree_pg] : <>
2024/12/18 22:14:43 >> debug : POST DATA > [f_university_pg] : <>
2024/12/18 22:14:43 >> debug : POST DATA > [f_additional_skill] : <>
2024/12/18 22:14:43 >> debug : POST DATA > [f_others] : <>
2024/12/18 22:14:43 >> debug : POST DATA > [f_bank_name] : <>
2024/12/18 22:14:43 >> debug : POST DATA > [f_bank_branch] : <>
2024/12/18 22:14:43 >> debug : POST DATA > [f_acc_no] : <>
2024/12/18 22:14:43 >> debug : POST DATA > [f_ifsc_code] : <>
2024/12/18 22:14:43 >> debug : POST DATA > [onetime_ticket] : <e633d7782666a33c7068e3d4600b01f3>
2024/12/18 22:14:43 >> debug : SESSION start ... OK
2024/12/18 22:14:43 >> info : Process set [edit] ... OK
2024/12/18 22:14:43 >> info : Process Name [editProcess] ... OK
2024/12/18 22:14:43 >> info : Include File [/home/m-ela/projects/simplan/public_app/mod/admin/addemployee/process/editProcess.php]... OK
2024/12/18 22:14:43 >> info : Class Exists [editProcess] ... OK
2024/12/18 22:14:43 >> debug : DB Connect ... OK
2024/12/18 22:14:43 >> debug : Entering precute ...
2024/12/18 22:14:43 >> info : SimplanAbstractProcess::execCommand -> AbstractCommand::executeProcess > [ m_admin/is_login.sql ]
2024/12/18 22:14:43 >> debug : WideDB_SimplanInterface::QueryExecute >>SELECT ma.f_admin_id ,ma.f_name ,ma.f_mailaddress ,ma.f_id ,ma.f_password ,ma.f_admin_kbn ,ma.f_auth ,ma.f_auth_value ,ma.f_del_flg ,ma.f_reg_account ,ma.f_reg_time ,ma.f_upd_account ,ma.f_upd_time FROM m_admin ma WHERE ma.f_admin_id = 1
2024/12/18 22:14:43 >> info : execQuery TIME : 0.00024 second
2024/12/18 22:14:43 >> info : Session connection is OK ...
2024/12/18 22:14:43 >> debug : Temp dir is [/home/m-ela/projects/simplan/public_html/admin/img/img_temp/]
2024/12/18 22:14:43 >> debug : File dir is [/home/m-ela/projects/simplan/public_html/admin/img/profile_photo/]
2024/12/18 22:14:43 >> debug : Entering execute ...
2024/12/18 22:14:43 >> debug : editProcess Entering executeConfirm ...
2024/12/18 22:14:43 >> debug : File is NONE.
2024/12/18 22:14:43 >> debug : adjust ...
2024/12/18 22:14:43 >> debug : Image Control SRC: [/home/m-ela/projects/simplan/public_html/admin/img/img_temp/profile_photo_1uuvefn9ic8j6l2cl199nhcsh41634269161.jpeg]
2024/12/18 22:14:43 >> debug : Image Control DST: [/home/m-ela/projects/simplan/public_html/admin/img/img_temp/profile_photo_1uuvefn9ic8j6l2cl199nhcsh41634269161.jpeg]
2024/12/18 22:14:43 >> debug : Image Control WIDTH:300, HEIGHT:, MODE:WIDTH, EXPANSION:
2024/12/18 22:14:43 >> info : SimplanAbstractProcess::execCommand -> AbstractCommand::executeProcess > [ m_addemployee/get_edit_check.sql ]
2024/12/18 22:14:43 >> debug : WideDB_SimplanInterface::QueryExecute >>SELECT addemployee.f_emp_id as f_emp_id ,addemployee.f_aadhar_number as f_aadhar_number ,addemployee.f_pan_number as f_pan_number ,addemployee.f_passport as f_passport ,addemployee.f_mobile_number as f_mobile_number ,addemployee.f_office_email as f_office_email FROM m_addemployee addemployee WHERE addemployee.f_del_flg = 0 AND addemployee.f_employee_id <> "47" ORDER BY addemployee.f_emp_id ASC
2024/12/18 22:14:43 >> info : execQuery TIME : 0.00085 second
2024/12/18 22:14:43 >> debug : Entering postcute ...
2024/12/18 22:14:43 >> debug : DB Connect Close ... OK
2024/12/18 22:14:43 >> info : * ------------------------------------------------------------ *
2024/12/18 22:14:43 >> info : * Simplan Framework - PHP Web Application Framework
2024/12/18 22:14:43 >> info : * 
2024/12/18 22:14:43 >> info : * Version : 1.1.0
2024/12/18 22:14:43 >> info : * Copyright(c) 2003-2024 THREET CO.,LTD. All Rights Reserved.
2024/12/18 22:14:43 >> info : * http://www.threet.co.jp
2024/12/18 22:14:43 >> info : * ------------------------------------------------------------ *
2024/12/18 22:14:43 >> debug : HTTP_REFERER > https://roz.threet.co.jp/~m-ela/simplan/index.php
2024/12/18 22:14:43 >> debug : SCRIPT_URI > 
2024/12/18 22:14:43 >> debug : REQUEST_URI > /~m-ela/simplan/index.php
2024/12/18 22:14:43 >> debug : HTTPS > on
2024/12/18 22:14:43 >> debug : HTTPS MODE > on
2024/12/18 22:14:43 >> debug : DEF_COMMAND > cmd
2024/12/18 22:14:43 >> debug : DEF_PROCESS > prc
2024/12/18 22:14:43 >> debug : POST DATA > [prc] : <index>
2024/12/18 22:14:43 >> debug : POST DATA > [cmd] : <login>
2024/12/18 22:14:43 >> debug : POST DATA > [f_login_id] : <mela15>
2024/12/18 22:14:43 >> debug : POST DATA > [f_password] : <mela15>
2024/12/18 22:14:43 >> debug : SESSION start ... OK
2024/12/18 22:14:43 >> info : Process set [index] ... OK
2024/12/18 22:14:43 >> info : Process Name [indexProcess] ... OK
2024/12/18 22:14:43 >> info : Include File [/home/m-ela/projects/simplan/public_app/mod/user/index/process/indexProcess.php]... OK
2024/12/18 22:14:43 >> info : Class Exists [indexProcess] ... OK
2024/12/18 22:14:43 >> debug : DB Connect ... OK
2024/12/18 22:14:43 >> debug : Entering precute ...
2024/12/18 22:14:43 >> debug : Temp dir is [/home/m-ela/projects/simplan/public_html/admin/img/img_temp/]
2024/12/18 22:14:43 >> debug : File dir is [/home/m-ela/projects/simplan/public_html/admin/img/profile_photo/]
2024/12/18 22:14:43 >> debug : Entering execute ...
2024/12/18 22:14:43 >> debug : indexProcess Entering executeLogin ...
2024/12/18 22:14:43 >> debug : Entering executeLogin ...
2024/12/18 22:14:43 >> info : SimplanAbstractProcess::execCommand -> AbstractCommand::executeProcess > [ m_user/login.sql ]
2024/12/18 22:14:43 >> debug : WideDB_SimplanInterface::QueryExecute >>SELECT user.f_user_id ,user.f_name ,user.f_surname_kana ,user.f_mailaddress ,user.f_login_id ,user.f_password ,user.f_del_flg ,user.f_reg_account ,user.f_reg_time ,user.f_upd_account ,user.f_upd_time FROM m_user user WHERE user.f_login_id = 'mela15' AND user.f_password = 'mela15' AND user.f_del_flg = '0'
2024/12/18 22:14:43 >> info : execQuery TIME : 0.00019 second
2024/12/18 22:14:43 >> info : SimplanAbstractProcess::execCommand -> AbstractCommand::executeProcess > [ m_addemployee/select_one.sql ]
2024/12/18 22:14:43 >> debug : WideDB_SimplanInterface::QueryExecute >>SELECT addemployee.f_employee_id ,addemployee.f_emp_id ,addemployee.f_name ,addemployee.f_aadhar_number ,addemployee.f_pan_number ,addemployee.f_passport ,date_format(addemployee.f_issue_date, '%Y/%m/%d') as f_issue_date ,date_format(addemployee.f_expiry_date, '%Y/%m/%d') as f_expiry_date ,addemployee.f_gender ,date_format(addemployee.f_date_of_birth, '%Y/%m/%d') as f_date_of_birth ,addemployee.f_age ,addemployee.f_blood_group ,addemployee.f_status ,addemployee.f_address1 ,addemployee.f_address2 ,addemployee.f_city ,addemployee.f_state ,addemployee.f_pincode ,addemployee.f_country ,addemployee.f_mobile_number ,addemployee.f_office_telephone_number ,addemployee.f_office_email ,addemployee.f_personal_mail ,addemployee.f_relation_name ,addemployee.f_relationship ,addemployee.f_occupation ,addemployee.f_address ,addemployee.f_phone_number ,addemployee.f_emp_status ,addemployee.f_category ,addemployee.f_job_title ,addemployee.f_join_date ,addemployee.f_relive_date ,addemployee.f_location ,addemployee.f_experience ,addemployee.f_education_ug ,addemployee.f_degree_ug ,addemployee.f_university_ug ,addemployee.f_education_pg ,addemployee.f_degree_pg ,addemployee.f_university_pg ,addemployee.f_additional_skill ,addemployee.f_language ,addemployee.f_others ,addemployee.f_jlpt ,addemployee.f_bank_name ,addemployee.f_bank_branch ,addemployee.f_acc_no ,addemployee.f_ifsc_code ,addemployee.f_description ,addemployee.f_image ,addemployee.f_del_flg ,addemployee.f_reg_account ,addemployee.f_reg_time ,addemployee.f_upd_account ,addemployee.f_upd_time FROM m_addemployee addemployee WHERE addemployee.f_del_flg = '0'
2024/12/18 22:14:43 >> info : execQuery TIME : 0.00023 second
2024/12/18 22:14:43 >> debug : DB Start Transaction ... OK
2024/12/18 22:14:43 >> debug : WideDB_SimplanInterface::QueryExecute >>INSERT INTO t_history ( f_user_id, f_datetime, f_del_flg, f_reg_account, f_reg_time, f_upd_account, f_upd_time ) VALUES ( '4', '20241218221443', '0', '4', '20241218221443', '4', '20241218221443' ) 
2024/12/18 22:14:43 >> info : execQuery TIME : 0.00058 second
2024/12/18 22:14:43 >> debug : Insert t_history ... OK
2024/12/18 22:14:43 >> debug : DB Commit ... OK
2024/12/18 22:14:43 >> debug : Entering postcute ...
2024/12/18 22:14:43 >> debug : DB Connect Close ... OK
2024/12/18 22:14:52 >> info : * ------------------------------------------------------------ *
2024/12/18 22:14:52 >> info : * Simplan Framework - PHP Web Application Framework
2024/12/18 22:14:52 >> info : * 
2024/12/18 22:14:52 >> info : * Version : 1.1.0
2024/12/18 22:14:52 >> info : * Copyright(c) 2003-2024 THREET CO.,LTD. All Rights Reserved.
2024/12/18 22:14:52 >> info : * http://www.threet.co.jp
2024/12/18 22:14:52 >> info : * ------------------------------------------------------------ *
2024/12/18 22:14:52 >> debug : HTTP_REFERER > https://roz.threet.co.jp/~m-ela/simplan/admin/addemployee.php
2024/12/18 22:14:52 >> debug : SCRIPT_URI > 
2024/12/18 22:14:52 >> debug : REQUEST_URI > /~m-ela/simplan/admin/addemployee.php
2024/12/18 22:14:52 >> debug : HTTPS > on
2024/12/18 22:14:52 >> debug : HTTPS MODE > on
2024/12/18 22:14:52 >> debug : DEF_COMMAND > cmd
2024/12/18 22:14:52 >> debug : DEF_PROCESS > prc
2024/12/18 22:14:52 >> debug : POST DATA > [prc] : <edit>
2024/12/18 22:14:52 >> debug : POST DATA > [cmd] : <update>
2024/12/18 22:14:52 >> debug : POST DATA > [sid] : <>
2024/12/18 22:14:52 >> debug : POST DATA > [pno] : <>
2024/12/18 22:14:52 >> debug : POST DATA > [onetime_ticket] : <e633d7782666a33c7068e3d4600b01f3>
2024/12/18 22:14:52 >> debug : SESSION start ... OK
2024/12/18 22:14:52 >> info : Process set [edit] ... OK
2024/12/18 22:14:52 >> info : Process Name [editProcess] ... OK
2024/12/18 22:14:52 >> info : Include File [/home/m-ela/projects/simplan/public_app/mod/admin/addemployee/process/editProcess.php]... OK
2024/12/18 22:14:52 >> info : Class Exists [editProcess] ... OK
2024/12/18 22:14:52 >> debug : DB Connect ... OK
2024/12/18 22:14:52 >> debug : Entering precute ...
2024/12/18 22:14:52 >> info : SimplanAbstractProcess::execCommand -> AbstractCommand::executeProcess > [ m_admin/is_login.sql ]
2024/12/18 22:14:52 >> debug : WideDB_SimplanInterface::QueryExecute >>SELECT ma.f_admin_id ,ma.f_name ,ma.f_mailaddress ,ma.f_id ,ma.f_password ,ma.f_admin_kbn ,ma.f_auth ,ma.f_auth_value ,ma.f_del_flg ,ma.f_reg_account ,ma.f_reg_time ,ma.f_upd_account ,ma.f_upd_time FROM m_admin ma WHERE ma.f_admin_id = 1
2024/12/18 22:14:52 >> info : execQuery TIME : 0.00025 second
2024/12/18 22:14:52 >> info : Session connection is OK ...
2024/12/18 22:14:52 >> debug : Temp dir is [/home/m-ela/projects/simplan/public_html/admin/img/img_temp/]
2024/12/18 22:14:52 >> debug : File dir is [/home/m-ela/projects/simplan/public_html/admin/img/profile_photo/]
2024/12/18 22:14:52 >> debug : Entering execute ...
2024/12/18 22:14:52 >> debug : editProcess Entering executeUpdate ...
2024/12/18 22:14:52 >> info : SimplanAbstractProcess::execCommand -> AbstractCommand::executeProcess > [ m_addemployee/select_one.sql ]
2024/12/18 22:14:52 >> debug : WideDB_SimplanInterface::QueryExecute >>SELECT addemployee.f_employee_id ,addemployee.f_emp_id ,addemployee.f_name ,addemployee.f_aadhar_number ,addemployee.f_pan_number ,addemployee.f_passport ,date_format(addemployee.f_issue_date, '%Y/%m/%d') as f_issue_date ,date_format(addemployee.f_expiry_date, '%Y/%m/%d') as f_expiry_date ,addemployee.f_gender ,date_format(addemployee.f_date_of_birth, '%Y/%m/%d') as f_date_of_birth ,addemployee.f_age ,addemployee.f_blood_group ,addemployee.f_status ,addemployee.f_address1 ,addemployee.f_address2 ,addemployee.f_city ,addemployee.f_state ,addemployee.f_pincode ,addemployee.f_country ,addemployee.f_mobile_number ,addemployee.f_office_telephone_number ,addemployee.f_office_email ,addemployee.f_personal_mail ,addemployee.f_relation_name ,addemployee.f_relationship ,addemployee.f_occupation ,addemployee.f_address ,addemployee.f_phone_number ,addemployee.f_emp_status ,addemployee.f_category ,addemployee.f_job_title ,addemployee.f_join_date ,addemployee.f_relive_date ,addemployee.f_location ,addemployee.f_experience ,addemployee.f_education_ug ,addemployee.f_degree_ug ,addemployee.f_university_ug ,addemployee.f_education_pg ,addemployee.f_degree_pg ,addemployee.f_university_pg ,addemployee.f_additional_skill ,addemployee.f_language ,addemployee.f_others ,addemployee.f_jlpt ,addemployee.f_bank_name ,addemployee.f_bank_branch ,addemployee.f_acc_no ,addemployee.f_ifsc_code ,addemployee.f_description ,addemployee.f_image ,addemployee.f_del_flg ,addemployee.f_reg_account ,addemployee.f_reg_time ,addemployee.f_upd_account ,addemployee.f_upd_time FROM m_addemployee addemployee WHERE addemployee.f_del_flg = '0' AND addemployee.f_employee_id = '47'
2024/12/18 22:14:52 >> info : execQuery TIME : 0.00027 second
2024/12/18 22:14:52 >> debug : DB Start Transaction ... OK
2024/12/18 22:14:52 >> debug : WideDB_SimplanInterface::QueryExecute >>UPDATE `m_addemployee`    SET `f_emp_id` = 'SSIPL020',`f_name` = 'M Durga',`f_aadhar_number` = '825245296223',`f_pan_number` = 'EVRPD2001Q',`f_passport` = 'R4253943',`f_expiry_date` = '2033/07/23',`f_issue_date` = '2023/07/24',`f_gender` = '1',`f_date_of_birth` = '2000/04/20',`f_age` = 24,`f_blood_group` = '5',`f_status` = '0',`f_address1` = '76,TNPL Road',`f_address2` = 'Velayuthampalayam',`f_city` = 'Karur',`f_state` = 'Tamilnadu',`f_pincode` = 639117,`f_country` = '0',`f_mobile_number` = '8838852815',`f_office_telephone_number` = NULL,`f_office_email` = 'info@simplan.co.in',`f_personal_mail` = 'mdurga2027@gmail.com',`f_relation_name` = 'R.Murugesan',`f_relationship` = 'Father',`f_occupation` = 'cooli',`f_address` = '76,TNPL Road,velayuthampalayam,Karur',`f_phone_number` = '9789380649',`f_job_title` = 'Software Development',`f_emp_status` = 0,`f_category` = 'Software Engineer',`f_join_date` = '2023-12-01',`f_relive_date` = '0000-00-00',`f_location` = 'Paramathi Velur',`f_image` = 'profile_photo_20241218221452249736983.jpeg',`f_experience` = '',`f_education_ug` = '0',`f_degree_ug` = 'B.Sc(IT)',`f_university_ug` = '',`f_education_pg` = NULL,`f_degree_pg` = '',`f_university_pg` = '',`f_additional_skill` = '',`f_language` = '',`f_others` = '',`f_jlpt` = NULL,`f_bank_name` = '',`f_bank_branch` = '',`f_acc_no` = '',`f_ifsc_code` = '',`f_reg_account` = '1',`f_reg_time` = '20241218221452',`f_upd_account` = '1',`f_upd_time` = '20241218221452' WHERE `f_employee_id` = 47
2024/12/18 22:14:52 >> info : execQuery TIME : 0.00102 second
2024/12/18 22:14:52 >> debug : File remove OK: /home/m-ela/projects/simplan/public_html/admin/img/profile_photo/profile_photo_202312061246061453756437.jpeg
2024/12/18 22:14:52 >> debug : File remove OK: /home/m-ela/projects/simplan/public_html/admin/img/profile_photo/profile_photo_202312061246061453756437_thumb.jpeg
2024/12/18 22:14:52 >> debug : Temp dir is [/home/m-ela/projects/simplan/public_html/admin/img/img_temp/]
2024/12/18 22:14:52 >> debug : File dir is [/home/m-ela/projects/simplan/public_html/admin/img/profile_photo/]
2024/12/18 22:14:52 >> debug : Copy from: /home/m-ela/projects/simplan/public_html/admin/img/img_temp/profile_photo_1uuvefn9ic8j6l2cl199nhcsh41634269161.jpeg to /home/m-ela/projects/simplan/public_html/admin/img/profile_photo/profile_photo_20241218221452249736983.jpeg
2024/12/18 22:14:52 >> debug : COPY OK
2024/12/18 22:14:52 >> debug : File remove OK: /home/m-ela/projects/simplan/public_html/admin/img/img_temp/profile_photo_1uuvefn9ic8j6l2cl199nhcsh41634269161.jpeg
2024/12/18 22:14:52 >> debug : thumbnailImage ...
2024/12/18 22:14:52 >> debug : Image Control SRC: [/home/m-ela/projects/simplan/public_html/admin/img/profile_photo/profile_photo_20241218221452249736983.jpeg]
2024/12/18 22:14:52 >> debug : Image Control DST: [/home/m-ela/projects/simplan/public_html/admin/img/profile_photo/profile_photo_20241218221452249736983_thumb.jpeg]
2024/12/18 22:14:52 >> debug : Image Control WIDTH:60, HEIGHT:20, MODE:WIDTH, EXPANSION:
2024/12/18 22:14:52 >> debug : setModifyMobile ...
2024/12/18 22:14:52 >> debug : Update m_addemployee ... OK
2024/12/18 22:14:52 >> debug : WideDB_SimplanInterface::QueryExecute >>INSERT INTO m_user ( f_login_id, f_name, f_password, f_mailaddress, f_reg_account, f_reg_time, f_upd_account, f_upd_time ) VALUES ( 'SSIPL020', 'M Durga', '20000420', 'info@simplan.co.in', 1, '20241218221452', 1, '20241218221452' ) 
2024/12/18 22:14:52 >> info : execQuery TIME : 0.01989 second
2024/12/18 22:14:52 >> debug : Temp dir is [/home/m-ela/projects/simplan/public_html/admin/img/img_temp/]
2024/12/18 22:14:52 >> debug : File dir is [/home/m-ela/projects/simplan/public_html/admin/img/profile_photo/]
2024/12/18 22:14:52 >> debug : File is NONE . [/home/m-ela/projects/simplan/public_html/admin/img/img_temp/profile_photo_1uuvefn9ic8j6l2cl199nhcsh41634269161.jpeg]
2024/12/18 22:14:52 >> debug : thumbnailImage ...
2024/12/18 22:14:52 >> debug : File is NONE. [/home/m-ela/projects/simplan/public_html/admin/img/profile_photo/profile_photo_20241218221452398002343.jpeg]
2024/12/18 22:14:52 >> debug : setModifyMobile ...
2024/12/18 22:14:52 >> debug : File is NONE. [/home/m-ela/projects/simplan/public_html/admin/img/profile_photo/profile_photo_20241218221452398002343_thumb.jpeg]
2024/12/18 22:14:52 >> debug : Insert m_user ... OK
2024/12/18 22:14:52 >> debug : DB Commit ... OK
2024/12/18 22:14:52 >> debug : Entering postcute ...
2024/12/18 22:14:52 >> debug : DB Connect Close ... OK
2024/12/18 22:14:54 >> info : * ------------------------------------------------------------ *
2024/12/18 22:14:54 >> info : * Simplan Framework - PHP Web Application Framework
2024/12/18 22:14:54 >> info : * 
2024/12/18 22:14:54 >> info : * Version : 1.1.0
2024/12/18 22:14:54 >> info : * Copyright(c) 2003-2024 THREET CO.,LTD. All Rights Reserved.
2024/12/18 22:14:54 >> info : * http://www.threet.co.jp
2024/12/18 22:14:54 >> info : * ------------------------------------------------------------ *
2024/12/18 22:14:54 >> debug : HTTP_REFERER > https://roz.threet.co.jp/~m-ela/simplan/admin/addemployee.php
2024/12/18 22:14:54 >> debug : SCRIPT_URI > 
2024/12/18 22:14:54 >> debug : REQUEST_URI > /~m-ela/simplan/admin/addemployee.php
2024/12/18 22:14:54 >> debug : HTTPS > on
2024/12/18 22:14:54 >> debug : HTTPS MODE > on
2024/12/18 22:14:54 >> debug : DEF_COMMAND > cmd
2024/12/18 22:14:54 >> debug : DEF_PROCESS > prc
2024/12/18 22:14:54 >> debug : POST DATA > [prc] : <list>
2024/12/18 22:14:54 >> debug : POST DATA > [cmd] : <reload>
2024/12/18 22:14:54 >> debug : POST DATA > [sid] : <>
2024/12/18 22:14:54 >> debug : POST DATA > [pno] : <>
2024/12/18 22:14:54 >> debug : POST DATA > [onetime_ticket] : <e633d7782666a33c7068e3d4600b01f3>
2024/12/18 22:14:54 >> debug : SESSION start ... OK
2024/12/18 22:14:54 >> info : Process set [list] ... OK
2024/12/18 22:14:54 >> info : Process Name [listProcess] ... OK
2024/12/18 22:14:54 >> info : Include File [/home/m-ela/projects/simplan/public_app/mod/admin/addemployee/process/listProcess.php]... OK
2024/12/18 22:14:54 >> info : Class Exists [listProcess] ... OK
2024/12/18 22:14:54 >> debug : DB Connect ... OK
2024/12/18 22:14:54 >> debug : Entering precute ...
2024/12/18 22:14:54 >> info : SimplanAbstractProcess::execCommand -> AbstractCommand::executeProcess > [ m_admin/is_login.sql ]
2024/12/18 22:14:54 >> debug : WideDB_SimplanInterface::QueryExecute >>SELECT ma.f_admin_id ,ma.f_name ,ma.f_mailaddress ,ma.f_id ,ma.f_password ,ma.f_admin_kbn ,ma.f_auth ,ma.f_auth_value ,ma.f_del_flg ,ma.f_reg_account ,ma.f_reg_time ,ma.f_upd_account ,ma.f_upd_time FROM m_admin ma WHERE ma.f_admin_id = 1
2024/12/18 22:14:54 >> info : execQuery TIME : 0.00013 second
2024/12/18 22:14:54 >> info : Session connection is OK ...
2024/12/18 22:14:54 >> debug : Entering execute ...
2024/12/18 22:14:54 >> debug : listProcess Entering executeReload ...
2024/12/18 22:14:54 >> info : SimplanAbstractProcess::execCommand -> AbstractCommand::executeProcess > [ m_addemployee/select_list_count.sql ]
2024/12/18 22:14:54 >> debug : WideDB_SimplanInterface::QueryExecute >>SELECT count(addemployee.f_employee_id) as count FROM m_addemployee addemployee WHERE addemployee.f_del_flg = '0'
2024/12/18 22:14:54 >> info : execQuery TIME : 0.00031 second
2024/12/18 22:14:54 >> info : SimplanAbstractProcess::execCommand -> AbstractCommand::executeProcess > [ m_addemployee/select_list.sql ]
2024/12/18 22:14:54 >> debug : WideDB_SimplanInterface::QueryExecute >>SELECT addemployee.f_employee_id ,addemployee.f_emp_id ,addemployee.f_name ,addemployee.f_aadhar_number ,addemployee.f_pan_number ,addemployee.f_passport ,date_format(addemployee.f_issue_date, '%Y/%m/%d') as f_issue_date ,date_format(addemployee.f_expiry_date, '%Y/%m/%d') as f_expiry_date ,date_format(addemployee.f_date_of_birth, '%Y/%m/%d') as f_date_of_birth ,addemployee.f_mobile_number ,addemployee.f_image ,addemployee.f_emp_status ,addemployee.f_passport_alert FROM m_addemployee addemployee WHERE addemployee.f_del_flg = '0' ORDER BY addemployee.f_emp_status, addemployee.f_emp_id ASC LIMIT 10, 10
2024/12/18 22:14:54 >> info : execQuery TIME : 0.00053 second
2024/12/18 22:14:54 >> debug : Entering postcute ...
2024/12/18 22:14:54 >> debug : DB Connect Close ... OK
2024/12/18 22:15:29 >> info : * ------------------------------------------------------------ *
2024/12/18 22:15:29 >> info : * Simplan Framework - PHP Web Application Framework
2024/12/18 22:15:29 >> info : * 
2024/12/18 22:15:29 >> info : * Version : 1.1.0
2024/12/18 22:15:29 >> info : * Copyright(c) 2003-2024 THREET CO.,LTD. All Rights Reserved.
2024/12/18 22:15:29 >> info : * http://www.threet.co.jp
2024/12/18 22:15:29 >> info : * ------------------------------------------------------------ *
2024/12/18 22:15:29 >> debug : HTTP_REFERER > https://roz.threet.co.jp/~m-ela/simplan/admin/addemployee.php
2024/12/18 22:15:29 >> debug : SCRIPT_URI > 
2024/12/18 22:15:29 >> debug : REQUEST_URI > /~m-ela/simplan/admin/addemployee.php
2024/12/18 22:15:29 >> debug : HTTPS > on
2024/12/18 22:15:29 >> debug : HTTPS MODE > on
2024/12/18 22:15:29 >> debug : DEF_COMMAND > cmd
2024/12/18 22:15:29 >> debug : DEF_PROCESS > prc
2024/12/18 22:15:29 >> debug : SESSION start ... OK
2024/12/18 22:15:29 >> info : Process set [index] ... OK
2024/12/18 22:15:29 >> info : Process Name [listProcess] ... OK
2024/12/18 22:15:29 >> info : Include File [/home/m-ela/projects/simplan/public_app/mod/admin/addemployee/process/listProcess.php]... OK
2024/12/18 22:15:29 >> info : Class Exists [listProcess] ... OK
2024/12/18 22:15:29 >> debug : DB Connect ... OK
2024/12/18 22:15:29 >> debug : Entering precute ...
2024/12/18 22:15:29 >> info : SimplanAbstractProcess::execCommand -> AbstractCommand::executeProcess > [ m_admin/is_login.sql ]
2024/12/18 22:15:29 >> debug : WideDB_SimplanInterface::QueryExecute >>SELECT ma.f_admin_id ,ma.f_name ,ma.f_mailaddress ,ma.f_id ,ma.f_password ,ma.f_admin_kbn ,ma.f_auth ,ma.f_auth_value ,ma.f_del_flg ,ma.f_reg_account ,ma.f_reg_time ,ma.f_upd_account ,ma.f_upd_time FROM m_admin ma WHERE ma.f_admin_id = 1
2024/12/18 22:15:29 >> info : execQuery TIME : 0.00021 second
2024/12/18 22:15:29 >> info : Session connection is OK ...
2024/12/18 22:15:29 >> debug : Entering execute ...
2024/12/18 22:15:29 >> debug : listProcess Entering executeDefault ...
2024/12/18 22:15:29 >> info : SimplanAbstractProcess::execCommand -> AbstractCommand::executeProcess > [ m_addemployee/select_list_count.sql ]
2024/12/18 22:15:29 >> debug : WideDB_SimplanInterface::QueryExecute >>SELECT count(addemployee.f_employee_id) as count FROM m_addemployee addemployee WHERE addemployee.f_del_flg = '0'
2024/12/18 22:15:29 >> info : execQuery TIME : 0.00015 second
2024/12/18 22:15:29 >> info : SimplanAbstractProcess::execCommand -> AbstractCommand::executeProcess > [ m_addemployee/select_list.sql ]
2024/12/18 22:15:29 >> debug : WideDB_SimplanInterface::QueryExecute >>SELECT addemployee.f_employee_id ,addemployee.f_emp_id ,addemployee.f_name ,addemployee.f_aadhar_number ,addemployee.f_pan_number ,addemployee.f_passport ,date_format(addemployee.f_issue_date, '%Y/%m/%d') as f_issue_date ,date_format(addemployee.f_expiry_date, '%Y/%m/%d') as f_expiry_date ,date_format(addemployee.f_date_of_birth, '%Y/%m/%d') as f_date_of_birth ,addemployee.f_mobile_number ,addemployee.f_image ,addemployee.f_emp_status ,addemployee.f_passport_alert FROM m_addemployee addemployee WHERE addemployee.f_del_flg = '0' ORDER BY addemployee.f_emp_status, addemployee.f_emp_id ASC LIMIT 0, 10
2024/12/18 22:15:29 >> info : execQuery TIME : 0.00094 second
2024/12/18 22:15:29 >> debug : Entering postcute ...
2024/12/18 22:15:29 >> debug : DB Connect Close ... OK
2024/12/18 22:15:53 >> info : * ------------------------------------------------------------ *
2024/12/18 22:15:53 >> info : * Simplan Framework - PHP Web Application Framework
2024/12/18 22:15:53 >> info : * 
2024/12/18 22:15:53 >> info : * Version : 1.1.0
2024/12/18 22:15:53 >> info : * Copyright(c) 2003-2024 THREET CO.,LTD. All Rights Reserved.
2024/12/18 22:15:53 >> info : * http://www.threet.co.jp
2024/12/18 22:15:53 >> info : * ------------------------------------------------------------ *
2024/12/18 22:15:53 >> debug : HTTP_REFERER > https://roz.threet.co.jp/~m-ela/simplan/index.php
2024/12/18 22:15:53 >> debug : SCRIPT_URI > 
2024/12/18 22:15:53 >> debug : REQUEST_URI > /~m-ela/simplan/index.php
2024/12/18 22:15:53 >> debug : HTTPS > on
2024/12/18 22:15:53 >> debug : HTTPS MODE > on
2024/12/18 22:15:53 >> debug : DEF_COMMAND > cmd
2024/12/18 22:15:53 >> debug : DEF_PROCESS > prc
2024/12/18 22:15:53 >> debug : SESSION start ... OK
2024/12/18 22:15:53 >> info : Process set [index] ... OK
2024/12/18 22:15:53 >> info : Process Name [indexProcess] ... OK
2024/12/18 22:15:53 >> info : Include File [/home/m-ela/projects/simplan/public_app/mod/user/index/process/indexProcess.php]... OK
2024/12/18 22:15:53 >> info : Class Exists [indexProcess] ... OK
2024/12/18 22:15:53 >> debug : DB Connect ... OK
2024/12/18 22:15:53 >> debug : Entering precute ...
2024/12/18 22:15:53 >> debug : Temp dir is [/home/m-ela/projects/simplan/public_html/admin/img/img_temp/]
2024/12/18 22:15:53 >> debug : File dir is [/home/m-ela/projects/simplan/public_html/admin/img/profile_photo/]
2024/12/18 22:15:53 >> debug : Entering execute ...
2024/12/18 22:15:53 >> debug : indexProcess Entering executeDefault ...
2024/12/18 22:15:53 >> debug : Entering execDefualt ...
2024/12/18 22:15:53 >> info : SimplanAbstractProcess::execCommand -> AbstractCommand::executeProcess > [ m_user/is_login.sql ]
2024/12/18 22:15:53 >> debug : WideDB_SimplanInterface::QueryExecute >>SELECT user.f_user_id ,user.f_name ,user.f_surname_kana ,user.f_mailaddress ,user.f_login_id ,user.f_password ,user.f_del_flg ,user.f_reg_account ,user.f_reg_time ,user.f_upd_account ,user.f_upd_time FROM m_user user WHERE user.f_user_id = '4'
2024/12/18 22:15:53 >> info : execQuery TIME : 0.00036 second
2024/12/18 22:15:53 >> info : Session connection is OK ...
2024/12/18 22:15:53 >> info : SimplanAbstractProcess::execCommand -> AbstractCommand::executeProcess > [ m_addemployee/select_one.sql ]
2024/12/18 22:15:53 >> debug : WideDB_SimplanInterface::QueryExecute >>SELECT addemployee.f_employee_id ,addemployee.f_emp_id ,addemployee.f_name ,addemployee.f_aadhar_number ,addemployee.f_pan_number ,addemployee.f_passport ,date_format(addemployee.f_issue_date, '%Y/%m/%d') as f_issue_date ,date_format(addemployee.f_expiry_date, '%Y/%m/%d') as f_expiry_date ,addemployee.f_gender ,date_format(addemployee.f_date_of_birth, '%Y/%m/%d') as f_date_of_birth ,addemployee.f_age ,addemployee.f_blood_group ,addemployee.f_status ,addemployee.f_address1 ,addemployee.f_address2 ,addemployee.f_city ,addemployee.f_state ,addemployee.f_pincode ,addemployee.f_country ,addemployee.f_mobile_number ,addemployee.f_office_telephone_number ,addemployee.f_office_email ,addemployee.f_personal_mail ,addemployee.f_relation_name ,addemployee.f_relationship ,addemployee.f_occupation ,addemployee.f_address ,addemployee.f_phone_number ,addemployee.f_emp_status ,addemployee.f_category ,addemployee.f_job_title ,addemployee.f_join_date ,addemployee.f_relive_date ,addemployee.f_location ,addemployee.f_experience ,addemployee.f_education_ug ,addemployee.f_degree_ug ,addemployee.f_university_ug ,addemployee.f_education_pg ,addemployee.f_degree_pg ,addemployee.f_university_pg ,addemployee.f_additional_skill ,addemployee.f_language ,addemployee.f_others ,addemployee.f_jlpt ,addemployee.f_bank_name ,addemployee.f_bank_branch ,addemployee.f_acc_no ,addemployee.f_ifsc_code ,addemployee.f_description ,addemployee.f_image ,addemployee.f_del_flg ,addemployee.f_reg_account ,addemployee.f_reg_time ,addemployee.f_upd_account ,addemployee.f_upd_time FROM m_addemployee addemployee WHERE addemployee.f_del_flg = '0'
2024/12/18 22:15:53 >> info : execQuery TIME : 0.00061 second
2024/12/18 22:15:53 >> debug : Entering postcute ...
2024/12/18 22:15:53 >> debug : DB Connect Close ... OK
2024/12/18 22:15:56 >> info : * ------------------------------------------------------------ *
2024/12/18 22:15:56 >> info : * Simplan Framework - PHP Web Application Framework
2024/12/18 22:15:56 >> info : * 
2024/12/18 22:15:56 >> info : * Version : 1.1.0
2024/12/18 22:15:56 >> info : * Copyright(c) 2003-2024 THREET CO.,LTD. All Rights Reserved.
2024/12/18 22:15:56 >> info : * http://www.threet.co.jp
2024/12/18 22:15:56 >> info : * ------------------------------------------------------------ *
2024/12/18 22:15:56 >> debug : HTTP_REFERER > 
2024/12/18 22:15:56 >> debug : SCRIPT_URI > 
2024/12/18 22:15:56 >> debug : REQUEST_URI > /~m-ela/simplan/index.php
2024/12/18 22:15:56 >> debug : HTTPS > on
2024/12/18 22:15:56 >> debug : HTTPS MODE > on
2024/12/18 22:15:56 >> debug : DEF_COMMAND > cmd
2024/12/18 22:15:56 >> debug : DEF_PROCESS > prc
2024/12/18 22:15:56 >> debug : SESSION start ... OK
2024/12/18 22:15:56 >> info : Process set [index] ... OK
2024/12/18 22:15:56 >> info : Process Name [indexProcess] ... OK
2024/12/18 22:15:56 >> info : Include File [/home/m-ela/projects/simplan/public_app/mod/user/index/process/indexProcess.php]... OK
2024/12/18 22:15:56 >> info : Class Exists [indexProcess] ... OK
2024/12/18 22:15:56 >> debug : DB Connect ... OK
2024/12/18 22:15:56 >> debug : Entering precute ...
2024/12/18 22:15:56 >> debug : Temp dir is [/home/m-ela/projects/simplan/public_html/admin/img/img_temp/]
2024/12/18 22:15:56 >> debug : File dir is [/home/m-ela/projects/simplan/public_html/admin/img/profile_photo/]
2024/12/18 22:15:56 >> debug : Entering execute ...
2024/12/18 22:15:56 >> debug : indexProcess Entering executeDefault ...
2024/12/18 22:15:56 >> debug : Entering execDefualt ...
2024/12/18 22:15:56 >> info : SimplanAbstractProcess::execCommand -> AbstractCommand::executeProcess > [ m_user/is_login.sql ]
2024/12/18 22:15:56 >> debug : WideDB_SimplanInterface::QueryExecute >>SELECT user.f_user_id ,user.f_name ,user.f_surname_kana ,user.f_mailaddress ,user.f_login_id ,user.f_password ,user.f_del_flg ,user.f_reg_account ,user.f_reg_time ,user.f_upd_account ,user.f_upd_time FROM m_user user WHERE user.f_user_id = '4'
2024/12/18 22:15:56 >> info : execQuery TIME : 0.00025 second
2024/12/18 22:15:56 >> info : Session connection is OK ...
2024/12/18 22:15:56 >> info : SimplanAbstractProcess::execCommand -> AbstractCommand::executeProcess > [ m_addemployee/select_one.sql ]
2024/12/18 22:15:56 >> debug : WideDB_SimplanInterface::QueryExecute >>SELECT addemployee.f_employee_id ,addemployee.f_emp_id ,addemployee.f_name ,addemployee.f_aadhar_number ,addemployee.f_pan_number ,addemployee.f_passport ,date_format(addemployee.f_issue_date, '%Y/%m/%d') as f_issue_date ,date_format(addemployee.f_expiry_date, '%Y/%m/%d') as f_expiry_date ,addemployee.f_gender ,date_format(addemployee.f_date_of_birth, '%Y/%m/%d') as f_date_of_birth ,addemployee.f_age ,addemployee.f_blood_group ,addemployee.f_status ,addemployee.f_address1 ,addemployee.f_address2 ,addemployee.f_city ,addemployee.f_state ,addemployee.f_pincode ,addemployee.f_country ,addemployee.f_mobile_number ,addemployee.f_office_telephone_number ,addemployee.f_office_email ,addemployee.f_personal_mail ,addemployee.f_relation_name ,addemployee.f_relationship ,addemployee.f_occupation ,addemployee.f_address ,addemployee.f_phone_number ,addemployee.f_emp_status ,addemployee.f_category ,addemployee.f_job_title ,addemployee.f_join_date ,addemployee.f_relive_date ,addemployee.f_location ,addemployee.f_experience ,addemployee.f_education_ug ,addemployee.f_degree_ug ,addemployee.f_university_ug ,addemployee.f_education_pg ,addemployee.f_degree_pg ,addemployee.f_university_pg ,addemployee.f_additional_skill ,addemployee.f_language ,addemployee.f_others ,addemployee.f_jlpt ,addemployee.f_bank_name ,addemployee.f_bank_branch ,addemployee.f_acc_no ,addemployee.f_ifsc_code ,addemployee.f_description ,addemployee.f_image ,addemployee.f_del_flg ,addemployee.f_reg_account ,addemployee.f_reg_time ,addemployee.f_upd_account ,addemployee.f_upd_time FROM m_addemployee addemployee WHERE addemployee.f_del_flg = '0'
2024/12/18 22:15:56 >> info : execQuery TIME : 0.00035 second
2024/12/18 22:15:56 >> debug : Entering postcute ...
2024/12/18 22:15:56 >> debug : DB Connect Close ... OK
2024/12/18 22:16:02 >> info : * ------------------------------------------------------------ *
2024/12/18 22:16:02 >> info : * Simplan Framework - PHP Web Application Framework
2024/12/18 22:16:02 >> info : * 
2024/12/18 22:16:02 >> info : * Version : 1.1.0
2024/12/18 22:16:02 >> info : * Copyright(c) 2003-2024 THREET CO.,LTD. All Rights Reserved.
2024/12/18 22:16:02 >> info : * http://www.threet.co.jp
2024/12/18 22:16:02 >> info : * ------------------------------------------------------------ *
2024/12/18 22:16:02 >> debug : HTTP_REFERER > https://roz.threet.co.jp/~m-ela/simplan/index.php
2024/12/18 22:16:02 >> debug : SCRIPT_URI > 
2024/12/18 22:16:02 >> debug : REQUEST_URI > /~m-ela/simplan/index.php?cmd=logout
2024/12/18 22:16:02 >> debug : HTTPS > on
2024/12/18 22:16:02 >> debug : HTTPS MODE > on
2024/12/18 22:16:02 >> debug : DEF_COMMAND > cmd
2024/12/18 22:16:02 >> debug : DEF_PROCESS > prc
2024/12/18 22:16:02 >> debug : GET DATA > [cmd] : <logout>
2024/12/18 22:16:02 >> debug : SESSION start ... OK
2024/12/18 22:16:02 >> info : Process set [index] ... OK
2024/12/18 22:16:02 >> info : Process Name [indexProcess] ... OK
2024/12/18 22:16:02 >> info : Include File [/home/m-ela/projects/simplan/public_app/mod/user/index/process/indexProcess.php]... OK
2024/12/18 22:16:02 >> info : Class Exists [indexProcess] ... OK
2024/12/18 22:16:02 >> debug : DB Connect ... OK
2024/12/18 22:16:02 >> debug : Entering precute ...
2024/12/18 22:16:02 >> debug : Temp dir is [/home/m-ela/projects/simplan/public_html/admin/img/img_temp/]
2024/12/18 22:16:02 >> debug : File dir is [/home/m-ela/projects/simplan/public_html/admin/img/profile_photo/]
2024/12/18 22:16:02 >> debug : Entering execute ...
2024/12/18 22:16:02 >> debug : indexProcess Entering executeLogout ...
2024/12/18 22:16:02 >> debug : Entering executeLogout ...
2024/12/18 22:16:02 >> debug : Entering postcute ...
2024/12/18 22:16:02 >> debug : DB Connect Close ... OK
2024/12/18 22:16:07 >> info : * ------------------------------------------------------------ *
2024/12/18 22:16:07 >> info : * Simplan Framework - PHP Web Application Framework
2024/12/18 22:16:07 >> info : * 
2024/12/18 22:16:07 >> info : * Version : 1.1.0
2024/12/18 22:16:07 >> info : * Copyright(c) 2003-2024 THREET CO.,LTD. All Rights Reserved.
2024/12/18 22:16:07 >> info : * http://www.threet.co.jp
2024/12/18 22:16:07 >> info : * ------------------------------------------------------------ *
2024/12/18 22:16:07 >> debug : HTTP_REFERER > 
2024/12/18 22:16:07 >> debug : SCRIPT_URI > 
2024/12/18 22:16:07 >> debug : REQUEST_URI > /~m-ela/simplan/index.php
2024/12/18 22:16:07 >> debug : HTTPS > on
2024/12/18 22:16:07 >> debug : HTTPS MODE > on
2024/12/18 22:16:07 >> debug : DEF_COMMAND > cmd
2024/12/18 22:16:07 >> debug : DEF_PROCESS > prc
2024/12/18 22:16:07 >> debug : SESSION start ... OK
2024/12/18 22:16:07 >> info : Process set [index] ... OK
2024/12/18 22:16:07 >> info : Process Name [indexProcess] ... OK
2024/12/18 22:16:07 >> info : Include File [/home/m-ela/projects/simplan/public_app/mod/user/index/process/indexProcess.php]... OK
2024/12/18 22:16:07 >> info : Class Exists [indexProcess] ... OK
2024/12/18 22:16:07 >> debug : DB Connect ... OK
2024/12/18 22:16:07 >> debug : Entering precute ...
2024/12/18 22:16:07 >> debug : Temp dir is [/home/m-ela/projects/simplan/public_html/admin/img/img_temp/]
2024/12/18 22:16:07 >> debug : File dir is [/home/m-ela/projects/simplan/public_html/admin/img/profile_photo/]
2024/12/18 22:16:07 >> debug : Entering execute ...
2024/12/18 22:16:07 >> debug : indexProcess Entering executeDefault ...
2024/12/18 22:16:07 >> debug : Entering execDefualt ...
2024/12/18 22:16:07 >> info : Session connection is NG ...
2024/12/18 22:16:07 >> info : SimplanAbstractProcess::execCommand -> AbstractCommand::executeProcess > [ m_addemployee/select_one.sql ]
2024/12/18 22:16:07 >> debug : WideDB_SimplanInterface::QueryExecute >>SELECT addemployee.f_employee_id ,addemployee.f_emp_id ,addemployee.f_name ,addemployee.f_aadhar_number ,addemployee.f_pan_number ,addemployee.f_passport ,date_format(addemployee.f_issue_date, '%Y/%m/%d') as f_issue_date ,date_format(addemployee.f_expiry_date, '%Y/%m/%d') as f_expiry_date ,addemployee.f_gender ,date_format(addemployee.f_date_of_birth, '%Y/%m/%d') as f_date_of_birth ,addemployee.f_age ,addemployee.f_blood_group ,addemployee.f_status ,addemployee.f_address1 ,addemployee.f_address2 ,addemployee.f_city ,addemployee.f_state ,addemployee.f_pincode ,addemployee.f_country ,addemployee.f_mobile_number ,addemployee.f_office_telephone_number ,addemployee.f_office_email ,addemployee.f_personal_mail ,addemployee.f_relation_name ,addemployee.f_relationship ,addemployee.f_occupation ,addemployee.f_address ,addemployee.f_phone_number ,addemployee.f_emp_status ,addemployee.f_category ,addemployee.f_job_title ,addemployee.f_join_date ,addemployee.f_relive_date ,addemployee.f_location ,addemployee.f_experience ,addemployee.f_education_ug ,addemployee.f_degree_ug ,addemployee.f_university_ug ,addemployee.f_education_pg ,addemployee.f_degree_pg ,addemployee.f_university_pg ,addemployee.f_additional_skill ,addemployee.f_language ,addemployee.f_others ,addemployee.f_jlpt ,addemployee.f_bank_name ,addemployee.f_bank_branch ,addemployee.f_acc_no ,addemployee.f_ifsc_code ,addemployee.f_description ,addemployee.f_image ,addemployee.f_del_flg ,addemployee.f_reg_account ,addemployee.f_reg_time ,addemployee.f_upd_account ,addemployee.f_upd_time FROM m_addemployee addemployee WHERE addemployee.f_del_flg = '0'
2024/12/18 22:16:07 >> info : execQuery TIME : 0.00042 second
2024/12/18 22:16:07 >> debug : Entering postcute ...
2024/12/18 22:16:07 >> debug : DB Connect Close ... OK
2024/12/18 22:16:08 >> info : * ------------------------------------------------------------ *
2024/12/18 22:16:08 >> info : * Simplan Framework - PHP Web Application Framework
2024/12/18 22:16:08 >> info : * 
2024/12/18 22:16:08 >> info : * Version : 1.1.0
2024/12/18 22:16:08 >> info : * Copyright(c) 2003-2024 THREET CO.,LTD. All Rights Reserved.
2024/12/18 22:16:08 >> info : * http://www.threet.co.jp
2024/12/18 22:16:08 >> info : * ------------------------------------------------------------ *
2024/12/18 22:16:08 >> debug : HTTP_REFERER > https://roz.threet.co.jp/~m-ela/simplan/index.php
2024/12/18 22:16:08 >> debug : SCRIPT_URI > 
2024/12/18 22:16:08 >> debug : REQUEST_URI > /~m-ela/simplan/index.php
2024/12/18 22:16:08 >> debug : HTTPS > on
2024/12/18 22:16:08 >> debug : HTTPS MODE > on
2024/12/18 22:16:08 >> debug : DEF_COMMAND > cmd
2024/12/18 22:16:08 >> debug : DEF_PROCESS > prc
2024/12/18 22:16:08 >> debug : POST DATA > [prc] : <index>
2024/12/18 22:16:08 >> debug : POST DATA > [cmd] : <login>
2024/12/18 22:16:08 >> debug : POST DATA > [f_login_id] : <mela15>
2024/12/18 22:16:08 >> debug : POST DATA > [f_password] : <mela15>
2024/12/18 22:16:08 >> debug : SESSION start ... OK
2024/12/18 22:16:08 >> info : Process set [index] ... OK
2024/12/18 22:16:08 >> info : Process Name [indexProcess] ... OK
2024/12/18 22:16:08 >> info : Include File [/home/m-ela/projects/simplan/public_app/mod/user/index/process/indexProcess.php]... OK
2024/12/18 22:16:08 >> info : Class Exists [indexProcess] ... OK
2024/12/18 22:16:08 >> debug : DB Connect ... OK
2024/12/18 22:16:08 >> debug : Entering precute ...
2024/12/18 22:16:08 >> debug : Temp dir is [/home/m-ela/projects/simplan/public_html/admin/img/img_temp/]
2024/12/18 22:16:08 >> debug : File dir is [/home/m-ela/projects/simplan/public_html/admin/img/profile_photo/]
2024/12/18 22:16:08 >> debug : Entering execute ...
2024/12/18 22:16:08 >> debug : indexProcess Entering executeLogin ...
2024/12/18 22:16:08 >> debug : Entering executeLogin ...
2024/12/18 22:16:08 >> info : SimplanAbstractProcess::execCommand -> AbstractCommand::executeProcess > [ m_user/login.sql ]
2024/12/18 22:16:08 >> debug : WideDB_SimplanInterface::QueryExecute >>SELECT user.f_user_id ,user.f_name ,user.f_surname_kana ,user.f_mailaddress ,user.f_login_id ,user.f_password ,user.f_del_flg ,user.f_reg_account ,user.f_reg_time ,user.f_upd_account ,user.f_upd_time FROM m_user user WHERE user.f_login_id = 'mela15' AND user.f_password = 'mela15' AND user.f_del_flg = '0'
2024/12/18 22:16:08 >> info : execQuery TIME : 0.00050 second
2024/12/18 22:16:08 >> info : SimplanAbstractProcess::execCommand -> AbstractCommand::executeProcess > [ m_addemployee/select_one.sql ]
2024/12/18 22:16:08 >> debug : WideDB_SimplanInterface::QueryExecute >>SELECT addemployee.f_employee_id ,addemployee.f_emp_id ,addemployee.f_name ,addemployee.f_aadhar_number ,addemployee.f_pan_number ,addemployee.f_passport ,date_format(addemployee.f_issue_date, '%Y/%m/%d') as f_issue_date ,date_format(addemployee.f_expiry_date, '%Y/%m/%d') as f_expiry_date ,addemployee.f_gender ,date_format(addemployee.f_date_of_birth, '%Y/%m/%d') as f_date_of_birth ,addemployee.f_age ,addemployee.f_blood_group ,addemployee.f_status ,addemployee.f_address1 ,addemployee.f_address2 ,addemployee.f_city ,addemployee.f_state ,addemployee.f_pincode ,addemployee.f_country ,addemployee.f_mobile_number ,addemployee.f_office_telephone_number ,addemployee.f_office_email ,addemployee.f_personal_mail ,addemployee.f_relation_name ,addemployee.f_relationship ,addemployee.f_occupation ,addemployee.f_address ,addemployee.f_phone_number ,addemployee.f_emp_status ,addemployee.f_category ,addemployee.f_job_title ,addemployee.f_join_date ,addemployee.f_relive_date ,addemployee.f_location ,addemployee.f_experience ,addemployee.f_education_ug ,addemployee.f_degree_ug ,addemployee.f_university_ug ,addemployee.f_education_pg ,addemployee.f_degree_pg ,addemployee.f_university_pg ,addemployee.f_additional_skill ,addemployee.f_language ,addemployee.f_others ,addemployee.f_jlpt ,addemployee.f_bank_name ,addemployee.f_bank_branch ,addemployee.f_acc_no ,addemployee.f_ifsc_code ,addemployee.f_description ,addemployee.f_image ,addemployee.f_del_flg ,addemployee.f_reg_account ,addemployee.f_reg_time ,addemployee.f_upd_account ,addemployee.f_upd_time FROM m_addemployee addemployee WHERE addemployee.f_del_flg = '0'
2024/12/18 22:16:08 >> info : execQuery TIME : 0.00018 second
2024/12/18 22:16:08 >> debug : DB Start Transaction ... OK
2024/12/18 22:16:08 >> debug : WideDB_SimplanInterface::QueryExecute >>INSERT INTO t_history ( f_user_id, f_datetime, f_del_flg, f_reg_account, f_reg_time, f_upd_account, f_upd_time ) VALUES ( '4', '20241218221608', '0', '4', '20241218221608', '4', '20241218221608' ) 
2024/12/18 22:16:08 >> info : execQuery TIME : 0.00020 second
2024/12/18 22:16:08 >> debug : Insert t_history ... OK
2024/12/18 22:16:08 >> debug : DB Commit ... OK
2024/12/18 22:16:08 >> debug : Entering postcute ...
2024/12/18 22:16:08 >> debug : DB Connect Close ... OK
2024/12/18 22:16:19 >> info : * ------------------------------------------------------------ *
2024/12/18 22:16:19 >> info : * Simplan Framework - PHP Web Application Framework
2024/12/18 22:16:19 >> info : * 
2024/12/18 22:16:19 >> info : * Version : 1.1.0
2024/12/18 22:16:19 >> info : * Copyright(c) 2003-2024 THREET CO.,LTD. All Rights Reserved.
2024/12/18 22:16:19 >> info : * http://www.threet.co.jp
2024/12/18 22:16:19 >> info : * ------------------------------------------------------------ *
2024/12/18 22:16:19 >> debug : HTTP_REFERER > https://roz.threet.co.jp/~m-ela/simplan/index.php
2024/12/18 22:16:19 >> debug : SCRIPT_URI > 
2024/12/18 22:16:19 >> debug : REQUEST_URI > /~m-ela/simplan/attendance.php
2024/12/18 22:16:19 >> debug : HTTPS > on
2024/12/18 22:16:19 >> debug : HTTPS MODE > on
2024/12/18 22:16:19 >> debug : DEF_COMMAND > cmd
2024/12/18 22:16:19 >> debug : DEF_PROCESS > prc
2024/12/18 22:16:19 >> debug : SESSION start ... OK
2024/12/18 22:16:19 >> info : Process set [index] ... OK
2024/12/18 22:16:19 >> info : Process Name [newProcess] ... OK
2024/12/18 22:16:19 >> info : Include File [/home/m-ela/projects/simplan/public_app/mod/user/attendance/process/newProcess.php]... OK
2024/12/18 22:16:19 >> info : Class Exists [newProcess] ... OK
2024/12/18 22:16:19 >> debug : DB Connect ... OK
2024/12/18 22:16:19 >> debug : Entering precute ...
2024/12/18 22:16:19 >> info : SimplanAbstractProcess::execCommand -> AbstractCommand::executeProcess > [ m_user/is_login.sql ]
2024/12/18 22:16:19 >> debug : WideDB_SimplanInterface::QueryExecute >>SELECT user.f_user_id ,user.f_name ,user.f_surname_kana ,user.f_mailaddress ,user.f_login_id ,user.f_password ,user.f_del_flg ,user.f_reg_account ,user.f_reg_time ,user.f_upd_account ,user.f_upd_time FROM m_user user WHERE user.f_user_id = '4'
2024/12/18 22:16:19 >> info : execQuery TIME : 0.00027 second
2024/12/18 22:16:19 >> info : Session connection is OK ...
2024/12/18 18:46:19 >> debug : Entering execute ...
2024/12/18 18:46:19 >> debug : newProcess Entering executeDefault ...
2024/12/18 18:46:19 >> info : SimplanAbstractProcess::execCommand -> AbstractCommand::executeProcess > [ t_user_attendance/select_user_count.sql ]
2024/12/18 18:46:19 >> debug : WideDB_SimplanInterface::QueryExecute >>SELECT count(attendance.f_emp_id) as count FROM t_user_attendance attendance WHERE attendance.f_del_flg = '0' AND attendance.f_emp_id = 'mela15' AND attendance.f_date = '2024-12-18'
2024/12/18 18:46:19 >> info : execQuery TIME : 0.00052 second
2024/12/18 18:46:19 >> debug : Entering postcute ...
2024/12/18 18:46:19 >> debug : DB Connect Close ... OK
2024/12/18 22:16:23 >> info : * ------------------------------------------------------------ *
2024/12/18 22:16:23 >> info : * Simplan Framework - PHP Web Application Framework
2024/12/18 22:16:23 >> info : * 
2024/12/18 22:16:23 >> info : * Version : 1.1.0
2024/12/18 22:16:23 >> info : * Copyright(c) 2003-2024 THREET CO.,LTD. All Rights Reserved.
2024/12/18 22:16:23 >> info : * http://www.threet.co.jp
2024/12/18 22:16:23 >> info : * ------------------------------------------------------------ *
2024/12/18 22:16:23 >> debug : HTTP_REFERER > https://roz.threet.co.jp/~m-ela/simplan/attendance.php
2024/12/18 22:16:23 >> debug : SCRIPT_URI > 
2024/12/18 22:16:23 >> debug : REQUEST_URI > /~m-ela/simplan/index.php
2024/12/18 22:16:23 >> debug : HTTPS > on
2024/12/18 22:16:23 >> debug : HTTPS MODE > on
2024/12/18 22:16:23 >> debug : DEF_COMMAND > cmd
2024/12/18 22:16:23 >> debug : DEF_PROCESS > prc
2024/12/18 22:16:23 >> debug : POST DATA > [prc] : <index>
2024/12/18 22:16:23 >> debug : POST DATA > [cmd] : <detail>
2024/12/18 22:16:23 >> debug : POST DATA > [sid] : <>
2024/12/18 22:16:23 >> debug : POST DATA > [pno] : <>
2024/12/18 22:16:23 >> debug : POST DATA > [onetime_ticket] : <75dda5417362cbe21e914a1cb1b8f4fe>
2024/12/18 22:16:23 >> debug : SESSION start ... OK
2024/12/18 22:16:23 >> info : Process set [index] ... OK
2024/12/18 22:16:23 >> info : Process Name [indexProcess] ... OK
2024/12/18 22:16:23 >> info : Include File [/home/m-ela/projects/simplan/public_app/mod/user/index/process/indexProcess.php]... OK
2024/12/18 22:16:23 >> info : Class Exists [indexProcess] ... OK
2024/12/18 22:16:23 >> debug : DB Connect ... OK
2024/12/18 22:16:23 >> debug : Entering precute ...
2024/12/18 22:16:23 >> debug : Temp dir is [/home/m-ela/projects/simplan/public_html/admin/img/img_temp/]
2024/12/18 22:16:23 >> debug : File dir is [/home/m-ela/projects/simplan/public_html/admin/img/profile_photo/]
2024/12/18 22:16:23 >> debug : Entering execute ...
2024/12/18 22:16:23 >> debug : indexProcess Entering executeDetail ...
2024/12/18 22:16:23 >> debug : Entering execDetail ...
2024/12/18 22:16:23 >> info : SimplanAbstractProcess::execCommand -> AbstractCommand::executeProcess > [ m_user/is_login.sql ]
2024/12/18 22:16:23 >> debug : WideDB_SimplanInterface::QueryExecute >>SELECT user.f_user_id ,user.f_name ,user.f_surname_kana ,user.f_mailaddress ,user.f_login_id ,user.f_password ,user.f_del_flg ,user.f_reg_account ,user.f_reg_time ,user.f_upd_account ,user.f_upd_time FROM m_user user WHERE user.f_user_id = '4'
2024/12/18 22:16:23 >> info : execQuery TIME : 0.00015 second
2024/12/18 22:16:23 >> info : Session connection is OK ...
2024/12/18 22:16:23 >> info : SimplanAbstractProcess::execCommand -> AbstractCommand::executeProcess > [ m_addemployee/select_one.sql ]
2024/12/18 22:16:23 >> debug : WideDB_SimplanInterface::QueryExecute >>SELECT addemployee.f_employee_id ,addemployee.f_emp_id ,addemployee.f_name ,addemployee.f_aadhar_number ,addemployee.f_pan_number ,addemployee.f_passport ,date_format(addemployee.f_issue_date, '%Y/%m/%d') as f_issue_date ,date_format(addemployee.f_expiry_date, '%Y/%m/%d') as f_expiry_date ,addemployee.f_gender ,date_format(addemployee.f_date_of_birth, '%Y/%m/%d') as f_date_of_birth ,addemployee.f_age ,addemployee.f_blood_group ,addemployee.f_status ,addemployee.f_address1 ,addemployee.f_address2 ,addemployee.f_city ,addemployee.f_state ,addemployee.f_pincode ,addemployee.f_country ,addemployee.f_mobile_number ,addemployee.f_office_telephone_number ,addemployee.f_office_email ,addemployee.f_personal_mail ,addemployee.f_relation_name ,addemployee.f_relationship ,addemployee.f_occupation ,addemployee.f_address ,addemployee.f_phone_number ,addemployee.f_emp_status ,addemployee.f_category ,addemployee.f_job_title ,addemployee.f_join_date ,addemployee.f_relive_date ,addemployee.f_location ,addemployee.f_experience ,addemployee.f_education_ug ,addemployee.f_degree_ug ,addemployee.f_university_ug ,addemployee.f_education_pg ,addemployee.f_degree_pg ,addemployee.f_university_pg ,addemployee.f_additional_skill ,addemployee.f_language ,addemployee.f_others ,addemployee.f_jlpt ,addemployee.f_bank_name ,addemployee.f_bank_branch ,addemployee.f_acc_no ,addemployee.f_ifsc_code ,addemployee.f_description ,addemployee.f_image ,addemployee.f_del_flg ,addemployee.f_reg_account ,addemployee.f_reg_time ,addemployee.f_upd_account ,addemployee.f_upd_time FROM m_addemployee addemployee WHERE addemployee.f_del_flg = '0'
2024/12/18 22:16:23 >> info : execQuery TIME : 0.00018 second
2024/12/18 22:16:23 >> debug : Entering postcute ...
2024/12/18 22:16:23 >> debug : DB Connect Close ... OK
2024/12/18 22:16:29 >> info : * ------------------------------------------------------------ *
2024/12/18 22:16:29 >> info : * Simplan Framework - PHP Web Application Framework
2024/12/18 22:16:29 >> info : * 
2024/12/18 22:16:29 >> info : * Version : 1.1.0
2024/12/18 22:16:29 >> info : * Copyright(c) 2003-2024 THREET CO.,LTD. All Rights Reserved.
2024/12/18 22:16:29 >> info : * http://www.threet.co.jp
2024/12/18 22:16:29 >> info : * ------------------------------------------------------------ *
2024/12/18 22:16:29 >> debug : HTTP_REFERER > https://roz.threet.co.jp/~m-ela/simplan/index.php
2024/12/18 22:16:29 >> debug : SCRIPT_URI > 
2024/12/18 22:16:29 >> debug : REQUEST_URI > /~m-ela/simplan/attendance.php
2024/12/18 22:16:29 >> debug : HTTPS > on
2024/12/18 22:16:29 >> debug : HTTPS MODE > on
2024/12/18 22:16:29 >> debug : DEF_COMMAND > cmd
2024/12/18 22:16:29 >> debug : DEF_PROCESS > prc
2024/12/18 22:16:29 >> debug : SESSION start ... OK
2024/12/18 22:16:29 >> info : Process set [index] ... OK
2024/12/18 22:16:29 >> info : Process Name [newProcess] ... OK
2024/12/18 22:16:29 >> info : Include File [/home/m-ela/projects/simplan/public_app/mod/user/attendance/process/newProcess.php]... OK
2024/12/18 22:16:29 >> info : Class Exists [newProcess] ... OK
2024/12/18 22:16:29 >> debug : DB Connect ... OK
2024/12/18 22:16:29 >> debug : Entering precute ...
2024/12/18 22:16:29 >> info : SimplanAbstractProcess::execCommand -> AbstractCommand::executeProcess > [ m_user/is_login.sql ]
2024/12/18 22:16:29 >> debug : WideDB_SimplanInterface::QueryExecute >>SELECT user.f_user_id ,user.f_name ,user.f_surname_kana ,user.f_mailaddress ,user.f_login_id ,user.f_password ,user.f_del_flg ,user.f_reg_account ,user.f_reg_time ,user.f_upd_account ,user.f_upd_time FROM m_user user WHERE user.f_user_id = '4'
2024/12/18 22:16:29 >> info : execQuery TIME : 0.00023 second
2024/12/18 22:16:29 >> info : Session connection is OK ...
2024/12/18 18:46:29 >> debug : Entering execute ...
2024/12/18 18:46:29 >> debug : newProcess Entering executeDefault ...
2024/12/18 18:46:29 >> info : SimplanAbstractProcess::execCommand -> AbstractCommand::executeProcess > [ t_user_attendance/select_user_count.sql ]
2024/12/18 18:46:29 >> debug : WideDB_SimplanInterface::QueryExecute >>SELECT count(attendance.f_emp_id) as count FROM t_user_attendance attendance WHERE attendance.f_del_flg = '0' AND attendance.f_emp_id = 'mela15' AND attendance.f_date = '2024-12-18'
2024/12/18 18:46:29 >> info : execQuery TIME : 0.00017 second
2024/12/18 18:46:29 >> debug : Entering postcute ...
2024/12/18 18:46:29 >> debug : DB Connect Close ... OK
2024/12/18 22:16:42 >> info : * ------------------------------------------------------------ *
2024/12/18 22:16:42 >> info : * Simplan Framework - PHP Web Application Framework
2024/12/18 22:16:42 >> info : * 
2024/12/18 22:16:42 >> info : * Version : 1.1.0
2024/12/18 22:16:42 >> info : * Copyright(c) 2003-2024 THREET CO.,LTD. All Rights Reserved.
2024/12/18 22:16:42 >> info : * http://www.threet.co.jp
2024/12/18 22:16:42 >> info : * ------------------------------------------------------------ *
2024/12/18 22:16:42 >> debug : HTTP_REFERER > https://roz.threet.co.jp/~m-ela/simplan/admin/addemployee.php
2024/12/18 22:16:42 >> debug : SCRIPT_URI > 
2024/12/18 22:16:42 >> debug : REQUEST_URI > /~m-ela/simplan/admin/attendance.php
2024/12/18 22:16:42 >> debug : HTTPS > on
2024/12/18 22:16:42 >> debug : HTTPS MODE > on
2024/12/18 22:16:42 >> debug : DEF_COMMAND > cmd
2024/12/18 22:16:42 >> debug : DEF_PROCESS > prc
2024/12/18 22:16:42 >> debug : SESSION start ... OK
2024/12/18 22:16:42 >> info : Process set [index] ... OK
2024/12/18 22:16:42 >> info : Process Name [listProcess] ... OK
2024/12/18 22:16:42 >> info : Include File [/home/m-ela/projects/simplan/public_app/mod/admin/attendance/process/listProcess.php]... OK
2024/12/18 22:16:42 >> info : Class Exists [listProcess] ... OK
2024/12/18 22:16:42 >> debug : DB Connect ... OK
2024/12/18 22:16:42 >> debug : Entering precute ...
2024/12/18 22:16:42 >> info : SimplanAbstractProcess::execCommand -> AbstractCommand::executeProcess > [ m_admin/is_login.sql ]
2024/12/18 22:16:42 >> debug : WideDB_SimplanInterface::QueryExecute >>SELECT ma.f_admin_id ,ma.f_name ,ma.f_mailaddress ,ma.f_id ,ma.f_password ,ma.f_admin_kbn ,ma.f_auth ,ma.f_auth_value ,ma.f_del_flg ,ma.f_reg_account ,ma.f_reg_time ,ma.f_upd_account ,ma.f_upd_time FROM m_admin ma WHERE ma.f_admin_id = 1
2024/12/18 22:16:42 >> info : execQuery TIME : 0.00013 second
2024/12/18 22:16:42 >> info : Session connection is OK ...
2024/12/18 22:16:42 >> info : SimplanAbstractProcess::execCommand -> AbstractCommand::executeProcess > [ t_attendance/list.sql ]
2024/12/18 22:16:42 >> debug : WideDB_SimplanInterface::QueryExecute >>SELECT employe.f_employee_id as id ,employe.f_name as name FROM m_addemployee employe WHERE employe.f_del_flg = '0'
2024/12/18 22:16:42 >> info : execQuery TIME : 0.00040 second
2024/12/18 22:16:42 >> debug : Entering execute ...
2024/12/18 22:16:42 >> debug : listProcess Entering executeDefault ...
2024/12/18 22:16:42 >> info : SimplanAbstractProcess::execCommand -> AbstractCommand::executeProcess > [ t_user_attendance/select_list_count.sql ]
2024/12/18 22:16:42 >> debug : WideDB_SimplanInterface::QueryExecute >>SELECT count(attendance.f_date) as count FROM t_user_attendance attendance WHERE attendance.f_del_flg = '0'
2024/12/18 22:16:42 >> info : execQuery TIME : 0.00025 second
2024/12/18 22:16:42 >> info : SimplanAbstractProcess::execCommand -> AbstractCommand::executeProcess > [ t_user_attendance/select_list.sql ]
2024/12/18 22:16:42 >> debug : WideDB_SimplanInterface::QueryExecute >>SELECT attendance.f_attendance_id ,attendance.f_name ,attendance.f_leave_type ,attendance.f_leave_reason ,date_format(attendance.f_date, '%Y/%m/%d') as f_date FROM t_user_attendance attendance WHERE attendance.f_del_flg = '0' ORDER BY attendance.f_attendance_id DESC LIMIT 0, 15
2024/12/18 22:16:42 >> info : execQuery TIME : 0.00034 second
2024/12/18 22:16:42 >> debug : Entering postcute ...
2024/12/18 22:16:42 >> debug : DB Connect Close ... OK
2024/12/18 22:19:13 >> info : * ------------------------------------------------------------ *
2024/12/18 22:19:13 >> info : * Simplan Framework - PHP Web Application Framework
2024/12/18 22:19:13 >> info : * 
2024/12/18 22:19:13 >> info : * Version : 1.1.0
2024/12/18 22:19:13 >> info : * Copyright(c) 2003-2024 THREET CO.,LTD. All Rights Reserved.
2024/12/18 22:19:13 >> info : * http://www.threet.co.jp
2024/12/18 22:19:13 >> info : * ------------------------------------------------------------ *
2024/12/18 22:19:13 >> debug : HTTP_REFERER > 
2024/12/18 22:19:13 >> debug : SCRIPT_URI > 
2024/12/18 22:19:13 >> debug : REQUEST_URI > /~m-ela/simplan/
2024/12/18 22:19:13 >> debug : HTTPS > on
2024/12/18 22:19:13 >> debug : HTTPS MODE > on
2024/12/18 22:19:13 >> debug : DEF_COMMAND > cmd
2024/12/18 22:19:13 >> debug : DEF_PROCESS > prc
2024/12/18 22:19:13 >> debug : SESSION start ... OK
2024/12/18 22:19:13 >> info : Process set [index] ... OK
2024/12/18 22:19:13 >> info : Process Name [indexProcess] ... OK
2024/12/18 22:19:13 >> info : Include File [/home/m-ela/projects/simplan/public_app/mod/user/index/process/indexProcess.php]... OK
2024/12/18 22:19:13 >> info : Class Exists [indexProcess] ... OK
2024/12/18 22:19:13 >> debug : DB Connect ... OK
2024/12/18 22:19:13 >> debug : Entering precute ...
2024/12/18 22:19:13 >> debug : Temp dir is [/home/m-ela/projects/simplan/public_html/admin/img/img_temp/]
2024/12/18 22:19:13 >> debug : File dir is [/home/m-ela/projects/simplan/public_html/admin/img/profile_photo/]
2024/12/18 22:19:13 >> debug : Entering execute ...
2024/12/18 22:19:13 >> debug : indexProcess Entering executeDefault ...
2024/12/18 22:19:13 >> debug : Entering execDefualt ...
2024/12/18 22:19:13 >> info : Session connection is NG ...
2024/12/18 22:19:13 >> info : SimplanAbstractProcess::execCommand -> AbstractCommand::executeProcess > [ m_addemployee/select_one.sql ]
2024/12/18 22:19:13 >> debug : WideDB_SimplanInterface::QueryExecute >>SELECT addemployee.f_employee_id ,addemployee.f_emp_id ,addemployee.f_name ,addemployee.f_aadhar_number ,addemployee.f_pan_number ,addemployee.f_passport ,date_format(addemployee.f_issue_date, '%Y/%m/%d') as f_issue_date ,date_format(addemployee.f_expiry_date, '%Y/%m/%d') as f_expiry_date ,addemployee.f_gender ,date_format(addemployee.f_date_of_birth, '%Y/%m/%d') as f_date_of_birth ,addemployee.f_age ,addemployee.f_blood_group ,addemployee.f_status ,addemployee.f_address1 ,addemployee.f_address2 ,addemployee.f_city ,addemployee.f_state ,addemployee.f_pincode ,addemployee.f_country ,addemployee.f_mobile_number ,addemployee.f_office_telephone_number ,addemployee.f_office_email ,addemployee.f_personal_mail ,addemployee.f_relation_name ,addemployee.f_relationship ,addemployee.f_occupation ,addemployee.f_address ,addemployee.f_phone_number ,addemployee.f_emp_status ,addemployee.f_category ,addemployee.f_job_title ,addemployee.f_join_date ,addemployee.f_relive_date ,addemployee.f_location ,addemployee.f_experience ,addemployee.f_education_ug ,addemployee.f_degree_ug ,addemployee.f_university_ug ,addemployee.f_education_pg ,addemployee.f_degree_pg ,addemployee.f_university_pg ,addemployee.f_additional_skill ,addemployee.f_language ,addemployee.f_others ,addemployee.f_jlpt ,addemployee.f_bank_name ,addemployee.f_bank_branch ,addemployee.f_acc_no ,addemployee.f_ifsc_code ,addemployee.f_description ,addemployee.f_image ,addemployee.f_del_flg ,addemployee.f_reg_account ,addemployee.f_reg_time ,addemployee.f_upd_account ,addemployee.f_upd_time FROM m_addemployee addemployee WHERE addemployee.f_del_flg = '0'
2024/12/18 22:19:13 >> info : execQuery TIME : 0.00038 second
2024/12/18 22:19:13 >> debug : Entering postcute ...
2024/12/18 22:19:13 >> debug : DB Connect Close ... OK
2024/12/18 22:19:15 >> info : * ------------------------------------------------------------ *
2024/12/18 22:19:15 >> info : * Simplan Framework - PHP Web Application Framework
2024/12/18 22:19:15 >> info : * 
2024/12/18 22:19:15 >> info : * Version : 1.1.0
2024/12/18 22:19:15 >> info : * Copyright(c) 2003-2024 THREET CO.,LTD. All Rights Reserved.
2024/12/18 22:19:15 >> info : * http://www.threet.co.jp
2024/12/18 22:19:15 >> info : * ------------------------------------------------------------ *
2024/12/18 22:19:15 >> debug : HTTP_REFERER > https://roz.threet.co.jp/~m-ela/simplan/
2024/12/18 22:19:15 >> debug : SCRIPT_URI > 
2024/12/18 22:19:15 >> debug : REQUEST_URI > /~m-ela/simplan/index.php
2024/12/18 22:19:15 >> debug : HTTPS > on
2024/12/18 22:19:15 >> debug : HTTPS MODE > on
2024/12/18 22:19:15 >> debug : DEF_COMMAND > cmd
2024/12/18 22:19:15 >> debug : DEF_PROCESS > prc
2024/12/18 22:19:15 >> debug : POST DATA > [prc] : <index>
2024/12/18 22:19:15 >> debug : POST DATA > [cmd] : <login>
2024/12/18 22:19:15 >> debug : POST DATA > [f_login_id] : <adminela>
2024/12/18 22:19:15 >> debug : POST DATA > [f_password] : <adminela>
2024/12/18 22:19:15 >> debug : SESSION start ... OK
2024/12/18 22:19:15 >> info : Process set [index] ... OK
2024/12/18 22:19:15 >> info : Process Name [indexProcess] ... OK
2024/12/18 22:19:15 >> info : Include File [/home/m-ela/projects/simplan/public_app/mod/user/index/process/indexProcess.php]... OK
2024/12/18 22:19:15 >> info : Class Exists [indexProcess] ... OK
2024/12/18 22:19:15 >> debug : DB Connect ... OK
2024/12/18 22:19:15 >> debug : Entering precute ...
2024/12/18 22:19:15 >> debug : Temp dir is [/home/m-ela/projects/simplan/public_html/admin/img/img_temp/]
2024/12/18 22:19:15 >> debug : File dir is [/home/m-ela/projects/simplan/public_html/admin/img/profile_photo/]
2024/12/18 22:19:15 >> debug : Entering execute ...
2024/12/18 22:19:15 >> debug : indexProcess Entering executeLogin ...
2024/12/18 22:19:15 >> debug : Entering executeLogin ...
2024/12/18 22:19:15 >> info : SimplanAbstractProcess::execCommand -> AbstractCommand::executeProcess > [ m_user/login.sql ]
2024/12/18 22:19:15 >> debug : WideDB_SimplanInterface::QueryExecute >>SELECT user.f_user_id ,user.f_name ,user.f_surname_kana ,user.f_mailaddress ,user.f_login_id ,user.f_password ,user.f_del_flg ,user.f_reg_account ,user.f_reg_time ,user.f_upd_account ,user.f_upd_time FROM m_user user WHERE user.f_login_id = 'adminela' AND user.f_password = 'adminela' AND user.f_del_flg = '0'
2024/12/18 22:19:15 >> info : execQuery TIME : 0.00046 second
2024/12/18 22:19:15 >> debug : indexProcessError executeLogin ... NG
2024/12/18 22:19:15 >> debug : Entering postcute ...
2024/12/18 22:19:15 >> debug : DB Connect Close ... OK
2024/12/18 22:19:18 >> info : * ------------------------------------------------------------ *
2024/12/18 22:19:18 >> info : * Simplan Framework - PHP Web Application Framework
2024/12/18 22:19:18 >> info : * 
2024/12/18 22:19:18 >> info : * Version : 1.1.0
2024/12/18 22:19:18 >> info : * Copyright(c) 2003-2024 THREET CO.,LTD. All Rights Reserved.
2024/12/18 22:19:18 >> info : * http://www.threet.co.jp
2024/12/18 22:19:18 >> info : * ------------------------------------------------------------ *
2024/12/18 22:19:18 >> debug : HTTP_REFERER > https://roz.threet.co.jp/~m-ela/simplan/index.php
2024/12/18 22:19:18 >> debug : SCRIPT_URI > 
2024/12/18 22:19:18 >> debug : REQUEST_URI > /~m-ela/simplan/index.php
2024/12/18 22:19:18 >> debug : HTTPS > on
2024/12/18 22:19:18 >> debug : HTTPS MODE > on
2024/12/18 22:19:18 >> debug : DEF_COMMAND > cmd
2024/12/18 22:19:18 >> debug : DEF_PROCESS > prc
2024/12/18 22:19:18 >> debug : POST DATA > [prc] : <index>
2024/12/18 22:19:18 >> debug : POST DATA > [cmd] : <login>
2024/12/18 22:19:18 >> debug : POST DATA > [f_login_id] : <mela15>
2024/12/18 22:19:18 >> debug : POST DATA > [f_password] : <mela15>
2024/12/18 22:19:18 >> debug : SESSION start ... OK
2024/12/18 22:19:18 >> info : Process set [index] ... OK
2024/12/18 22:19:18 >> info : Process Name [indexProcess] ... OK
2024/12/18 22:19:18 >> info : Include File [/home/m-ela/projects/simplan/public_app/mod/user/index/process/indexProcess.php]... OK
2024/12/18 22:19:18 >> info : Class Exists [indexProcess] ... OK
2024/12/18 22:19:18 >> debug : DB Connect ... OK
2024/12/18 22:19:18 >> debug : Entering precute ...
2024/12/18 22:19:18 >> debug : Temp dir is [/home/m-ela/projects/simplan/public_html/admin/img/img_temp/]
2024/12/18 22:19:18 >> debug : File dir is [/home/m-ela/projects/simplan/public_html/admin/img/profile_photo/]
2024/12/18 22:19:18 >> debug : Entering execute ...
2024/12/18 22:19:18 >> debug : indexProcess Entering executeLogin ...
2024/12/18 22:19:18 >> debug : Entering executeLogin ...
2024/12/18 22:19:18 >> info : SimplanAbstractProcess::execCommand -> AbstractCommand::executeProcess > [ m_user/login.sql ]
2024/12/18 22:19:18 >> debug : WideDB_SimplanInterface::QueryExecute >>SELECT user.f_user_id ,user.f_name ,user.f_surname_kana ,user.f_mailaddress ,user.f_login_id ,user.f_password ,user.f_del_flg ,user.f_reg_account ,user.f_reg_time ,user.f_upd_account ,user.f_upd_time FROM m_user user WHERE user.f_login_id = 'mela15' AND user.f_password = 'mela15' AND user.f_del_flg = '0'
2024/12/18 22:19:18 >> info : execQuery TIME : 0.00025 second
2024/12/18 22:19:18 >> info : SimplanAbstractProcess::execCommand -> AbstractCommand::executeProcess > [ m_addemployee/select_one.sql ]
2024/12/18 22:19:18 >> debug : WideDB_SimplanInterface::QueryExecute >>SELECT addemployee.f_employee_id ,addemployee.f_emp_id ,addemployee.f_name ,addemployee.f_aadhar_number ,addemployee.f_pan_number ,addemployee.f_passport ,date_format(addemployee.f_issue_date, '%Y/%m/%d') as f_issue_date ,date_format(addemployee.f_expiry_date, '%Y/%m/%d') as f_expiry_date ,addemployee.f_gender ,date_format(addemployee.f_date_of_birth, '%Y/%m/%d') as f_date_of_birth ,addemployee.f_age ,addemployee.f_blood_group ,addemployee.f_status ,addemployee.f_address1 ,addemployee.f_address2 ,addemployee.f_city ,addemployee.f_state ,addemployee.f_pincode ,addemployee.f_country ,addemployee.f_mobile_number ,addemployee.f_office_telephone_number ,addemployee.f_office_email ,addemployee.f_personal_mail ,addemployee.f_relation_name ,addemployee.f_relationship ,addemployee.f_occupation ,addemployee.f_address ,addemployee.f_phone_number ,addemployee.f_emp_status ,addemployee.f_category ,addemployee.f_job_title ,addemployee.f_join_date ,addemployee.f_relive_date ,addemployee.f_location ,addemployee.f_experience ,addemployee.f_education_ug ,addemployee.f_degree_ug ,addemployee.f_university_ug ,addemployee.f_education_pg ,addemployee.f_degree_pg ,addemployee.f_university_pg ,addemployee.f_additional_skill ,addemployee.f_language ,addemployee.f_others ,addemployee.f_jlpt ,addemployee.f_bank_name ,addemployee.f_bank_branch ,addemployee.f_acc_no ,addemployee.f_ifsc_code ,addemployee.f_description ,addemployee.f_image ,addemployee.f_del_flg ,addemployee.f_reg_account ,addemployee.f_reg_time ,addemployee.f_upd_account ,addemployee.f_upd_time FROM m_addemployee addemployee WHERE addemployee.f_del_flg = '0'
2024/12/18 22:19:18 >> info : execQuery TIME : 0.00039 second
2024/12/18 22:19:18 >> debug : DB Start Transaction ... OK
2024/12/18 22:19:18 >> debug : WideDB_SimplanInterface::QueryExecute >>INSERT INTO t_history ( f_user_id, f_datetime, f_del_flg, f_reg_account, f_reg_time, f_upd_account, f_upd_time ) VALUES ( '4', '20241218221918', '0', '4', '20241218221918', '4', '20241218221918' ) 
2024/12/18 22:19:18 >> info : execQuery TIME : 0.00036 second
2024/12/18 22:19:18 >> debug : Insert t_history ... OK
2024/12/18 22:19:18 >> debug : DB Commit ... OK
2024/12/18 22:19:18 >> debug : Entering postcute ...
2024/12/18 22:19:18 >> debug : DB Connect Close ... OK
2024/12/18 22:19:21 >> info : * ------------------------------------------------------------ *
2024/12/18 22:19:21 >> info : * Simplan Framework - PHP Web Application Framework
2024/12/18 22:19:21 >> info : * 
2024/12/18 22:19:21 >> info : * Version : 1.1.0
2024/12/18 22:19:21 >> info : * Copyright(c) 2003-2024 THREET CO.,LTD. All Rights Reserved.
2024/12/18 22:19:21 >> info : * http://www.threet.co.jp
2024/12/18 22:19:21 >> info : * ------------------------------------------------------------ *
2024/12/18 22:19:21 >> debug : HTTP_REFERER > https://roz.threet.co.jp/~m-ela/simplan/index.php
2024/12/18 22:19:21 >> debug : SCRIPT_URI > 
2024/12/18 22:19:21 >> debug : REQUEST_URI > /~m-ela/simplan/attendance.php
2024/12/18 22:19:21 >> debug : HTTPS > on
2024/12/18 22:19:21 >> debug : HTTPS MODE > on
2024/12/18 22:19:21 >> debug : DEF_COMMAND > cmd
2024/12/18 22:19:21 >> debug : DEF_PROCESS > prc
2024/12/18 22:19:21 >> debug : SESSION start ... OK
2024/12/18 22:19:21 >> info : Process set [index] ... OK
2024/12/18 22:19:21 >> info : Process Name [newProcess] ... OK
2024/12/18 22:19:21 >> info : Include File [/home/m-ela/projects/simplan/public_app/mod/user/attendance/process/newProcess.php]... OK
2024/12/18 22:19:21 >> info : Class Exists [newProcess] ... OK
2024/12/18 22:19:21 >> debug : DB Connect ... OK
2024/12/18 22:19:21 >> debug : Entering precute ...
2024/12/18 22:19:21 >> info : SimplanAbstractProcess::execCommand -> AbstractCommand::executeProcess > [ m_user/is_login.sql ]
2024/12/18 22:19:21 >> debug : WideDB_SimplanInterface::QueryExecute >>SELECT user.f_user_id ,user.f_name ,user.f_surname_kana ,user.f_mailaddress ,user.f_login_id ,user.f_password ,user.f_del_flg ,user.f_reg_account ,user.f_reg_time ,user.f_upd_account ,user.f_upd_time FROM m_user user WHERE user.f_user_id = '4'
2024/12/18 22:19:21 >> info : execQuery TIME : 0.00013 second
2024/12/18 22:19:21 >> info : Session connection is OK ...
2024/12/18 18:49:21 >> debug : Entering execute ...
2024/12/18 18:49:21 >> debug : newProcess Entering executeDefault ...
2024/12/18 18:49:21 >> info : SimplanAbstractProcess::execCommand -> AbstractCommand::executeProcess > [ t_user_attendance/select_user_count.sql ]
2024/12/18 18:49:21 >> debug : WideDB_SimplanInterface::QueryExecute >>SELECT count(attendance.f_emp_id) as count FROM t_user_attendance attendance WHERE attendance.f_del_flg = '0' AND attendance.f_emp_id = 'mela15' AND attendance.f_date = '2024-12-18'
2024/12/18 18:49:21 >> info : execQuery TIME : 0.00009 second
2024/12/18 18:49:21 >> debug : Entering postcute ...
2024/12/18 18:49:21 >> debug : DB Connect Close ... OK
2024/12/18 22:19:32 >> info : * ------------------------------------------------------------ *
2024/12/18 22:19:32 >> info : * Simplan Framework - PHP Web Application Framework
2024/12/18 22:19:32 >> info : * 
2024/12/18 22:19:32 >> info : * Version : 1.1.0
2024/12/18 22:19:32 >> info : * Copyright(c) 2003-2024 THREET CO.,LTD. All Rights Reserved.
2024/12/18 22:19:32 >> info : * http://www.threet.co.jp
2024/12/18 22:19:32 >> info : * ------------------------------------------------------------ *
2024/12/18 22:19:32 >> debug : HTTP_REFERER > https://roz.threet.co.jp/~m-ela/simplan/attendance.php
2024/12/18 22:19:32 >> debug : SCRIPT_URI > 
2024/12/18 22:19:32 >> debug : REQUEST_URI > /~m-ela/simplan/index.php
2024/12/18 22:19:32 >> debug : HTTPS > on
2024/12/18 22:19:32 >> debug : HTTPS MODE > on
2024/12/18 22:19:32 >> debug : DEF_COMMAND > cmd
2024/12/18 22:19:32 >> debug : DEF_PROCESS > prc
2024/12/18 22:19:32 >> debug : POST DATA > [prc] : <index>
2024/12/18 22:19:32 >> debug : POST DATA > [cmd] : <detail>
2024/12/18 22:19:32 >> debug : POST DATA > [sid] : <>
2024/12/18 22:19:32 >> debug : POST DATA > [pno] : <>
2024/12/18 22:19:32 >> debug : POST DATA > [onetime_ticket] : <8594578af23663624298d5b4dc925f36>
2024/12/18 22:19:32 >> debug : SESSION start ... OK
2024/12/18 22:19:32 >> info : Process set [index] ... OK
2024/12/18 22:19:32 >> info : Process Name [indexProcess] ... OK
2024/12/18 22:19:32 >> info : Include File [/home/m-ela/projects/simplan/public_app/mod/user/index/process/indexProcess.php]... OK
2024/12/18 22:19:32 >> info : Class Exists [indexProcess] ... OK
2024/12/18 22:19:32 >> debug : DB Connect ... OK
2024/12/18 22:19:32 >> debug : Entering precute ...
2024/12/18 22:19:32 >> debug : Temp dir is [/home/m-ela/projects/simplan/public_html/admin/img/img_temp/]
2024/12/18 22:19:32 >> debug : File dir is [/home/m-ela/projects/simplan/public_html/admin/img/profile_photo/]
2024/12/18 22:19:32 >> debug : Entering execute ...
2024/12/18 22:19:32 >> debug : indexProcess Entering executeDetail ...
2024/12/18 22:19:32 >> debug : Entering execDetail ...
2024/12/18 22:19:32 >> info : SimplanAbstractProcess::execCommand -> AbstractCommand::executeProcess > [ m_user/is_login.sql ]
2024/12/18 22:19:32 >> debug : WideDB_SimplanInterface::QueryExecute >>SELECT user.f_user_id ,user.f_name ,user.f_surname_kana ,user.f_mailaddress ,user.f_login_id ,user.f_password ,user.f_del_flg ,user.f_reg_account ,user.f_reg_time ,user.f_upd_account ,user.f_upd_time FROM m_user user WHERE user.f_user_id = '4'
2024/12/18 22:19:32 >> info : execQuery TIME : 0.00023 second
2024/12/18 22:19:32 >> info : Session connection is OK ...
2024/12/18 22:19:32 >> info : SimplanAbstractProcess::execCommand -> AbstractCommand::executeProcess > [ m_addemployee/select_one.sql ]
2024/12/18 22:19:32 >> debug : WideDB_SimplanInterface::QueryExecute >>SELECT addemployee.f_employee_id ,addemployee.f_emp_id ,addemployee.f_name ,addemployee.f_aadhar_number ,addemployee.f_pan_number ,addemployee.f_passport ,date_format(addemployee.f_issue_date, '%Y/%m/%d') as f_issue_date ,date_format(addemployee.f_expiry_date, '%Y/%m/%d') as f_expiry_date ,addemployee.f_gender ,date_format(addemployee.f_date_of_birth, '%Y/%m/%d') as f_date_of_birth ,addemployee.f_age ,addemployee.f_blood_group ,addemployee.f_status ,addemployee.f_address1 ,addemployee.f_address2 ,addemployee.f_city ,addemployee.f_state ,addemployee.f_pincode ,addemployee.f_country ,addemployee.f_mobile_number ,addemployee.f_office_telephone_number ,addemployee.f_office_email ,addemployee.f_personal_mail ,addemployee.f_relation_name ,addemployee.f_relationship ,addemployee.f_occupation ,addemployee.f_address ,addemployee.f_phone_number ,addemployee.f_emp_status ,addemployee.f_category ,addemployee.f_job_title ,addemployee.f_join_date ,addemployee.f_relive_date ,addemployee.f_location ,addemployee.f_experience ,addemployee.f_education_ug ,addemployee.f_degree_ug ,addemployee.f_university_ug ,addemployee.f_education_pg ,addemployee.f_degree_pg ,addemployee.f_university_pg ,addemployee.f_additional_skill ,addemployee.f_language ,addemployee.f_others ,addemployee.f_jlpt ,addemployee.f_bank_name ,addemployee.f_bank_branch ,addemployee.f_acc_no ,addemployee.f_ifsc_code ,addemployee.f_description ,addemployee.f_image ,addemployee.f_del_flg ,addemployee.f_reg_account ,addemployee.f_reg_time ,addemployee.f_upd_account ,addemployee.f_upd_time FROM m_addemployee addemployee WHERE addemployee.f_del_flg = '0'
2024/12/18 22:19:32 >> info : execQuery TIME : 0.00033 second
2024/12/18 22:19:32 >> debug : Entering postcute ...
2024/12/18 22:19:32 >> debug : DB Connect Close ... OK
2024/12/18 22:19:33 >> info : * ------------------------------------------------------------ *
2024/12/18 22:19:33 >> info : * Simplan Framework - PHP Web Application Framework
2024/12/18 22:19:33 >> info : * 
2024/12/18 22:19:33 >> info : * Version : 1.1.0
2024/12/18 22:19:33 >> info : * Copyright(c) 2003-2024 THREET CO.,LTD. All Rights Reserved.
2024/12/18 22:19:33 >> info : * http://www.threet.co.jp
2024/12/18 22:19:33 >> info : * ------------------------------------------------------------ *
2024/12/18 22:19:33 >> debug : HTTP_REFERER > https://roz.threet.co.jp/~m-ela/simplan/attendance.php
2024/12/18 22:19:33 >> debug : SCRIPT_URI > 
2024/12/18 22:19:33 >> debug : REQUEST_URI > /~m-ela/simplan/index.php
2024/12/18 22:19:33 >> debug : HTTPS > on
2024/12/18 22:19:33 >> debug : HTTPS MODE > on
2024/12/18 22:19:33 >> debug : DEF_COMMAND > cmd
2024/12/18 22:19:33 >> debug : DEF_PROCESS > prc
2024/12/18 22:19:33 >> debug : POST DATA > [prc] : <index>
2024/12/18 22:19:33 >> debug : POST DATA > [cmd] : <detail>
2024/12/18 22:19:33 >> debug : POST DATA > [sid] : <>
2024/12/18 22:19:33 >> debug : POST DATA > [pno] : <>
2024/12/18 22:19:33 >> debug : POST DATA > [onetime_ticket] : <5a0202d2805a0f6bdc4ea8f3edbf3bcc>
2024/12/18 22:19:33 >> debug : SESSION start ... OK
2024/12/18 22:19:33 >> info : Process set [index] ... OK
2024/12/18 22:19:33 >> info : Process Name [indexProcess] ... OK
2024/12/18 22:19:33 >> info : Include File [/home/m-ela/projects/simplan/public_app/mod/user/index/process/indexProcess.php]... OK
2024/12/18 22:19:33 >> info : Class Exists [indexProcess] ... OK
2024/12/18 22:19:33 >> debug : DB Connect ... OK
2024/12/18 22:19:33 >> debug : Entering precute ...
2024/12/18 22:19:33 >> debug : Temp dir is [/home/m-ela/projects/simplan/public_html/admin/img/img_temp/]
2024/12/18 22:19:33 >> debug : File dir is [/home/m-ela/projects/simplan/public_html/admin/img/profile_photo/]
2024/12/18 22:19:33 >> debug : Entering execute ...
2024/12/18 22:19:33 >> debug : indexProcess Entering executeDetail ...
2024/12/18 22:19:33 >> debug : Entering execDetail ...
2024/12/18 22:19:33 >> info : SimplanAbstractProcess::execCommand -> AbstractCommand::executeProcess > [ m_user/is_login.sql ]
2024/12/18 22:19:33 >> debug : WideDB_SimplanInterface::QueryExecute >>SELECT user.f_user_id ,user.f_name ,user.f_surname_kana ,user.f_mailaddress ,user.f_login_id ,user.f_password ,user.f_del_flg ,user.f_reg_account ,user.f_reg_time ,user.f_upd_account ,user.f_upd_time FROM m_user user WHERE user.f_user_id = '4'
2024/12/18 22:19:33 >> info : execQuery TIME : 0.00015 second
2024/12/18 22:19:33 >> info : Session connection is OK ...
2024/12/18 22:19:33 >> info : SimplanAbstractProcess::execCommand -> AbstractCommand::executeProcess > [ m_addemployee/select_one.sql ]
2024/12/18 22:19:33 >> debug : WideDB_SimplanInterface::QueryExecute >>SELECT addemployee.f_employee_id ,addemployee.f_emp_id ,addemployee.f_name ,addemployee.f_aadhar_number ,addemployee.f_pan_number ,addemployee.f_passport ,date_format(addemployee.f_issue_date, '%Y/%m/%d') as f_issue_date ,date_format(addemployee.f_expiry_date, '%Y/%m/%d') as f_expiry_date ,addemployee.f_gender ,date_format(addemployee.f_date_of_birth, '%Y/%m/%d') as f_date_of_birth ,addemployee.f_age ,addemployee.f_blood_group ,addemployee.f_status ,addemployee.f_address1 ,addemployee.f_address2 ,addemployee.f_city ,addemployee.f_state ,addemployee.f_pincode ,addemployee.f_country ,addemployee.f_mobile_number ,addemployee.f_office_telephone_number ,addemployee.f_office_email ,addemployee.f_personal_mail ,addemployee.f_relation_name ,addemployee.f_relationship ,addemployee.f_occupation ,addemployee.f_address ,addemployee.f_phone_number ,addemployee.f_emp_status ,addemployee.f_category ,addemployee.f_job_title ,addemployee.f_join_date ,addemployee.f_relive_date ,addemployee.f_location ,addemployee.f_experience ,addemployee.f_education_ug ,addemployee.f_degree_ug ,addemployee.f_university_ug ,addemployee.f_education_pg ,addemployee.f_degree_pg ,addemployee.f_university_pg ,addemployee.f_additional_skill ,addemployee.f_language ,addemployee.f_others ,addemployee.f_jlpt ,addemployee.f_bank_name ,addemployee.f_bank_branch ,addemployee.f_acc_no ,addemployee.f_ifsc_code ,addemployee.f_description ,addemployee.f_image ,addemployee.f_del_flg ,addemployee.f_reg_account ,addemployee.f_reg_time ,addemployee.f_upd_account ,addemployee.f_upd_time FROM m_addemployee addemployee WHERE addemployee.f_del_flg = '0'
2024/12/18 22:19:33 >> info : execQuery TIME : 0.00017 second
2024/12/18 22:19:33 >> debug : Entering postcute ...
2024/12/18 22:19:33 >> debug : DB Connect Close ... OK
2024/12/18 22:19:35 >> info : * ------------------------------------------------------------ *
2024/12/18 22:19:35 >> info : * Simplan Framework - PHP Web Application Framework
2024/12/18 22:19:35 >> info : * 
2024/12/18 22:19:35 >> info : * Version : 1.1.0
2024/12/18 22:19:35 >> info : * Copyright(c) 2003-2024 THREET CO.,LTD. All Rights Reserved.
2024/12/18 22:19:35 >> info : * http://www.threet.co.jp
2024/12/18 22:19:35 >> info : * ------------------------------------------------------------ *
2024/12/18 22:19:35 >> debug : HTTP_REFERER > https://roz.threet.co.jp/~m-ela/simplan/index.php
2024/12/18 22:19:35 >> debug : SCRIPT_URI > 
2024/12/18 22:19:35 >> debug : REQUEST_URI > /~m-ela/simplan/index.php
2024/12/18 22:19:35 >> debug : HTTPS > on
2024/12/18 22:19:35 >> debug : HTTPS MODE > on
2024/12/18 22:19:35 >> debug : DEF_COMMAND > cmd
2024/12/18 22:19:35 >> debug : DEF_PROCESS > prc
2024/12/18 22:19:35 >> debug : POST DATA > [prc] : <index>
2024/12/18 22:19:35 >> debug : POST DATA > [cmd] : <detail>
2024/12/18 22:19:35 >> debug : POST DATA > [sid] : <>
2024/12/18 22:19:35 >> debug : POST DATA > [pno] : <>
2024/12/18 22:19:35 >> debug : POST DATA > [onetime_ticket] : <>
2024/12/18 22:19:35 >> debug : SESSION start ... OK
2024/12/18 22:19:35 >> info : Process set [index] ... OK
2024/12/18 22:19:35 >> info : Process Name [indexProcess] ... OK
2024/12/18 22:19:35 >> info : Include File [/home/m-ela/projects/simplan/public_app/mod/user/index/process/indexProcess.php]... OK
2024/12/18 22:19:35 >> info : Class Exists [indexProcess] ... OK
2024/12/18 22:19:35 >> debug : DB Connect ... OK
2024/12/18 22:19:35 >> debug : Entering precute ...
2024/12/18 22:19:35 >> debug : Temp dir is [/home/m-ela/projects/simplan/public_html/admin/img/img_temp/]
2024/12/18 22:19:35 >> debug : File dir is [/home/m-ela/projects/simplan/public_html/admin/img/profile_photo/]
2024/12/18 22:19:35 >> debug : Entering execute ...
2024/12/18 22:19:35 >> debug : indexProcess Entering executeDetail ...
2024/12/18 22:19:35 >> debug : Entering execDetail ...
2024/12/18 22:19:35 >> info : SimplanAbstractProcess::execCommand -> AbstractCommand::executeProcess > [ m_user/is_login.sql ]
2024/12/18 22:19:35 >> debug : WideDB_SimplanInterface::QueryExecute >>SELECT user.f_user_id ,user.f_name ,user.f_surname_kana ,user.f_mailaddress ,user.f_login_id ,user.f_password ,user.f_del_flg ,user.f_reg_account ,user.f_reg_time ,user.f_upd_account ,user.f_upd_time FROM m_user user WHERE user.f_user_id = '4'
2024/12/18 22:19:35 >> info : execQuery TIME : 0.00023 second
2024/12/18 22:19:35 >> info : Session connection is OK ...
2024/12/18 22:19:35 >> info : SimplanAbstractProcess::execCommand -> AbstractCommand::executeProcess > [ m_addemployee/select_one.sql ]
2024/12/18 22:19:35 >> debug : WideDB_SimplanInterface::QueryExecute >>SELECT addemployee.f_employee_id ,addemployee.f_emp_id ,addemployee.f_name ,addemployee.f_aadhar_number ,addemployee.f_pan_number ,addemployee.f_passport ,date_format(addemployee.f_issue_date, '%Y/%m/%d') as f_issue_date ,date_format(addemployee.f_expiry_date, '%Y/%m/%d') as f_expiry_date ,addemployee.f_gender ,date_format(addemployee.f_date_of_birth, '%Y/%m/%d') as f_date_of_birth ,addemployee.f_age ,addemployee.f_blood_group ,addemployee.f_status ,addemployee.f_address1 ,addemployee.f_address2 ,addemployee.f_city ,addemployee.f_state ,addemployee.f_pincode ,addemployee.f_country ,addemployee.f_mobile_number ,addemployee.f_office_telephone_number ,addemployee.f_office_email ,addemployee.f_personal_mail ,addemployee.f_relation_name ,addemployee.f_relationship ,addemployee.f_occupation ,addemployee.f_address ,addemployee.f_phone_number ,addemployee.f_emp_status ,addemployee.f_category ,addemployee.f_job_title ,addemployee.f_join_date ,addemployee.f_relive_date ,addemployee.f_location ,addemployee.f_experience ,addemployee.f_education_ug ,addemployee.f_degree_ug ,addemployee.f_university_ug ,addemployee.f_education_pg ,addemployee.f_degree_pg ,addemployee.f_university_pg ,addemployee.f_additional_skill ,addemployee.f_language ,addemployee.f_others ,addemployee.f_jlpt ,addemployee.f_bank_name ,addemployee.f_bank_branch ,addemployee.f_acc_no ,addemployee.f_ifsc_code ,addemployee.f_description ,addemployee.f_image ,addemployee.f_del_flg ,addemployee.f_reg_account ,addemployee.f_reg_time ,addemployee.f_upd_account ,addemployee.f_upd_time FROM m_addemployee addemployee WHERE addemployee.f_del_flg = '0'
2024/12/18 22:19:35 >> info : execQuery TIME : 0.00037 second
2024/12/18 22:19:35 >> debug : Entering postcute ...
2024/12/18 22:19:35 >> debug : DB Connect Close ... OK
2024/12/18 22:19:37 >> info : * ------------------------------------------------------------ *
2024/12/18 22:19:37 >> info : * Simplan Framework - PHP Web Application Framework
2024/12/18 22:19:37 >> info : * 
2024/12/18 22:19:37 >> info : * Version : 1.1.0
2024/12/18 22:19:37 >> info : * Copyright(c) 2003-2024 THREET CO.,LTD. All Rights Reserved.
2024/12/18 22:19:37 >> info : * http://www.threet.co.jp
2024/12/18 22:19:37 >> info : * ------------------------------------------------------------ *
2024/12/18 22:19:37 >> debug : HTTP_REFERER > https://roz.threet.co.jp/~m-ela/simplan/index.php
2024/12/18 22:19:37 >> debug : SCRIPT_URI > 
2024/12/18 22:19:37 >> debug : REQUEST_URI > /~m-ela/simplan/index.php
2024/12/18 22:19:37 >> debug : HTTPS > on
2024/12/18 22:19:37 >> debug : HTTPS MODE > on
2024/12/18 22:19:37 >> debug : DEF_COMMAND > cmd
2024/12/18 22:19:37 >> debug : DEF_PROCESS > prc
2024/12/18 22:19:37 >> debug : POST DATA > [prc] : <index>
2024/12/18 22:19:37 >> debug : POST DATA > [cmd] : <detail>
2024/12/18 22:19:37 >> debug : POST DATA > [sid] : <>
2024/12/18 22:19:37 >> debug : POST DATA > [pno] : <>
2024/12/18 22:19:37 >> debug : POST DATA > [onetime_ticket] : <>
2024/12/18 22:19:37 >> debug : SESSION start ... OK
2024/12/18 22:19:37 >> info : Process set [index] ... OK
2024/12/18 22:19:37 >> info : Process Name [indexProcess] ... OK
2024/12/18 22:19:37 >> info : Include File [/home/m-ela/projects/simplan/public_app/mod/user/index/process/indexProcess.php]... OK
2024/12/18 22:19:37 >> info : Class Exists [indexProcess] ... OK
2024/12/18 22:19:37 >> debug : DB Connect ... OK
2024/12/18 22:19:37 >> debug : Entering precute ...
2024/12/18 22:19:37 >> debug : Temp dir is [/home/m-ela/projects/simplan/public_html/admin/img/img_temp/]
2024/12/18 22:19:37 >> debug : File dir is [/home/m-ela/projects/simplan/public_html/admin/img/profile_photo/]
2024/12/18 22:19:37 >> debug : Entering execute ...
2024/12/18 22:19:37 >> debug : indexProcess Entering executeDetail ...
2024/12/18 22:19:37 >> debug : Entering execDetail ...
2024/12/18 22:19:37 >> info : SimplanAbstractProcess::execCommand -> AbstractCommand::executeProcess > [ m_user/is_login.sql ]
2024/12/18 22:19:37 >> debug : WideDB_SimplanInterface::QueryExecute >>SELECT user.f_user_id ,user.f_name ,user.f_surname_kana ,user.f_mailaddress ,user.f_login_id ,user.f_password ,user.f_del_flg ,user.f_reg_account ,user.f_reg_time ,user.f_upd_account ,user.f_upd_time FROM m_user user WHERE user.f_user_id = '4'
2024/12/18 22:19:37 >> info : execQuery TIME : 0.00015 second
2024/12/18 22:19:37 >> info : Session connection is OK ...
2024/12/18 22:19:37 >> info : SimplanAbstractProcess::execCommand -> AbstractCommand::executeProcess > [ m_addemployee/select_one.sql ]
2024/12/18 22:19:37 >> debug : WideDB_SimplanInterface::QueryExecute >>SELECT addemployee.f_employee_id ,addemployee.f_emp_id ,addemployee.f_name ,addemployee.f_aadhar_number ,addemployee.f_pan_number ,addemployee.f_passport ,date_format(addemployee.f_issue_date, '%Y/%m/%d') as f_issue_date ,date_format(addemployee.f_expiry_date, '%Y/%m/%d') as f_expiry_date ,addemployee.f_gender ,date_format(addemployee.f_date_of_birth, '%Y/%m/%d') as f_date_of_birth ,addemployee.f_age ,addemployee.f_blood_group ,addemployee.f_status ,addemployee.f_address1 ,addemployee.f_address2 ,addemployee.f_city ,addemployee.f_state ,addemployee.f_pincode ,addemployee.f_country ,addemployee.f_mobile_number ,addemployee.f_office_telephone_number ,addemployee.f_office_email ,addemployee.f_personal_mail ,addemployee.f_relation_name ,addemployee.f_relationship ,addemployee.f_occupation ,addemployee.f_address ,addemployee.f_phone_number ,addemployee.f_emp_status ,addemployee.f_category ,addemployee.f_job_title ,addemployee.f_join_date ,addemployee.f_relive_date ,addemployee.f_location ,addemployee.f_experience ,addemployee.f_education_ug ,addemployee.f_degree_ug ,addemployee.f_university_ug ,addemployee.f_education_pg ,addemployee.f_degree_pg ,addemployee.f_university_pg ,addemployee.f_additional_skill ,addemployee.f_language ,addemployee.f_others ,addemployee.f_jlpt ,addemployee.f_bank_name ,addemployee.f_bank_branch ,addemployee.f_acc_no ,addemployee.f_ifsc_code ,addemployee.f_description ,addemployee.f_image ,addemployee.f_del_flg ,addemployee.f_reg_account ,addemployee.f_reg_time ,addemployee.f_upd_account ,addemployee.f_upd_time FROM m_addemployee addemployee WHERE addemployee.f_del_flg = '0'
2024/12/18 22:19:37 >> info : execQuery TIME : 0.00017 second
2024/12/18 22:19:37 >> debug : Entering postcute ...
2024/12/18 22:19:37 >> debug : DB Connect Close ... OK
2024/12/18 22:19:39 >> info : * ------------------------------------------------------------ *
2024/12/18 22:19:39 >> info : * Simplan Framework - PHP Web Application Framework
2024/12/18 22:19:39 >> info : * 
2024/12/18 22:19:39 >> info : * Version : 1.1.0
2024/12/18 22:19:39 >> info : * Copyright(c) 2003-2024 THREET CO.,LTD. All Rights Reserved.
2024/12/18 22:19:39 >> info : * http://www.threet.co.jp
2024/12/18 22:19:39 >> info : * ------------------------------------------------------------ *
2024/12/18 22:19:39 >> debug : HTTP_REFERER > https://roz.threet.co.jp/~m-ela/simplan/index.php
2024/12/18 22:19:39 >> debug : SCRIPT_URI > 
2024/12/18 22:19:39 >> debug : REQUEST_URI > /~m-ela/simplan/attendance.php
2024/12/18 22:19:39 >> debug : HTTPS > on
2024/12/18 22:19:39 >> debug : HTTPS MODE > on
2024/12/18 22:19:39 >> debug : DEF_COMMAND > cmd
2024/12/18 22:19:39 >> debug : DEF_PROCESS > prc
2024/12/18 22:19:39 >> debug : SESSION start ... OK
2024/12/18 22:19:39 >> info : Process set [index] ... OK
2024/12/18 22:19:39 >> info : Process Name [newProcess] ... OK
2024/12/18 22:19:39 >> info : Include File [/home/m-ela/projects/simplan/public_app/mod/user/attendance/process/newProcess.php]... OK
2024/12/18 22:19:39 >> info : Class Exists [newProcess] ... OK
2024/12/18 22:19:39 >> debug : DB Connect ... OK
2024/12/18 22:19:39 >> debug : Entering precute ...
2024/12/18 22:19:39 >> info : SimplanAbstractProcess::execCommand -> AbstractCommand::executeProcess > [ m_user/is_login.sql ]
2024/12/18 22:19:39 >> debug : WideDB_SimplanInterface::QueryExecute >>SELECT user.f_user_id ,user.f_name ,user.f_surname_kana ,user.f_mailaddress ,user.f_login_id ,user.f_password ,user.f_del_flg ,user.f_reg_account ,user.f_reg_time ,user.f_upd_account ,user.f_upd_time FROM m_user user WHERE user.f_user_id = '4'
2024/12/18 22:19:39 >> info : execQuery TIME : 0.00018 second
2024/12/18 22:19:39 >> info : Session connection is OK ...
2024/12/18 18:49:39 >> debug : Entering execute ...
2024/12/18 18:49:39 >> debug : newProcess Entering executeDefault ...
2024/12/18 18:49:39 >> info : SimplanAbstractProcess::execCommand -> AbstractCommand::executeProcess > [ t_user_attendance/select_user_count.sql ]
2024/12/18 18:49:39 >> debug : WideDB_SimplanInterface::QueryExecute >>SELECT count(attendance.f_emp_id) as count FROM t_user_attendance attendance WHERE attendance.f_del_flg = '0' AND attendance.f_emp_id = 'mela15' AND attendance.f_date = '2024-12-18'
2024/12/18 18:49:39 >> info : execQuery TIME : 0.00012 second
2024/12/18 18:49:39 >> debug : Entering postcute ...
2024/12/18 18:49:39 >> debug : DB Connect Close ... OK
2024/12/18 22:19:42 >> info : * ------------------------------------------------------------ *
2024/12/18 22:19:42 >> info : * Simplan Framework - PHP Web Application Framework
2024/12/18 22:19:42 >> info : * 
2024/12/18 22:19:42 >> info : * Version : 1.1.0
2024/12/18 22:19:42 >> info : * Copyright(c) 2003-2024 THREET CO.,LTD. All Rights Reserved.
2024/12/18 22:19:42 >> info : * http://www.threet.co.jp
2024/12/18 22:19:42 >> info : * ------------------------------------------------------------ *
2024/12/18 22:19:42 >> debug : HTTP_REFERER > https://roz.threet.co.jp/~m-ela/simplan/index.php
2024/12/18 22:19:42 >> debug : SCRIPT_URI > 
2024/12/18 22:19:42 >> debug : REQUEST_URI > /~m-ela/simplan/index.php
2024/12/18 22:19:42 >> debug : HTTPS > on
2024/12/18 22:19:42 >> debug : HTTPS MODE > on
2024/12/18 22:19:42 >> debug : DEF_COMMAND > cmd
2024/12/18 22:19:42 >> debug : DEF_PROCESS > prc
2024/12/18 22:19:42 >> debug : POST DATA > [prc] : <index>
2024/12/18 22:19:42 >> debug : POST DATA > [cmd] : <detail>
2024/12/18 22:19:42 >> debug : POST DATA > [sid] : <>
2024/12/18 22:19:42 >> debug : POST DATA > [pno] : <>
2024/12/18 22:19:42 >> debug : POST DATA > [onetime_ticket] : <>
2024/12/18 22:19:42 >> debug : SESSION start ... OK
2024/12/18 22:19:42 >> info : Process set [index] ... OK
2024/12/18 22:19:42 >> info : Process Name [indexProcess] ... OK
2024/12/18 22:19:42 >> info : Include File [/home/m-ela/projects/simplan/public_app/mod/user/index/process/indexProcess.php]... OK
2024/12/18 22:19:42 >> info : Class Exists [indexProcess] ... OK
2024/12/18 22:19:42 >> debug : DB Connect ... OK
2024/12/18 22:19:42 >> debug : Entering precute ...
2024/12/18 22:19:42 >> debug : Temp dir is [/home/m-ela/projects/simplan/public_html/admin/img/img_temp/]
2024/12/18 22:19:42 >> debug : File dir is [/home/m-ela/projects/simplan/public_html/admin/img/profile_photo/]
2024/12/18 22:19:42 >> debug : Entering execute ...
2024/12/18 22:19:42 >> debug : indexProcess Entering executeDetail ...
2024/12/18 22:19:42 >> debug : Entering execDetail ...
2024/12/18 22:19:42 >> info : SimplanAbstractProcess::execCommand -> AbstractCommand::executeProcess > [ m_user/is_login.sql ]
2024/12/18 22:19:42 >> debug : WideDB_SimplanInterface::QueryExecute >>SELECT user.f_user_id ,user.f_name ,user.f_surname_kana ,user.f_mailaddress ,user.f_login_id ,user.f_password ,user.f_del_flg ,user.f_reg_account ,user.f_reg_time ,user.f_upd_account ,user.f_upd_time FROM m_user user WHERE user.f_user_id = '4'
2024/12/18 22:19:42 >> info : execQuery TIME : 0.00018 second
2024/12/18 22:19:42 >> info : Session connection is OK ...
2024/12/18 22:19:42 >> info : SimplanAbstractProcess::execCommand -> AbstractCommand::executeProcess > [ m_addemployee/select_one.sql ]
2024/12/18 22:19:42 >> debug : WideDB_SimplanInterface::QueryExecute >>SELECT addemployee.f_employee_id ,addemployee.f_emp_id ,addemployee.f_name ,addemployee.f_aadhar_number ,addemployee.f_pan_number ,addemployee.f_passport ,date_format(addemployee.f_issue_date, '%Y/%m/%d') as f_issue_date ,date_format(addemployee.f_expiry_date, '%Y/%m/%d') as f_expiry_date ,addemployee.f_gender ,date_format(addemployee.f_date_of_birth, '%Y/%m/%d') as f_date_of_birth ,addemployee.f_age ,addemployee.f_blood_group ,addemployee.f_status ,addemployee.f_address1 ,addemployee.f_address2 ,addemployee.f_city ,addemployee.f_state ,addemployee.f_pincode ,addemployee.f_country ,addemployee.f_mobile_number ,addemployee.f_office_telephone_number ,addemployee.f_office_email ,addemployee.f_personal_mail ,addemployee.f_relation_name ,addemployee.f_relationship ,addemployee.f_occupation ,addemployee.f_address ,addemployee.f_phone_number ,addemployee.f_emp_status ,addemployee.f_category ,addemployee.f_job_title ,addemployee.f_join_date ,addemployee.f_relive_date ,addemployee.f_location ,addemployee.f_experience ,addemployee.f_education_ug ,addemployee.f_degree_ug ,addemployee.f_university_ug ,addemployee.f_education_pg ,addemployee.f_degree_pg ,addemployee.f_university_pg ,addemployee.f_additional_skill ,addemployee.f_language ,addemployee.f_others ,addemployee.f_jlpt ,addemployee.f_bank_name ,addemployee.f_bank_branch ,addemployee.f_acc_no ,addemployee.f_ifsc_code ,addemployee.f_description ,addemployee.f_image ,addemployee.f_del_flg ,addemployee.f_reg_account ,addemployee.f_reg_time ,addemployee.f_upd_account ,addemployee.f_upd_time FROM m_addemployee addemployee WHERE addemployee.f_del_flg = '0'
2024/12/18 22:19:42 >> info : execQuery TIME : 0.00018 second
2024/12/18 22:19:42 >> debug : Entering postcute ...
2024/12/18 22:19:42 >> debug : DB Connect Close ... OK
2024/12/18 22:19:45 >> info : * ------------------------------------------------------------ *
2024/12/18 22:19:45 >> info : * Simplan Framework - PHP Web Application Framework
2024/12/18 22:19:45 >> info : * 
2024/12/18 22:19:45 >> info : * Version : 1.1.0
2024/12/18 22:19:45 >> info : * Copyright(c) 2003-2024 THREET CO.,LTD. All Rights Reserved.
2024/12/18 22:19:45 >> info : * http://www.threet.co.jp
2024/12/18 22:19:45 >> info : * ------------------------------------------------------------ *
2024/12/18 22:19:45 >> debug : HTTP_REFERER > https://roz.threet.co.jp/~m-ela/simplan/index.php
2024/12/18 22:19:45 >> debug : SCRIPT_URI > 
2024/12/18 22:19:45 >> debug : REQUEST_URI > /~m-ela/simplan/index.php
2024/12/18 22:19:45 >> debug : HTTPS > on
2024/12/18 22:19:45 >> debug : HTTPS MODE > on
2024/12/18 22:19:45 >> debug : DEF_COMMAND > cmd
2024/12/18 22:19:45 >> debug : DEF_PROCESS > prc
2024/12/18 22:19:45 >> debug : POST DATA > [prc] : <index>
2024/12/18 22:19:45 >> debug : POST DATA > [cmd] : <detail>
2024/12/18 22:19:45 >> debug : POST DATA > [sid] : <>
2024/12/18 22:19:45 >> debug : POST DATA > [pno] : <>
2024/12/18 22:19:45 >> debug : POST DATA > [onetime_ticket] : <>
2024/12/18 22:19:45 >> debug : SESSION start ... OK
2024/12/18 22:19:45 >> info : Process set [index] ... OK
2024/12/18 22:19:45 >> info : Process Name [indexProcess] ... OK
2024/12/18 22:19:45 >> info : Include File [/home/m-ela/projects/simplan/public_app/mod/user/index/process/indexProcess.php]... OK
2024/12/18 22:19:45 >> info : Class Exists [indexProcess] ... OK
2024/12/18 22:19:45 >> debug : DB Connect ... OK
2024/12/18 22:19:45 >> debug : Entering precute ...
2024/12/18 22:19:45 >> debug : Temp dir is [/home/m-ela/projects/simplan/public_html/admin/img/img_temp/]
2024/12/18 22:19:45 >> debug : File dir is [/home/m-ela/projects/simplan/public_html/admin/img/profile_photo/]
2024/12/18 22:19:45 >> debug : Entering execute ...
2024/12/18 22:19:45 >> debug : indexProcess Entering executeDetail ...
2024/12/18 22:19:45 >> debug : Entering execDetail ...
2024/12/18 22:19:45 >> info : SimplanAbstractProcess::execCommand -> AbstractCommand::executeProcess > [ m_user/is_login.sql ]
2024/12/18 22:19:45 >> debug : WideDB_SimplanInterface::QueryExecute >>SELECT user.f_user_id ,user.f_name ,user.f_surname_kana ,user.f_mailaddress ,user.f_login_id ,user.f_password ,user.f_del_flg ,user.f_reg_account ,user.f_reg_time ,user.f_upd_account ,user.f_upd_time FROM m_user user WHERE user.f_user_id = '4'
2024/12/18 22:19:45 >> info : execQuery TIME : 0.00024 second
2024/12/18 22:19:45 >> info : Session connection is OK ...
2024/12/18 22:19:45 >> info : SimplanAbstractProcess::execCommand -> AbstractCommand::executeProcess > [ m_addemployee/select_one.sql ]
2024/12/18 22:19:45 >> debug : WideDB_SimplanInterface::QueryExecute >>SELECT addemployee.f_employee_id ,addemployee.f_emp_id ,addemployee.f_name ,addemployee.f_aadhar_number ,addemployee.f_pan_number ,addemployee.f_passport ,date_format(addemployee.f_issue_date, '%Y/%m/%d') as f_issue_date ,date_format(addemployee.f_expiry_date, '%Y/%m/%d') as f_expiry_date ,addemployee.f_gender ,date_format(addemployee.f_date_of_birth, '%Y/%m/%d') as f_date_of_birth ,addemployee.f_age ,addemployee.f_blood_group ,addemployee.f_status ,addemployee.f_address1 ,addemployee.f_address2 ,addemployee.f_city ,addemployee.f_state ,addemployee.f_pincode ,addemployee.f_country ,addemployee.f_mobile_number ,addemployee.f_office_telephone_number ,addemployee.f_office_email ,addemployee.f_personal_mail ,addemployee.f_relation_name ,addemployee.f_relationship ,addemployee.f_occupation ,addemployee.f_address ,addemployee.f_phone_number ,addemployee.f_emp_status ,addemployee.f_category ,addemployee.f_job_title ,addemployee.f_join_date ,addemployee.f_relive_date ,addemployee.f_location ,addemployee.f_experience ,addemployee.f_education_ug ,addemployee.f_degree_ug ,addemployee.f_university_ug ,addemployee.f_education_pg ,addemployee.f_degree_pg ,addemployee.f_university_pg ,addemployee.f_additional_skill ,addemployee.f_language ,addemployee.f_others ,addemployee.f_jlpt ,addemployee.f_bank_name ,addemployee.f_bank_branch ,addemployee.f_acc_no ,addemployee.f_ifsc_code ,addemployee.f_description ,addemployee.f_image ,addemployee.f_del_flg ,addemployee.f_reg_account ,addemployee.f_reg_time ,addemployee.f_upd_account ,addemployee.f_upd_time FROM m_addemployee addemployee WHERE addemployee.f_del_flg = '0'
2024/12/18 22:19:45 >> info : execQuery TIME : 0.00034 second
2024/12/18 22:19:45 >> debug : Entering postcute ...
2024/12/18 22:19:45 >> debug : DB Connect Close ... OK
2024/12/18 22:19:50 >> info : * ------------------------------------------------------------ *
2024/12/18 22:19:50 >> info : * Simplan Framework - PHP Web Application Framework
2024/12/18 22:19:50 >> info : * 
2024/12/18 22:19:50 >> info : * Version : 1.1.0
2024/12/18 22:19:50 >> info : * Copyright(c) 2003-2024 THREET CO.,LTD. All Rights Reserved.
2024/12/18 22:19:50 >> info : * http://www.threet.co.jp
2024/12/18 22:19:50 >> info : * ------------------------------------------------------------ *
2024/12/18 22:19:50 >> debug : HTTP_REFERER > https://roz.threet.co.jp/~m-ela/simplan/attendance.php
2024/12/18 22:19:50 >> debug : SCRIPT_URI > 
2024/12/18 22:19:50 >> debug : REQUEST_URI > /~m-ela/simplan/attendance.php
2024/12/18 22:19:50 >> debug : HTTPS > on
2024/12/18 22:19:50 >> debug : HTTPS MODE > on
2024/12/18 22:19:50 >> debug : DEF_COMMAND > cmd
2024/12/18 22:19:50 >> debug : DEF_PROCESS > prc
2024/12/18 22:19:50 >> debug : SESSION start ... OK
2024/12/18 22:19:50 >> info : Process set [index] ... OK
2024/12/18 22:19:50 >> info : Process Name [newProcess] ... OK
2024/12/18 22:19:50 >> info : Include File [/home/m-ela/projects/simplan/public_app/mod/user/attendance/process/newProcess.php]... OK
2024/12/18 22:19:50 >> info : Class Exists [newProcess] ... OK
2024/12/18 22:19:50 >> debug : DB Connect ... OK
2024/12/18 22:19:50 >> debug : Entering precute ...
2024/12/18 22:19:50 >> info : SimplanAbstractProcess::execCommand -> AbstractCommand::executeProcess > [ m_user/is_login.sql ]
2024/12/18 22:19:50 >> debug : WideDB_SimplanInterface::QueryExecute >>SELECT user.f_user_id ,user.f_name ,user.f_surname_kana ,user.f_mailaddress ,user.f_login_id ,user.f_password ,user.f_del_flg ,user.f_reg_account ,user.f_reg_time ,user.f_upd_account ,user.f_upd_time FROM m_user user WHERE user.f_user_id = '4'
2024/12/18 22:19:50 >> info : execQuery TIME : 0.00013 second
2024/12/18 22:19:50 >> info : Session connection is OK ...
2024/12/18 18:49:50 >> debug : Entering execute ...
2024/12/18 18:49:50 >> debug : newProcess Entering executeDefault ...
2024/12/18 18:49:50 >> info : SimplanAbstractProcess::execCommand -> AbstractCommand::executeProcess > [ t_user_attendance/select_user_count.sql ]
2024/12/18 18:49:50 >> debug : WideDB_SimplanInterface::QueryExecute >>SELECT count(attendance.f_emp_id) as count FROM t_user_attendance attendance WHERE attendance.f_del_flg = '0' AND attendance.f_emp_id = 'mela15' AND attendance.f_date = '2024-12-18'
2024/12/18 18:49:50 >> info : execQuery TIME : 0.00014 second
2024/12/18 18:49:50 >> debug : Entering postcute ...
2024/12/18 18:49:50 >> debug : DB Connect Close ... OK
2024/12/18 22:19:51 >> info : * ------------------------------------------------------------ *
2024/12/18 22:19:51 >> info : * Simplan Framework - PHP Web Application Framework
2024/12/18 22:19:51 >> info : * 
2024/12/18 22:19:51 >> info : * Version : 1.1.0
2024/12/18 22:19:51 >> info : * Copyright(c) 2003-2024 THREET CO.,LTD. All Rights Reserved.
2024/12/18 22:19:51 >> info : * http://www.threet.co.jp
2024/12/18 22:19:51 >> info : * ------------------------------------------------------------ *
2024/12/18 22:19:51 >> debug : HTTP_REFERER > https://roz.threet.co.jp/~m-ela/simplan/attendance.php
2024/12/18 22:19:51 >> debug : SCRIPT_URI > 
2024/12/18 22:19:51 >> debug : REQUEST_URI > /~m-ela/simplan/index.php
2024/12/18 22:19:51 >> debug : HTTPS > on
2024/12/18 22:19:51 >> debug : HTTPS MODE > on
2024/12/18 22:19:51 >> debug : DEF_COMMAND > cmd
2024/12/18 22:19:51 >> debug : DEF_PROCESS > prc
2024/12/18 22:19:51 >> debug : SESSION start ... OK
2024/12/18 22:19:51 >> info : Process set [index] ... OK
2024/12/18 22:19:51 >> info : Process Name [indexProcess] ... OK
2024/12/18 22:19:51 >> info : Include File [/home/m-ela/projects/simplan/public_app/mod/user/index/process/indexProcess.php]... OK
2024/12/18 22:19:51 >> info : Class Exists [indexProcess] ... OK
2024/12/18 22:19:51 >> debug : DB Connect ... OK
2024/12/18 22:19:51 >> debug : Entering precute ...
2024/12/18 22:19:51 >> debug : Temp dir is [/home/m-ela/projects/simplan/public_html/admin/img/img_temp/]
2024/12/18 22:19:51 >> debug : File dir is [/home/m-ela/projects/simplan/public_html/admin/img/profile_photo/]
2024/12/18 22:19:51 >> debug : Entering execute ...
2024/12/18 22:19:51 >> debug : indexProcess Entering executeDefault ...
2024/12/18 22:19:51 >> debug : Entering execDefualt ...
2024/12/18 22:19:51 >> info : SimplanAbstractProcess::execCommand -> AbstractCommand::executeProcess > [ m_user/is_login.sql ]
2024/12/18 22:19:51 >> debug : WideDB_SimplanInterface::QueryExecute >>SELECT user.f_user_id ,user.f_name ,user.f_surname_kana ,user.f_mailaddress ,user.f_login_id ,user.f_password ,user.f_del_flg ,user.f_reg_account ,user.f_reg_time ,user.f_upd_account ,user.f_upd_time FROM m_user user WHERE user.f_user_id = '4'
2024/12/18 22:19:51 >> info : execQuery TIME : 0.00029 second
2024/12/18 22:19:51 >> info : Session connection is OK ...
2024/12/18 22:19:51 >> info : SimplanAbstractProcess::execCommand -> AbstractCommand::executeProcess > [ m_addemployee/select_one.sql ]
2024/12/18 22:19:51 >> debug : WideDB_SimplanInterface::QueryExecute >>SELECT addemployee.f_employee_id ,addemployee.f_emp_id ,addemployee.f_name ,addemployee.f_aadhar_number ,addemployee.f_pan_number ,addemployee.f_passport ,date_format(addemployee.f_issue_date, '%Y/%m/%d') as f_issue_date ,date_format(addemployee.f_expiry_date, '%Y/%m/%d') as f_expiry_date ,addemployee.f_gender ,date_format(addemployee.f_date_of_birth, '%Y/%m/%d') as f_date_of_birth ,addemployee.f_age ,addemployee.f_blood_group ,addemployee.f_status ,addemployee.f_address1 ,addemployee.f_address2 ,addemployee.f_city ,addemployee.f_state ,addemployee.f_pincode ,addemployee.f_country ,addemployee.f_mobile_number ,addemployee.f_office_telephone_number ,addemployee.f_office_email ,addemployee.f_personal_mail ,addemployee.f_relation_name ,addemployee.f_relationship ,addemployee.f_occupation ,addemployee.f_address ,addemployee.f_phone_number ,addemployee.f_emp_status ,addemployee.f_category ,addemployee.f_job_title ,addemployee.f_join_date ,addemployee.f_relive_date ,addemployee.f_location ,addemployee.f_experience ,addemployee.f_education_ug ,addemployee.f_degree_ug ,addemployee.f_university_ug ,addemployee.f_education_pg ,addemployee.f_degree_pg ,addemployee.f_university_pg ,addemployee.f_additional_skill ,addemployee.f_language ,addemployee.f_others ,addemployee.f_jlpt ,addemployee.f_bank_name ,addemployee.f_bank_branch ,addemployee.f_acc_no ,addemployee.f_ifsc_code ,addemployee.f_description ,addemployee.f_image ,addemployee.f_del_flg ,addemployee.f_reg_account ,addemployee.f_reg_time ,addemployee.f_upd_account ,addemployee.f_upd_time FROM m_addemployee addemployee WHERE addemployee.f_del_flg = '0'
2024/12/18 22:19:51 >> info : execQuery TIME : 0.00035 second
2024/12/18 22:19:51 >> debug : Entering postcute ...
2024/12/18 22:19:51 >> debug : DB Connect Close ... OK
2024/12/18 22:19:58 >> info : * ------------------------------------------------------------ *
2024/12/18 22:19:58 >> info : * Simplan Framework - PHP Web Application Framework
2024/12/18 22:19:58 >> info : * 
2024/12/18 22:19:58 >> info : * Version : 1.1.0
2024/12/18 22:19:58 >> info : * Copyright(c) 2003-2024 THREET CO.,LTD. All Rights Reserved.
2024/12/18 22:19:58 >> info : * http://www.threet.co.jp
2024/12/18 22:19:58 >> info : * ------------------------------------------------------------ *
2024/12/18 22:19:58 >> debug : HTTP_REFERER > https://roz.threet.co.jp/~m-ela/simplan/index.php
2024/12/18 22:19:58 >> debug : SCRIPT_URI > 
2024/12/18 22:19:58 >> debug : REQUEST_URI > /~m-ela/simplan/attendance.php
2024/12/18 22:19:58 >> debug : HTTPS > on
2024/12/18 22:19:58 >> debug : HTTPS MODE > on
2024/12/18 22:19:58 >> debug : DEF_COMMAND > cmd
2024/12/18 22:19:58 >> debug : DEF_PROCESS > prc
2024/12/18 22:19:58 >> debug : SESSION start ... OK
2024/12/18 22:19:58 >> info : Process set [index] ... OK
2024/12/18 22:19:58 >> info : Process Name [newProcess] ... OK
2024/12/18 22:19:58 >> info : Include File [/home/m-ela/projects/simplan/public_app/mod/user/attendance/process/newProcess.php]... OK
2024/12/18 22:19:58 >> info : Class Exists [newProcess] ... OK
2024/12/18 22:19:58 >> debug : DB Connect ... OK
2024/12/18 22:19:58 >> debug : Entering precute ...
2024/12/18 22:19:58 >> info : SimplanAbstractProcess::execCommand -> AbstractCommand::executeProcess > [ m_user/is_login.sql ]
2024/12/18 22:19:58 >> debug : WideDB_SimplanInterface::QueryExecute >>SELECT user.f_user_id ,user.f_name ,user.f_surname_kana ,user.f_mailaddress ,user.f_login_id ,user.f_password ,user.f_del_flg ,user.f_reg_account ,user.f_reg_time ,user.f_upd_account ,user.f_upd_time FROM m_user user WHERE user.f_user_id = '4'
2024/12/18 22:19:58 >> info : execQuery TIME : 0.00013 second
2024/12/18 22:19:58 >> info : Session connection is OK ...
2024/12/18 18:49:58 >> debug : Entering execute ...
2024/12/18 18:49:58 >> debug : newProcess Entering executeDefault ...
2024/12/18 18:49:58 >> info : SimplanAbstractProcess::execCommand -> AbstractCommand::executeProcess > [ t_user_attendance/select_user_count.sql ]
2024/12/18 18:49:58 >> debug : WideDB_SimplanInterface::QueryExecute >>SELECT count(attendance.f_emp_id) as count FROM t_user_attendance attendance WHERE attendance.f_del_flg = '0' AND attendance.f_emp_id = 'mela15' AND attendance.f_date = '2024-12-18'
2024/12/18 18:49:58 >> info : execQuery TIME : 0.00010 second
2024/12/18 18:49:58 >> debug : Entering postcute ...
2024/12/18 18:49:58 >> debug : DB Connect Close ... OK
2024/12/18 22:19:59 >> info : * ------------------------------------------------------------ *
2024/12/18 22:19:59 >> info : * Simplan Framework - PHP Web Application Framework
2024/12/18 22:19:59 >> info : * 
2024/12/18 22:19:59 >> info : * Version : 1.1.0
2024/12/18 22:19:59 >> info : * Copyright(c) 2003-2024 THREET CO.,LTD. All Rights Reserved.
2024/12/18 22:19:59 >> info : * http://www.threet.co.jp
2024/12/18 22:19:59 >> info : * ------------------------------------------------------------ *
2024/12/18 22:19:59 >> debug : HTTP_REFERER > https://roz.threet.co.jp/~m-ela/simplan/index.php
2024/12/18 22:19:59 >> debug : SCRIPT_URI > 
2024/12/18 22:19:59 >> debug : REQUEST_URI > /~m-ela/simplan/index.php
2024/12/18 22:19:59 >> debug : HTTPS > on
2024/12/18 22:19:59 >> debug : HTTPS MODE > on
2024/12/18 22:19:59 >> debug : DEF_COMMAND > cmd
2024/12/18 22:19:59 >> debug : DEF_PROCESS > prc
2024/12/18 22:19:59 >> debug : POST DATA > [prc] : <index>
2024/12/18 22:19:59 >> debug : POST DATA > [cmd] : <detail>
2024/12/18 22:19:59 >> debug : POST DATA > [sid] : <>
2024/12/18 22:19:59 >> debug : POST DATA > [pno] : <>
2024/12/18 22:19:59 >> debug : POST DATA > [onetime_ticket] : <>
2024/12/18 22:19:59 >> debug : SESSION start ... OK
2024/12/18 22:19:59 >> info : Process set [index] ... OK
2024/12/18 22:19:59 >> info : Process Name [indexProcess] ... OK
2024/12/18 22:19:59 >> info : Include File [/home/m-ela/projects/simplan/public_app/mod/user/index/process/indexProcess.php]... OK
2024/12/18 22:19:59 >> info : Class Exists [indexProcess] ... OK
2024/12/18 22:19:59 >> debug : DB Connect ... OK
2024/12/18 22:19:59 >> debug : Entering precute ...
2024/12/18 22:19:59 >> debug : Temp dir is [/home/m-ela/projects/simplan/public_html/admin/img/img_temp/]
2024/12/18 22:19:59 >> debug : File dir is [/home/m-ela/projects/simplan/public_html/admin/img/profile_photo/]
2024/12/18 22:19:59 >> debug : Entering execute ...
2024/12/18 22:19:59 >> debug : indexProcess Entering executeDetail ...
2024/12/18 22:19:59 >> debug : Entering execDetail ...
2024/12/18 22:19:59 >> info : SimplanAbstractProcess::execCommand -> AbstractCommand::executeProcess > [ m_user/is_login.sql ]
2024/12/18 22:19:59 >> debug : WideDB_SimplanInterface::QueryExecute >>SELECT user.f_user_id ,user.f_name ,user.f_surname_kana ,user.f_mailaddress ,user.f_login_id ,user.f_password ,user.f_del_flg ,user.f_reg_account ,user.f_reg_time ,user.f_upd_account ,user.f_upd_time FROM m_user user WHERE user.f_user_id = '4'
2024/12/18 22:19:59 >> info : execQuery TIME : 0.00024 second
2024/12/18 22:19:59 >> info : Session connection is OK ...
2024/12/18 22:19:59 >> info : SimplanAbstractProcess::execCommand -> AbstractCommand::executeProcess > [ m_addemployee/select_one.sql ]
2024/12/18 22:19:59 >> debug : WideDB_SimplanInterface::QueryExecute >>SELECT addemployee.f_employee_id ,addemployee.f_emp_id ,addemployee.f_name ,addemployee.f_aadhar_number ,addemployee.f_pan_number ,addemployee.f_passport ,date_format(addemployee.f_issue_date, '%Y/%m/%d') as f_issue_date ,date_format(addemployee.f_expiry_date, '%Y/%m/%d') as f_expiry_date ,addemployee.f_gender ,date_format(addemployee.f_date_of_birth, '%Y/%m/%d') as f_date_of_birth ,addemployee.f_age ,addemployee.f_blood_group ,addemployee.f_status ,addemployee.f_address1 ,addemployee.f_address2 ,addemployee.f_city ,addemployee.f_state ,addemployee.f_pincode ,addemployee.f_country ,addemployee.f_mobile_number ,addemployee.f_office_telephone_number ,addemployee.f_office_email ,addemployee.f_personal_mail ,addemployee.f_relation_name ,addemployee.f_relationship ,addemployee.f_occupation ,addemployee.f_address ,addemployee.f_phone_number ,addemployee.f_emp_status ,addemployee.f_category ,addemployee.f_job_title ,addemployee.f_join_date ,addemployee.f_relive_date ,addemployee.f_location ,addemployee.f_experience ,addemployee.f_education_ug ,addemployee.f_degree_ug ,addemployee.f_university_ug ,addemployee.f_education_pg ,addemployee.f_degree_pg ,addemployee.f_university_pg ,addemployee.f_additional_skill ,addemployee.f_language ,addemployee.f_others ,addemployee.f_jlpt ,addemployee.f_bank_name ,addemployee.f_bank_branch ,addemployee.f_acc_no ,addemployee.f_ifsc_code ,addemployee.f_description ,addemployee.f_image ,addemployee.f_del_flg ,addemployee.f_reg_account ,addemployee.f_reg_time ,addemployee.f_upd_account ,addemployee.f_upd_time FROM m_addemployee addemployee WHERE addemployee.f_del_flg = '0'
2024/12/18 22:19:59 >> info : execQuery TIME : 0.00035 second
2024/12/18 22:19:59 >> debug : Entering postcute ...
2024/12/18 22:19:59 >> debug : DB Connect Close ... OK
2024/12/18 22:20:01 >> info : * ------------------------------------------------------------ *
2024/12/18 22:20:01 >> info : * Simplan Framework - PHP Web Application Framework
2024/12/18 22:20:01 >> info : * 
2024/12/18 22:20:01 >> info : * Version : 1.1.0
2024/12/18 22:20:01 >> info : * Copyright(c) 2003-2024 THREET CO.,LTD. All Rights Reserved.
2024/12/18 22:20:01 >> info : * http://www.threet.co.jp
2024/12/18 22:20:01 >> info : * ------------------------------------------------------------ *
2024/12/18 22:20:01 >> debug : HTTP_REFERER > https://roz.threet.co.jp/~m-ela/simplan/index.php
2024/12/18 22:20:01 >> debug : SCRIPT_URI > 
2024/12/18 22:20:01 >> debug : REQUEST_URI > /~m-ela/simplan/index.php
2024/12/18 22:20:01 >> debug : HTTPS > on
2024/12/18 22:20:01 >> debug : HTTPS MODE > on
2024/12/18 22:20:01 >> debug : DEF_COMMAND > cmd
2024/12/18 22:20:01 >> debug : DEF_PROCESS > prc
2024/12/18 22:20:01 >> debug : SESSION start ... OK
2024/12/18 22:20:01 >> info : Process set [index] ... OK
2024/12/18 22:20:01 >> info : Process Name [indexProcess] ... OK
2024/12/18 22:20:01 >> info : Include File [/home/m-ela/projects/simplan/public_app/mod/user/index/process/indexProcess.php]... OK
2024/12/18 22:20:01 >> info : Class Exists [indexProcess] ... OK
2024/12/18 22:20:01 >> debug : DB Connect ... OK
2024/12/18 22:20:01 >> debug : Entering precute ...
2024/12/18 22:20:01 >> debug : Temp dir is [/home/m-ela/projects/simplan/public_html/admin/img/img_temp/]
2024/12/18 22:20:01 >> debug : File dir is [/home/m-ela/projects/simplan/public_html/admin/img/profile_photo/]
2024/12/18 22:20:01 >> debug : Entering execute ...
2024/12/18 22:20:01 >> debug : indexProcess Entering executeDefault ...
2024/12/18 22:20:01 >> debug : Entering execDefualt ...
2024/12/18 22:20:01 >> info : SimplanAbstractProcess::execCommand -> AbstractCommand::executeProcess > [ m_user/is_login.sql ]
2024/12/18 22:20:01 >> debug : WideDB_SimplanInterface::QueryExecute >>SELECT user.f_user_id ,user.f_name ,user.f_surname_kana ,user.f_mailaddress ,user.f_login_id ,user.f_password ,user.f_del_flg ,user.f_reg_account ,user.f_reg_time ,user.f_upd_account ,user.f_upd_time FROM m_user user WHERE user.f_user_id = '4'
2024/12/18 22:20:01 >> info : execQuery TIME : 0.00013 second
2024/12/18 22:20:01 >> info : Session connection is OK ...
2024/12/18 22:20:01 >> info : SimplanAbstractProcess::execCommand -> AbstractCommand::executeProcess > [ m_addemployee/select_one.sql ]
2024/12/18 22:20:01 >> debug : WideDB_SimplanInterface::QueryExecute >>SELECT addemployee.f_employee_id ,addemployee.f_emp_id ,addemployee.f_name ,addemployee.f_aadhar_number ,addemployee.f_pan_number ,addemployee.f_passport ,date_format(addemployee.f_issue_date, '%Y/%m/%d') as f_issue_date ,date_format(addemployee.f_expiry_date, '%Y/%m/%d') as f_expiry_date ,addemployee.f_gender ,date_format(addemployee.f_date_of_birth, '%Y/%m/%d') as f_date_of_birth ,addemployee.f_age ,addemployee.f_blood_group ,addemployee.f_status ,addemployee.f_address1 ,addemployee.f_address2 ,addemployee.f_city ,addemployee.f_state ,addemployee.f_pincode ,addemployee.f_country ,addemployee.f_mobile_number ,addemployee.f_office_telephone_number ,addemployee.f_office_email ,addemployee.f_personal_mail ,addemployee.f_relation_name ,addemployee.f_relationship ,addemployee.f_occupation ,addemployee.f_address ,addemployee.f_phone_number ,addemployee.f_emp_status ,addemployee.f_category ,addemployee.f_job_title ,addemployee.f_join_date ,addemployee.f_relive_date ,addemployee.f_location ,addemployee.f_experience ,addemployee.f_education_ug ,addemployee.f_degree_ug ,addemployee.f_university_ug ,addemployee.f_education_pg ,addemployee.f_degree_pg ,addemployee.f_university_pg ,addemployee.f_additional_skill ,addemployee.f_language ,addemployee.f_others ,addemployee.f_jlpt ,addemployee.f_bank_name ,addemployee.f_bank_branch ,addemployee.f_acc_no ,addemployee.f_ifsc_code ,addemployee.f_description ,addemployee.f_image ,addemployee.f_del_flg ,addemployee.f_reg_account ,addemployee.f_reg_time ,addemployee.f_upd_account ,addemployee.f_upd_time FROM m_addemployee addemployee WHERE addemployee.f_del_flg = '0'
2024/12/18 22:20:01 >> info : execQuery TIME : 0.00018 second
2024/12/18 22:20:01 >> debug : Entering postcute ...
2024/12/18 22:20:01 >> debug : DB Connect Close ... OK
2024/12/18 22:20:14 >> info : * ------------------------------------------------------------ *
2024/12/18 22:20:14 >> info : * Simplan Framework - PHP Web Application Framework
2024/12/18 22:20:14 >> info : * 
2024/12/18 22:20:14 >> info : * Version : 1.1.0
2024/12/18 22:20:14 >> info : * Copyright(c) 2003-2024 THREET CO.,LTD. All Rights Reserved.
2024/12/18 22:20:14 >> info : * http://www.threet.co.jp
2024/12/18 22:20:14 >> info : * ------------------------------------------------------------ *
2024/12/18 22:20:14 >> debug : HTTP_REFERER > 
2024/12/18 22:20:14 >> debug : SCRIPT_URI > 
2024/12/18 22:20:14 >> debug : REQUEST_URI > /~m-ela/simplan/admin/
2024/12/18 22:20:14 >> debug : HTTPS > on
2024/12/18 22:20:14 >> debug : HTTPS MODE > on
2024/12/18 22:20:14 >> debug : DEF_COMMAND > cmd
2024/12/18 22:20:14 >> debug : DEF_PROCESS > prc
2024/12/18 22:20:14 >> debug : SESSION start ... OK
2024/12/18 22:20:14 >> info : Process set [index] ... OK
2024/12/18 22:20:14 >> info : Process Name [indexProcess] ... OK
2024/12/18 22:20:14 >> info : Include File [/home/m-ela/projects/simplan/public_app/mod/admin/index/process/indexProcess.php]... OK
2024/12/18 22:20:14 >> info : Class Exists [indexProcess] ... OK
2024/12/18 22:20:14 >> debug : DB Connect ... OK
2024/12/18 22:20:14 >> debug : Entering precute ...
2024/12/18 22:20:14 >> debug : Entering execute ...
2024/12/18 22:20:14 >> debug : indexProcess Entering executeDefault ...
2024/12/18 22:20:14 >> debug : Entering execDefualt ...
2024/12/18 22:20:14 >> info : SimplanAbstractProcess::execCommand -> AbstractCommand::executeProcess > [ m_admin/is_login.sql ]
2024/12/18 22:20:14 >> debug : WideDB_SimplanInterface::QueryExecute >>SELECT ma.f_admin_id ,ma.f_name ,ma.f_mailaddress ,ma.f_id ,ma.f_password ,ma.f_admin_kbn ,ma.f_auth ,ma.f_auth_value ,ma.f_del_flg ,ma.f_reg_account ,ma.f_reg_time ,ma.f_upd_account ,ma.f_upd_time FROM m_admin ma WHERE ma.f_admin_id = 1
2024/12/18 22:20:14 >> info : execQuery TIME : 0.00025 second
2024/12/18 22:20:14 >> info : Session connection is OK ...
2024/12/18 22:20:14 >> debug : Entering postcute ...
2024/12/18 22:20:14 >> debug : DB Connect Close ... OK
2024/12/18 22:20:17 >> info : * ------------------------------------------------------------ *
2024/12/18 22:20:17 >> info : * Simplan Framework - PHP Web Application Framework
2024/12/18 22:20:17 >> info : * 
2024/12/18 22:20:17 >> info : * Version : 1.1.0
2024/12/18 22:20:17 >> info : * Copyright(c) 2003-2024 THREET CO.,LTD. All Rights Reserved.
2024/12/18 22:20:17 >> info : * http://www.threet.co.jp
2024/12/18 22:20:17 >> info : * ------------------------------------------------------------ *
2024/12/18 22:20:17 >> debug : HTTP_REFERER > https://roz.threet.co.jp/~m-ela/simplan/admin/
2024/12/18 22:20:17 >> debug : SCRIPT_URI > 
2024/12/18 22:20:17 >> debug : REQUEST_URI > /~m-ela/simplan/admin/attendance.php
2024/12/18 22:20:17 >> debug : HTTPS > on
2024/12/18 22:20:17 >> debug : HTTPS MODE > on
2024/12/18 22:20:17 >> debug : DEF_COMMAND > cmd
2024/12/18 22:20:17 >> debug : DEF_PROCESS > prc
2024/12/18 22:20:17 >> debug : SESSION start ... OK
2024/12/18 22:20:17 >> info : Process set [index] ... OK
2024/12/18 22:20:17 >> info : Process Name [listProcess] ... OK
2024/12/18 22:20:17 >> info : Include File [/home/m-ela/projects/simplan/public_app/mod/admin/attendance/process/listProcess.php]... OK
2024/12/18 22:20:17 >> info : Class Exists [listProcess] ... OK
2024/12/18 22:20:17 >> debug : DB Connect ... OK
2024/12/18 22:20:17 >> debug : Entering precute ...
2024/12/18 22:20:17 >> info : SimplanAbstractProcess::execCommand -> AbstractCommand::executeProcess > [ m_admin/is_login.sql ]
2024/12/18 22:20:17 >> debug : WideDB_SimplanInterface::QueryExecute >>SELECT ma.f_admin_id ,ma.f_name ,ma.f_mailaddress ,ma.f_id ,ma.f_password ,ma.f_admin_kbn ,ma.f_auth ,ma.f_auth_value ,ma.f_del_flg ,ma.f_reg_account ,ma.f_reg_time ,ma.f_upd_account ,ma.f_upd_time FROM m_admin ma WHERE ma.f_admin_id = 1
2024/12/18 22:20:17 >> info : execQuery TIME : 0.00013 second
2024/12/18 22:20:17 >> info : Session connection is OK ...
2024/12/18 22:20:17 >> info : SimplanAbstractProcess::execCommand -> AbstractCommand::executeProcess > [ t_attendance/list.sql ]
2024/12/18 22:20:17 >> debug : WideDB_SimplanInterface::QueryExecute >>SELECT employe.f_employee_id as id ,employe.f_name as name FROM m_addemployee employe WHERE employe.f_del_flg = '0'
2024/12/18 22:20:17 >> info : execQuery TIME : 0.00014 second
2024/12/18 22:20:17 >> debug : Entering execute ...
2024/12/18 22:20:17 >> debug : listProcess Entering executeDefault ...
2024/12/18 22:20:17 >> info : SimplanAbstractProcess::execCommand -> AbstractCommand::executeProcess > [ t_user_attendance/select_list_count.sql ]
2024/12/18 22:20:17 >> debug : WideDB_SimplanInterface::QueryExecute >>SELECT count(attendance.f_date) as count FROM t_user_attendance attendance WHERE attendance.f_del_flg = '0'
2024/12/18 22:20:17 >> info : execQuery TIME : 0.00008 second
2024/12/18 22:20:17 >> info : SimplanAbstractProcess::execCommand -> AbstractCommand::executeProcess > [ t_user_attendance/select_list.sql ]
2024/12/18 22:20:17 >> debug : WideDB_SimplanInterface::QueryExecute >>SELECT attendance.f_attendance_id ,attendance.f_name ,attendance.f_leave_type ,attendance.f_leave_reason ,date_format(attendance.f_date, '%Y/%m/%d') as f_date FROM t_user_attendance attendance WHERE attendance.f_del_flg = '0' ORDER BY attendance.f_attendance_id DESC LIMIT 0, 15
2024/12/18 22:20:17 >> info : execQuery TIME : 0.00016 second
2024/12/18 22:20:17 >> debug : Entering postcute ...
2024/12/18 22:20:17 >> debug : DB Connect Close ... OK
2024/12/18 22:20:40 >> info : * ------------------------------------------------------------ *
2024/12/18 22:20:40 >> info : * Simplan Framework - PHP Web Application Framework
2024/12/18 22:20:40 >> info : * 
2024/12/18 22:20:40 >> info : * Version : 1.1.0
2024/12/18 22:20:40 >> info : * Copyright(c) 2003-2024 THREET CO.,LTD. All Rights Reserved.
2024/12/18 22:20:40 >> info : * http://www.threet.co.jp
2024/12/18 22:20:40 >> info : * ------------------------------------------------------------ *
2024/12/18 22:20:40 >> debug : HTTP_REFERER > https://roz.threet.co.jp/~m-ela/simplan/admin/attendance.php
2024/12/18 22:20:40 >> debug : SCRIPT_URI > 
2024/12/18 22:20:40 >> debug : REQUEST_URI > /~m-ela/simplan/admin/attendance.php
2024/12/18 22:20:40 >> debug : HTTPS > on
2024/12/18 22:20:40 >> debug : HTTPS MODE > on
2024/12/18 22:20:40 >> debug : DEF_COMMAND > cmd
2024/12/18 22:20:40 >> debug : DEF_PROCESS > prc
2024/12/18 22:20:40 >> debug : SESSION start ... OK
2024/12/18 22:20:40 >> info : Process set [index] ... OK
2024/12/18 22:20:40 >> info : Process Name [listProcess] ... OK
2024/12/18 22:20:40 >> info : Include File [/home/m-ela/projects/simplan/public_app/mod/admin/attendance/process/listProcess.php]... OK
2024/12/18 22:20:40 >> info : Class Exists [listProcess] ... OK
2024/12/18 22:20:40 >> debug : DB Connect ... OK
2024/12/18 22:20:40 >> debug : Entering precute ...
2024/12/18 22:20:40 >> info : SimplanAbstractProcess::execCommand -> AbstractCommand::executeProcess > [ m_admin/is_login.sql ]
2024/12/18 22:20:40 >> debug : WideDB_SimplanInterface::QueryExecute >>SELECT ma.f_admin_id ,ma.f_name ,ma.f_mailaddress ,ma.f_id ,ma.f_password ,ma.f_admin_kbn ,ma.f_auth ,ma.f_auth_value ,ma.f_del_flg ,ma.f_reg_account ,ma.f_reg_time ,ma.f_upd_account ,ma.f_upd_time FROM m_admin ma WHERE ma.f_admin_id = 1
2024/12/18 22:20:40 >> info : execQuery TIME : 0.00030 second
2024/12/18 22:20:40 >> info : Session connection is OK ...
2024/12/18 22:20:40 >> info : SimplanAbstractProcess::execCommand -> AbstractCommand::executeProcess > [ t_attendance/list.sql ]
2024/12/18 22:20:40 >> debug : WideDB_SimplanInterface::QueryExecute >>SELECT employe.f_employee_id as id ,employe.f_name as name FROM m_addemployee employe WHERE employe.f_del_flg = '0'
2024/12/18 22:20:40 >> info : execQuery TIME : 0.00029 second
2024/12/18 22:20:40 >> debug : Entering execute ...
2024/12/18 22:20:40 >> debug : listProcess Entering executeDefault ...
2024/12/18 22:20:40 >> info : SimplanAbstractProcess::execCommand -> AbstractCommand::executeProcess > [ t_user_attendance/select_list_count.sql ]
2024/12/18 22:20:40 >> debug : WideDB_SimplanInterface::QueryExecute >>SELECT count(attendance.f_date) as count FROM t_user_attendance attendance WHERE attendance.f_del_flg = '0'
2024/12/18 22:20:40 >> info : execQuery TIME : 0.00017 second
2024/12/18 22:20:40 >> info : SimplanAbstractProcess::execCommand -> AbstractCommand::executeProcess > [ t_user_attendance/select_list.sql ]
2024/12/18 22:20:40 >> debug : WideDB_SimplanInterface::QueryExecute >>SELECT attendance.f_attendance_id ,attendance.f_name ,attendance.f_leave_type ,attendance.f_leave_reason ,date_format(attendance.f_date, '%Y/%m/%d') as f_date FROM t_user_attendance attendance WHERE attendance.f_del_flg = '0' ORDER BY attendance.f_attendance_id DESC LIMIT 0, 15
2024/12/18 22:20:40 >> info : execQuery TIME : 0.00021 second
2024/12/18 22:20:40 >> debug : Entering postcute ...
2024/12/18 22:20:40 >> debug : DB Connect Close ... OK
2024/12/18 22:21:13 >> info : * ------------------------------------------------------------ *
2024/12/18 22:21:13 >> info : * Simplan Framework - PHP Web Application Framework
2024/12/18 22:21:13 >> info : * 
2024/12/18 22:21:13 >> info : * Version : 1.1.0
2024/12/18 22:21:13 >> info : * Copyright(c) 2003-2024 THREET CO.,LTD. All Rights Reserved.
2024/12/18 22:21:13 >> info : * http://www.threet.co.jp
2024/12/18 22:21:13 >> info : * ------------------------------------------------------------ *
2024/12/18 22:21:13 >> debug : HTTP_REFERER > https://roz.threet.co.jp/~m-ela/simplan/admin/attendance.php
2024/12/18 22:21:13 >> debug : SCRIPT_URI > 
2024/12/18 22:21:13 >> debug : REQUEST_URI > /~m-ela/simplan/admin/attendance.php
2024/12/18 22:21:13 >> debug : HTTPS > on
2024/12/18 22:21:13 >> debug : HTTPS MODE > on
2024/12/18 22:21:13 >> debug : DEF_COMMAND > cmd
2024/12/18 22:21:13 >> debug : DEF_PROCESS > prc
2024/12/18 22:21:13 >> debug : POST DATA > [prc] : <list>
2024/12/18 22:21:13 >> debug : POST DATA > [cmd] : <search>
2024/12/18 22:21:13 >> debug : POST DATA > [sid] : <>
2024/12/18 22:21:13 >> debug : POST DATA > [pno] : <>
2024/12/18 22:21:13 >> debug : POST DATA > [f_name] : <Prathap M>
2024/12/18 22:21:13 >> debug : POST DATA > [f_start_date] : <>
2024/12/18 22:21:13 >> debug : POST DATA > [f_end_date] : <>
2024/12/18 22:21:13 >> debug : POST DATA > [f_status] : <>
2024/12/18 22:21:13 >> debug : POST DATA > [onetime_ticket] : <>
2024/12/18 22:21:13 >> debug : SESSION start ... OK
2024/12/18 22:21:13 >> info : Process set [list] ... OK
2024/12/18 22:21:13 >> info : Process Name [listProcess] ... OK
2024/12/18 22:21:13 >> info : Include File [/home/m-ela/projects/simplan/public_app/mod/admin/attendance/process/listProcess.php]... OK
2024/12/18 22:21:13 >> info : Class Exists [listProcess] ... OK
2024/12/18 22:21:13 >> debug : DB Connect ... OK
2024/12/18 22:21:13 >> debug : Entering precute ...
2024/12/18 22:21:13 >> info : SimplanAbstractProcess::execCommand -> AbstractCommand::executeProcess > [ m_admin/is_login.sql ]
2024/12/18 22:21:13 >> debug : WideDB_SimplanInterface::QueryExecute >>SELECT ma.f_admin_id ,ma.f_name ,ma.f_mailaddress ,ma.f_id ,ma.f_password ,ma.f_admin_kbn ,ma.f_auth ,ma.f_auth_value ,ma.f_del_flg ,ma.f_reg_account ,ma.f_reg_time ,ma.f_upd_account ,ma.f_upd_time FROM m_admin ma WHERE ma.f_admin_id = 1
2024/12/18 22:21:13 >> info : execQuery TIME : 0.00014 second
2024/12/18 22:21:13 >> info : Session connection is OK ...
2024/12/18 22:21:13 >> info : SimplanAbstractProcess::execCommand -> AbstractCommand::executeProcess > [ t_attendance/list.sql ]
2024/12/18 22:21:13 >> debug : WideDB_SimplanInterface::QueryExecute >>SELECT employe.f_employee_id as id ,employe.f_name as name FROM m_addemployee employe WHERE employe.f_del_flg = '0'
2024/12/18 22:21:13 >> info : execQuery TIME : 0.00015 second
2024/12/18 22:21:13 >> debug : Entering execute ...
2024/12/18 22:21:13 >> debug : listProcess Entering executeSearch ...
2024/12/18 22:21:13 >> info : SimplanAbstractProcess::execCommand -> AbstractCommand::executeProcess > [ t_user_attendance/select_list_count.sql ]
2024/12/18 22:21:13 >> debug : WideDB_SimplanInterface::QueryExecute >>SELECT count(attendance.f_date) as count FROM t_user_attendance attendance WHERE attendance.f_del_flg = '0' AND attendance.f_name collate utf8_unicode_ci LIKE '%Prathap M%'
2024/12/18 22:21:13 >> info : execQuery TIME : 0.03255 second
2024/12/18 22:21:13 >> info : SimplanAbstractProcess::execCommand -> AbstractCommand::executeProcess > [ t_user_attendance/select_list.sql ]
2024/12/18 22:21:13 >> debug : WideDB_SimplanInterface::QueryExecute >>SELECT attendance.f_attendance_id ,attendance.f_name ,attendance.f_leave_type ,attendance.f_leave_reason ,date_format(attendance.f_date, '%Y/%m/%d') as f_date FROM t_user_attendance attendance WHERE attendance.f_del_flg = '0' AND attendance.f_name collate utf8_unicode_ci LIKE '%Prathap M%' ORDER BY attendance.f_attendance_id DESC LIMIT 0, 15
2024/12/18 22:21:13 >> info : execQuery TIME : 0.00066 second
2024/12/18 22:21:13 >> debug : Entering postcute ...
2024/12/18 22:21:13 >> debug : DB Connect Close ... OK
2024/12/18 22:21:43 >> info : * ------------------------------------------------------------ *
2024/12/18 22:21:43 >> info : * Simplan Framework - PHP Web Application Framework
2024/12/18 22:21:43 >> info : * 
2024/12/18 22:21:43 >> info : * Version : 1.1.0
2024/12/18 22:21:43 >> info : * Copyright(c) 2003-2024 THREET CO.,LTD. All Rights Reserved.
2024/12/18 22:21:43 >> info : * http://www.threet.co.jp
2024/12/18 22:21:43 >> info : * ------------------------------------------------------------ *
2024/12/18 22:21:43 >> debug : HTTP_REFERER > https://roz.threet.co.jp/~m-ela/simplan/admin/attendance.php
2024/12/18 22:21:43 >> debug : SCRIPT_URI > 
2024/12/18 22:21:43 >> debug : REQUEST_URI > /~m-ela/simplan/admin/attendance.php
2024/12/18 22:21:43 >> debug : HTTPS > on
2024/12/18 22:21:43 >> debug : HTTPS MODE > on
2024/12/18 22:21:43 >> debug : DEF_COMMAND > cmd
2024/12/18 22:21:43 >> debug : DEF_PROCESS > prc
2024/12/18 22:21:43 >> debug : POST DATA > [prc] : <list>
2024/12/18 22:21:43 >> debug : POST DATA > [cmd] : <search>
2024/12/18 22:21:43 >> debug : POST DATA > [sid] : <>
2024/12/18 22:21:43 >> debug : POST DATA > [pno] : <>
2024/12/18 22:21:43 >> debug : POST DATA > [f_name] : <Prathap M>
2024/12/18 22:21:43 >> debug : POST DATA > [f_start_date] : <>
2024/12/18 22:21:43 >> debug : POST DATA > [f_end_date] : <>
2024/12/18 22:21:43 >> debug : POST DATA > [f_status] : <2>
2024/12/18 22:21:43 >> debug : POST DATA > [onetime_ticket] : <>
2024/12/18 22:21:43 >> debug : SESSION start ... OK
2024/12/18 22:21:43 >> info : Process set [list] ... OK
2024/12/18 22:21:43 >> info : Process Name [listProcess] ... OK
2024/12/18 22:21:43 >> info : Include File [/home/m-ela/projects/simplan/public_app/mod/admin/attendance/process/listProcess.php]... OK
2024/12/18 22:21:43 >> info : Class Exists [listProcess] ... OK
2024/12/18 22:21:43 >> debug : DB Connect ... OK
2024/12/18 22:21:43 >> debug : Entering precute ...
2024/12/18 22:21:43 >> info : SimplanAbstractProcess::execCommand -> AbstractCommand::executeProcess > [ m_admin/is_login.sql ]
2024/12/18 22:21:43 >> debug : WideDB_SimplanInterface::QueryExecute >>SELECT ma.f_admin_id ,ma.f_name ,ma.f_mailaddress ,ma.f_id ,ma.f_password ,ma.f_admin_kbn ,ma.f_auth ,ma.f_auth_value ,ma.f_del_flg ,ma.f_reg_account ,ma.f_reg_time ,ma.f_upd_account ,ma.f_upd_time FROM m_admin ma WHERE ma.f_admin_id = 1
2024/12/18 22:21:43 >> info : execQuery TIME : 0.00025 second
2024/12/18 22:21:43 >> info : Session connection is OK ...
2024/12/18 22:21:43 >> info : SimplanAbstractProcess::execCommand -> AbstractCommand::executeProcess > [ t_attendance/list.sql ]
2024/12/18 22:21:43 >> debug : WideDB_SimplanInterface::QueryExecute >>SELECT employe.f_employee_id as id ,employe.f_name as name FROM m_addemployee employe WHERE employe.f_del_flg = '0'
2024/12/18 22:21:43 >> info : execQuery TIME : 0.00034 second
2024/12/18 22:21:43 >> debug : Entering execute ...
2024/12/18 22:21:43 >> debug : listProcess Entering executeSearch ...
2024/12/18 22:21:43 >> info : SimplanAbstractProcess::execCommand -> AbstractCommand::executeProcess > [ t_user_attendance/select_list_count.sql ]
2024/12/18 22:21:43 >> debug : WideDB_SimplanInterface::QueryExecute >>SELECT count(attendance.f_date) as count FROM t_user_attendance attendance WHERE attendance.f_del_flg = '0' AND attendance.f_name collate utf8_unicode_ci LIKE '%Prathap M%' AND attendance.f_status = "2"
2024/12/18 22:21:43 >> info : execQuery TIME : 0.00058 second
2024/12/18 22:21:43 >> info : SimplanAbstractProcess::execCommand -> AbstractCommand::executeProcess > [ t_user_attendance/select_list.sql ]
2024/12/18 22:21:43 >> debug : WideDB_SimplanInterface::QueryExecute >>SELECT attendance.f_attendance_id ,attendance.f_name ,attendance.f_leave_type ,attendance.f_leave_reason ,date_format(attendance.f_date, '%Y/%m/%d') as f_date FROM t_user_attendance attendance WHERE attendance.f_del_flg = '0' AND attendance.f_name collate utf8_unicode_ci LIKE '%Prathap M%' AND attendance.f_status = "2" ORDER BY attendance.f_attendance_id DESC LIMIT 0, 15
2024/12/18 22:21:43 >> info : execQuery TIME : 0.00072 second
2024/12/18 22:21:43 >> debug : Entering postcute ...
2024/12/18 22:21:43 >> debug : DB Connect Close ... OK
2024/12/18 22:21:54 >> info : * ------------------------------------------------------------ *
2024/12/18 22:21:54 >> info : * Simplan Framework - PHP Web Application Framework
2024/12/18 22:21:54 >> info : * 
2024/12/18 22:21:54 >> info : * Version : 1.1.0
2024/12/18 22:21:54 >> info : * Copyright(c) 2003-2024 THREET CO.,LTD. All Rights Reserved.
2024/12/18 22:21:54 >> info : * http://www.threet.co.jp
2024/12/18 22:21:54 >> info : * ------------------------------------------------------------ *
2024/12/18 22:21:54 >> debug : HTTP_REFERER > https://roz.threet.co.jp/~m-ela/simplan/admin/attendance.php
2024/12/18 22:21:54 >> debug : SCRIPT_URI > 
2024/12/18 22:21:54 >> debug : REQUEST_URI > /~m-ela/simplan/admin/attendance.php
2024/12/18 22:21:54 >> debug : HTTPS > on
2024/12/18 22:21:54 >> debug : HTTPS MODE > on
2024/12/18 22:21:54 >> debug : DEF_COMMAND > cmd
2024/12/18 22:21:54 >> debug : DEF_PROCESS > prc
2024/12/18 22:21:54 >> debug : POST DATA > [prc] : <list>
2024/12/18 22:21:54 >> debug : POST DATA > [cmd] : <search>
2024/12/18 22:21:54 >> debug : POST DATA > [sid] : <>
2024/12/18 22:21:54 >> debug : POST DATA > [pno] : <>
2024/12/18 22:21:54 >> debug : POST DATA > [f_name] : <Prathap M>
2024/12/18 22:21:54 >> debug : POST DATA > [f_start_date] : <>
2024/12/18 22:21:54 >> debug : POST DATA > [f_end_date] : <>
2024/12/18 22:21:54 >> debug : POST DATA > [f_status] : <1>
2024/12/18 22:21:54 >> debug : POST DATA > [onetime_ticket] : <>
2024/12/18 22:21:54 >> debug : SESSION start ... OK
2024/12/18 22:21:54 >> info : Process set [list] ... OK
2024/12/18 22:21:54 >> info : Process Name [listProcess] ... OK
2024/12/18 22:21:54 >> info : Include File [/home/m-ela/projects/simplan/public_app/mod/admin/attendance/process/listProcess.php]... OK
2024/12/18 22:21:54 >> info : Class Exists [listProcess] ... OK
2024/12/18 22:21:54 >> debug : DB Connect ... OK
2024/12/18 22:21:54 >> debug : Entering precute ...
2024/12/18 22:21:54 >> info : SimplanAbstractProcess::execCommand -> AbstractCommand::executeProcess > [ m_admin/is_login.sql ]
2024/12/18 22:21:54 >> debug : WideDB_SimplanInterface::QueryExecute >>SELECT ma.f_admin_id ,ma.f_name ,ma.f_mailaddress ,ma.f_id ,ma.f_password ,ma.f_admin_kbn ,ma.f_auth ,ma.f_auth_value ,ma.f_del_flg ,ma.f_reg_account ,ma.f_reg_time ,ma.f_upd_account ,ma.f_upd_time FROM m_admin ma WHERE ma.f_admin_id = 1
2024/12/18 22:21:54 >> info : execQuery TIME : 0.00013 second
2024/12/18 22:21:54 >> info : Session connection is OK ...
2024/12/18 22:21:54 >> info : SimplanAbstractProcess::execCommand -> AbstractCommand::executeProcess > [ t_attendance/list.sql ]
2024/12/18 22:21:54 >> debug : WideDB_SimplanInterface::QueryExecute >>SELECT employe.f_employee_id as id ,employe.f_name as name FROM m_addemployee employe WHERE employe.f_del_flg = '0'
2024/12/18 22:21:54 >> info : execQuery TIME : 0.00015 second
2024/12/18 22:21:54 >> debug : Entering execute ...
2024/12/18 22:21:54 >> debug : listProcess Entering executeSearch ...
2024/12/18 22:21:54 >> info : SimplanAbstractProcess::execCommand -> AbstractCommand::executeProcess > [ t_user_attendance/select_list_count.sql ]
2024/12/18 22:21:54 >> debug : WideDB_SimplanInterface::QueryExecute >>SELECT count(attendance.f_date) as count FROM t_user_attendance attendance WHERE attendance.f_del_flg = '0' AND attendance.f_name collate utf8_unicode_ci LIKE '%Prathap M%' AND attendance.f_status = "1"
2024/12/18 22:21:54 >> info : execQuery TIME : 0.00033 second
2024/12/18 22:21:54 >> info : SimplanAbstractProcess::execCommand -> AbstractCommand::executeProcess > [ t_user_attendance/select_list.sql ]
2024/12/18 22:21:54 >> debug : WideDB_SimplanInterface::QueryExecute >>SELECT attendance.f_attendance_id ,attendance.f_name ,attendance.f_leave_type ,attendance.f_leave_reason ,date_format(attendance.f_date, '%Y/%m/%d') as f_date FROM t_user_attendance attendance WHERE attendance.f_del_flg = '0' AND attendance.f_name collate utf8_unicode_ci LIKE '%Prathap M%' AND attendance.f_status = "1" ORDER BY attendance.f_attendance_id DESC LIMIT 0, 15
2024/12/18 22:21:54 >> info : execQuery TIME : 0.00033 second
2024/12/18 22:21:54 >> debug : Entering postcute ...
2024/12/18 22:21:54 >> debug : DB Connect Close ... OK
2024/12/18 22:22:04 >> info : * ------------------------------------------------------------ *
2024/12/18 22:22:04 >> info : * Simplan Framework - PHP Web Application Framework
2024/12/18 22:22:04 >> info : * 
2024/12/18 22:22:04 >> info : * Version : 1.1.0
2024/12/18 22:22:04 >> info : * Copyright(c) 2003-2024 THREET CO.,LTD. All Rights Reserved.
2024/12/18 22:22:04 >> info : * http://www.threet.co.jp
2024/12/18 22:22:04 >> info : * ------------------------------------------------------------ *
2024/12/18 22:22:04 >> debug : HTTP_REFERER > https://roz.threet.co.jp/~m-ela/simplan/admin/attendance.php
2024/12/18 22:22:04 >> debug : SCRIPT_URI > 
2024/12/18 22:22:04 >> debug : REQUEST_URI > /~m-ela/simplan/admin/attendance.php
2024/12/18 22:22:04 >> debug : HTTPS > on
2024/12/18 22:22:04 >> debug : HTTPS MODE > on
2024/12/18 22:22:04 >> debug : DEF_COMMAND > cmd
2024/12/18 22:22:04 >> debug : DEF_PROCESS > prc
2024/12/18 22:22:04 >> debug : POST DATA > [prc] : <list>
2024/12/18 22:22:04 >> debug : POST DATA > [cmd] : <search>
2024/12/18 22:22:04 >> debug : POST DATA > [sid] : <>
2024/12/18 22:22:04 >> debug : POST DATA > [pno] : <>
2024/12/18 22:22:04 >> debug : POST DATA > [f_name] : <Prathap M>
2024/12/18 22:22:04 >> debug : POST DATA > [f_start_date] : <>
2024/12/18 22:22:04 >> debug : POST DATA > [f_end_date] : <>
2024/12/18 22:22:04 >> debug : POST DATA > [f_status] : <>
2024/12/18 22:22:04 >> debug : POST DATA > [onetime_ticket] : <>
2024/12/18 22:22:04 >> debug : SESSION start ... OK
2024/12/18 22:22:04 >> info : Process set [list] ... OK
2024/12/18 22:22:04 >> info : Process Name [listProcess] ... OK
2024/12/18 22:22:04 >> info : Include File [/home/m-ela/projects/simplan/public_app/mod/admin/attendance/process/listProcess.php]... OK
2024/12/18 22:22:04 >> info : Class Exists [listProcess] ... OK
2024/12/18 22:22:04 >> debug : DB Connect ... OK
2024/12/18 22:22:04 >> debug : Entering precute ...
2024/12/18 22:22:04 >> info : SimplanAbstractProcess::execCommand -> AbstractCommand::executeProcess > [ m_admin/is_login.sql ]
2024/12/18 22:22:04 >> debug : WideDB_SimplanInterface::QueryExecute >>SELECT ma.f_admin_id ,ma.f_name ,ma.f_mailaddress ,ma.f_id ,ma.f_password ,ma.f_admin_kbn ,ma.f_auth ,ma.f_auth_value ,ma.f_del_flg ,ma.f_reg_account ,ma.f_reg_time ,ma.f_upd_account ,ma.f_upd_time FROM m_admin ma WHERE ma.f_admin_id = 1
2024/12/18 22:22:04 >> info : execQuery TIME : 0.00024 second
2024/12/18 22:22:04 >> info : Session connection is OK ...
2024/12/18 22:22:04 >> info : SimplanAbstractProcess::execCommand -> AbstractCommand::executeProcess > [ t_attendance/list.sql ]
2024/12/18 22:22:04 >> debug : WideDB_SimplanInterface::QueryExecute >>SELECT employe.f_employee_id as id ,employe.f_name as name FROM m_addemployee employe WHERE employe.f_del_flg = '0'
2024/12/18 22:22:04 >> info : execQuery TIME : 0.00029 second
2024/12/18 22:22:04 >> debug : Entering execute ...
2024/12/18 22:22:04 >> debug : listProcess Entering executeSearch ...
2024/12/18 22:22:04 >> info : SimplanAbstractProcess::execCommand -> AbstractCommand::executeProcess > [ t_user_attendance/select_list_count.sql ]
2024/12/18 22:22:04 >> debug : WideDB_SimplanInterface::QueryExecute >>SELECT count(attendance.f_date) as count FROM t_user_attendance attendance WHERE attendance.f_del_flg = '0' AND attendance.f_name collate utf8_unicode_ci LIKE '%Prathap M%'
2024/12/18 22:22:04 >> info : execQuery TIME : 0.00017 second
2024/12/18 22:22:04 >> info : SimplanAbstractProcess::execCommand -> AbstractCommand::executeProcess > [ t_user_attendance/select_list.sql ]
2024/12/18 22:22:04 >> debug : WideDB_SimplanInterface::QueryExecute >>SELECT attendance.f_attendance_id ,attendance.f_name ,attendance.f_leave_type ,attendance.f_leave_reason ,date_format(attendance.f_date, '%Y/%m/%d') as f_date FROM t_user_attendance attendance WHERE attendance.f_del_flg = '0' AND attendance.f_name collate utf8_unicode_ci LIKE '%Prathap M%' ORDER BY attendance.f_attendance_id DESC LIMIT 0, 15
2024/12/18 22:22:04 >> info : execQuery TIME : 0.00031 second
2024/12/18 22:22:04 >> debug : Entering postcute ...
2024/12/18 22:22:04 >> debug : DB Connect Close ... OK
2024/12/18 22:22:19 >> info : * ------------------------------------------------------------ *
2024/12/18 22:22:19 >> info : * Simplan Framework - PHP Web Application Framework
2024/12/18 22:22:19 >> info : * 
2024/12/18 22:22:19 >> info : * Version : 1.1.0
2024/12/18 22:22:19 >> info : * Copyright(c) 2003-2024 THREET CO.,LTD. All Rights Reserved.
2024/12/18 22:22:19 >> info : * http://www.threet.co.jp
2024/12/18 22:22:19 >> info : * ------------------------------------------------------------ *
2024/12/18 22:22:19 >> debug : HTTP_REFERER > https://roz.threet.co.jp/~m-ela/simplan/admin/attendance.php
2024/12/18 22:22:19 >> debug : SCRIPT_URI > 
2024/12/18 22:22:19 >> debug : REQUEST_URI > /~m-ela/simplan/admin/addemployee.php
2024/12/18 22:22:19 >> debug : HTTPS > on
2024/12/18 22:22:19 >> debug : HTTPS MODE > on
2024/12/18 22:22:19 >> debug : DEF_COMMAND > cmd
2024/12/18 22:22:19 >> debug : DEF_PROCESS > prc
2024/12/18 22:22:19 >> debug : SESSION start ... OK
2024/12/18 22:22:19 >> info : Process set [index] ... OK
2024/12/18 22:22:19 >> info : Process Name [listProcess] ... OK
2024/12/18 22:22:19 >> info : Include File [/home/m-ela/projects/simplan/public_app/mod/admin/addemployee/process/listProcess.php]... OK
2024/12/18 22:22:19 >> info : Class Exists [listProcess] ... OK
2024/12/18 22:22:19 >> debug : DB Connect ... OK
2024/12/18 22:22:19 >> debug : Entering precute ...
2024/12/18 22:22:19 >> info : SimplanAbstractProcess::execCommand -> AbstractCommand::executeProcess > [ m_admin/is_login.sql ]
2024/12/18 22:22:19 >> debug : WideDB_SimplanInterface::QueryExecute >>SELECT ma.f_admin_id ,ma.f_name ,ma.f_mailaddress ,ma.f_id ,ma.f_password ,ma.f_admin_kbn ,ma.f_auth ,ma.f_auth_value ,ma.f_del_flg ,ma.f_reg_account ,ma.f_reg_time ,ma.f_upd_account ,ma.f_upd_time FROM m_admin ma WHERE ma.f_admin_id = 1
2024/12/18 22:22:19 >> info : execQuery TIME : 0.00014 second
2024/12/18 22:22:19 >> info : Session connection is OK ...
2024/12/18 22:22:19 >> debug : Entering execute ...
2024/12/18 22:22:19 >> debug : listProcess Entering executeDefault ...
2024/12/18 22:22:19 >> info : SimplanAbstractProcess::execCommand -> AbstractCommand::executeProcess > [ m_addemployee/select_list_count.sql ]
2024/12/18 22:22:19 >> debug : WideDB_SimplanInterface::QueryExecute >>SELECT count(addemployee.f_employee_id) as count FROM m_addemployee addemployee WHERE addemployee.f_del_flg = '0'
2024/12/18 22:22:19 >> info : execQuery TIME : 0.00010 second
2024/12/18 22:22:19 >> info : SimplanAbstractProcess::execCommand -> AbstractCommand::executeProcess > [ m_addemployee/select_list.sql ]
2024/12/18 22:22:19 >> debug : WideDB_SimplanInterface::QueryExecute >>SELECT addemployee.f_employee_id ,addemployee.f_emp_id ,addemployee.f_name ,addemployee.f_aadhar_number ,addemployee.f_pan_number ,addemployee.f_passport ,date_format(addemployee.f_issue_date, '%Y/%m/%d') as f_issue_date ,date_format(addemployee.f_expiry_date, '%Y/%m/%d') as f_expiry_date ,date_format(addemployee.f_date_of_birth, '%Y/%m/%d') as f_date_of_birth ,addemployee.f_mobile_number ,addemployee.f_image ,addemployee.f_emp_status ,addemployee.f_passport_alert FROM m_addemployee addemployee WHERE addemployee.f_del_flg = '0' ORDER BY addemployee.f_emp_status, addemployee.f_emp_id ASC LIMIT 0, 10
2024/12/18 22:22:19 >> info : execQuery TIME : 0.00025 second
2024/12/18 22:22:19 >> debug : Entering postcute ...
2024/12/18 22:22:19 >> debug : DB Connect Close ... OK
2024/12/18 22:22:24 >> info : * ------------------------------------------------------------ *
2024/12/18 22:22:24 >> info : * Simplan Framework - PHP Web Application Framework
2024/12/18 22:22:24 >> info : * 
2024/12/18 22:22:24 >> info : * Version : 1.1.0
2024/12/18 22:22:24 >> info : * Copyright(c) 2003-2024 THREET CO.,LTD. All Rights Reserved.
2024/12/18 22:22:24 >> info : * http://www.threet.co.jp
2024/12/18 22:22:24 >> info : * ------------------------------------------------------------ *
2024/12/18 22:22:24 >> debug : HTTP_REFERER > https://roz.threet.co.jp/~m-ela/simplan/admin/addemployee.php
2024/12/18 22:22:24 >> debug : SCRIPT_URI > 
2024/12/18 22:22:24 >> debug : REQUEST_URI > /~m-ela/simplan/admin/salary.php
2024/12/18 22:22:24 >> debug : HTTPS > on
2024/12/18 22:22:24 >> debug : HTTPS MODE > on
2024/12/18 22:22:24 >> debug : DEF_COMMAND > cmd
2024/12/18 22:22:24 >> debug : DEF_PROCESS > prc
2024/12/18 22:22:24 >> debug : SESSION start ... OK
2024/12/18 22:22:24 >> info : Process set [index] ... OK
2024/12/18 22:22:24 >> info : Process Name [listProcess] ... OK
2024/12/18 22:22:24 >> info : Include File [/home/m-ela/projects/simplan/public_app/mod/admin/salary/process/listProcess.php]... OK
2024/12/18 22:22:24 >> info : Class Exists [listProcess] ... OK
2024/12/18 22:22:24 >> debug : DB Connect ... OK
2024/12/18 22:22:24 >> debug : Entering precute ...
2024/12/18 22:22:24 >> info : SimplanAbstractProcess::execCommand -> AbstractCommand::executeProcess > [ m_admin/is_login.sql ]
2024/12/18 22:22:24 >> debug : WideDB_SimplanInterface::QueryExecute >>SELECT ma.f_admin_id ,ma.f_name ,ma.f_mailaddress ,ma.f_id ,ma.f_password ,ma.f_admin_kbn ,ma.f_auth ,ma.f_auth_value ,ma.f_del_flg ,ma.f_reg_account ,ma.f_reg_time ,ma.f_upd_account ,ma.f_upd_time FROM m_admin ma WHERE ma.f_admin_id = 1
2024/12/18 22:22:24 >> info : execQuery TIME : 0.00025 second
2024/12/18 22:22:24 >> info : Session connection is OK ...
2024/12/18 22:22:24 >> debug : Entering execute ...
2024/12/18 22:22:24 >> debug : listProcess Entering executeDefault ...
2024/12/18 22:22:24 >> info : SimplanAbstractProcess::execCommand -> AbstractCommand::executeProcess > [ m_addemployee/select_list_count.sql ]
2024/12/18 22:22:24 >> debug : WideDB_SimplanInterface::QueryExecute >>SELECT count(addemployee.f_employee_id) as count FROM m_addemployee addemployee WHERE addemployee.f_del_flg = '0'
2024/12/18 22:22:24 >> info : execQuery TIME : 0.00019 second
2024/12/18 22:22:24 >> info : SimplanAbstractProcess::execCommand -> AbstractCommand::executeProcess > [ m_addemployee/select_list.sql ]
2024/12/18 22:22:24 >> debug : WideDB_SimplanInterface::QueryExecute >>SELECT addemployee.f_employee_id ,addemployee.f_emp_id ,addemployee.f_name ,addemployee.f_aadhar_number ,addemployee.f_pan_number ,addemployee.f_passport ,date_format(addemployee.f_issue_date, '%Y/%m/%d') as f_issue_date ,date_format(addemployee.f_expiry_date, '%Y/%m/%d') as f_expiry_date ,date_format(addemployee.f_date_of_birth, '%Y/%m/%d') as f_date_of_birth ,addemployee.f_mobile_number ,addemployee.f_image ,addemployee.f_emp_status ,addemployee.f_passport_alert FROM m_addemployee addemployee WHERE addemployee.f_del_flg = '0' ORDER BY addemployee.f_emp_status, addemployee.f_emp_id ASC LIMIT 0, 15
2024/12/18 22:22:24 >> info : execQuery TIME : 0.00107 second
2024/12/18 22:22:24 >> debug : Entering postcute ...
2024/12/18 22:22:24 >> debug : DB Connect Close ... OK
2024/12/18 22:23:16 >> info : * ------------------------------------------------------------ *
2024/12/18 22:23:16 >> info : * Simplan Framework - PHP Web Application Framework
2024/12/18 22:23:16 >> info : * 
2024/12/18 22:23:16 >> info : * Version : 1.1.0
2024/12/18 22:23:16 >> info : * Copyright(c) 2003-2024 THREET CO.,LTD. All Rights Reserved.
2024/12/18 22:23:16 >> info : * http://www.threet.co.jp
2024/12/18 22:23:16 >> info : * ------------------------------------------------------------ *
2024/12/18 22:23:16 >> debug : HTTP_REFERER > 
2024/12/18 22:23:16 >> debug : SCRIPT_URI > 
2024/12/18 22:23:16 >> debug : REQUEST_URI > /~m-ela/simplan/
2024/12/18 22:23:16 >> debug : HTTPS > on
2024/12/18 22:23:16 >> debug : HTTPS MODE > on
2024/12/18 22:23:16 >> debug : DEF_COMMAND > cmd
2024/12/18 22:23:16 >> debug : DEF_PROCESS > prc
2024/12/18 22:23:16 >> debug : SESSION start ... OK
2024/12/18 22:23:16 >> info : Process set [index] ... OK
2024/12/18 22:23:16 >> info : Process Name [indexProcess] ... OK
2024/12/18 22:23:16 >> info : Include File [/home/m-ela/projects/simplan/public_app/mod/user/index/process/indexProcess.php]... OK
2024/12/18 22:23:16 >> info : Class Exists [indexProcess] ... OK
2024/12/18 22:23:16 >> debug : DB Connect ... OK
2024/12/18 22:23:16 >> debug : Entering precute ...
2024/12/18 22:23:16 >> debug : Temp dir is [/home/m-ela/projects/simplan/public_html/admin/img/img_temp/]
2024/12/18 22:23:16 >> debug : File dir is [/home/m-ela/projects/simplan/public_html/admin/img/profile_photo/]
2024/12/18 22:23:16 >> debug : Entering execute ...
2024/12/18 22:23:16 >> debug : indexProcess Entering executeDefault ...
2024/12/18 22:23:16 >> debug : Entering execDefualt ...
2024/12/18 22:23:16 >> info : SimplanAbstractProcess::execCommand -> AbstractCommand::executeProcess > [ m_user/is_login.sql ]
2024/12/18 22:23:16 >> debug : WideDB_SimplanInterface::QueryExecute >>SELECT user.f_user_id ,user.f_name ,user.f_surname_kana ,user.f_mailaddress ,user.f_login_id ,user.f_password ,user.f_del_flg ,user.f_reg_account ,user.f_reg_time ,user.f_upd_account ,user.f_upd_time FROM m_user user WHERE user.f_user_id = '4'
2024/12/18 22:23:16 >> info : execQuery TIME : 0.00018 second
2024/12/18 22:23:16 >> info : Session connection is OK ...
2024/12/18 22:23:16 >> info : SimplanAbstractProcess::execCommand -> AbstractCommand::executeProcess > [ m_addemployee/select_one.sql ]
2024/12/18 22:23:16 >> debug : WideDB_SimplanInterface::QueryExecute >>SELECT addemployee.f_employee_id ,addemployee.f_emp_id ,addemployee.f_name ,addemployee.f_aadhar_number ,addemployee.f_pan_number ,addemployee.f_passport ,date_format(addemployee.f_issue_date, '%Y/%m/%d') as f_issue_date ,date_format(addemployee.f_expiry_date, '%Y/%m/%d') as f_expiry_date ,addemployee.f_gender ,date_format(addemployee.f_date_of_birth, '%Y/%m/%d') as f_date_of_birth ,addemployee.f_age ,addemployee.f_blood_group ,addemployee.f_status ,addemployee.f_address1 ,addemployee.f_address2 ,addemployee.f_city ,addemployee.f_state ,addemployee.f_pincode ,addemployee.f_country ,addemployee.f_mobile_number ,addemployee.f_office_telephone_number ,addemployee.f_office_email ,addemployee.f_personal_mail ,addemployee.f_relation_name ,addemployee.f_relationship ,addemployee.f_occupation ,addemployee.f_address ,addemployee.f_phone_number ,addemployee.f_emp_status ,addemployee.f_category ,addemployee.f_job_title ,addemployee.f_join_date ,addemployee.f_relive_date ,addemployee.f_location ,addemployee.f_experience ,addemployee.f_education_ug ,addemployee.f_degree_ug ,addemployee.f_university_ug ,addemployee.f_education_pg ,addemployee.f_degree_pg ,addemployee.f_university_pg ,addemployee.f_additional_skill ,addemployee.f_language ,addemployee.f_others ,addemployee.f_jlpt ,addemployee.f_bank_name ,addemployee.f_bank_branch ,addemployee.f_acc_no ,addemployee.f_ifsc_code ,addemployee.f_description ,addemployee.f_image ,addemployee.f_del_flg ,addemployee.f_reg_account ,addemployee.f_reg_time ,addemployee.f_upd_account ,addemployee.f_upd_time FROM m_addemployee addemployee WHERE addemployee.f_del_flg = '0'
2024/12/18 22:23:16 >> info : execQuery TIME : 0.00018 second
2024/12/18 22:23:16 >> debug : Entering postcute ...
2024/12/18 22:23:16 >> debug : DB Connect Close ... OK
2024/12/18 22:23:19 >> info : * ------------------------------------------------------------ *
2024/12/18 22:23:19 >> info : * Simplan Framework - PHP Web Application Framework
2024/12/18 22:23:19 >> info : * 
2024/12/18 22:23:19 >> info : * Version : 1.1.0
2024/12/18 22:23:19 >> info : * Copyright(c) 2003-2024 THREET CO.,LTD. All Rights Reserved.
2024/12/18 22:23:19 >> info : * http://www.threet.co.jp
2024/12/18 22:23:19 >> info : * ------------------------------------------------------------ *
2024/12/18 22:23:19 >> debug : HTTP_REFERER > https://roz.threet.co.jp/~m-ela/simplan/
2024/12/18 22:23:19 >> debug : SCRIPT_URI > 
2024/12/18 22:23:19 >> debug : REQUEST_URI > /~m-ela/simplan/index.php?cmd=logout
2024/12/18 22:23:19 >> debug : HTTPS > on
2024/12/18 22:23:19 >> debug : HTTPS MODE > on
2024/12/18 22:23:19 >> debug : DEF_COMMAND > cmd
2024/12/18 22:23:19 >> debug : DEF_PROCESS > prc
2024/12/18 22:23:19 >> debug : GET DATA > [cmd] : <logout>
2024/12/18 22:23:19 >> debug : SESSION start ... OK
2024/12/18 22:23:19 >> info : Process set [index] ... OK
2024/12/18 22:23:19 >> info : Process Name [indexProcess] ... OK
2024/12/18 22:23:19 >> info : Include File [/home/m-ela/projects/simplan/public_app/mod/user/index/process/indexProcess.php]... OK
2024/12/18 22:23:19 >> info : Class Exists [indexProcess] ... OK
2024/12/18 22:23:19 >> debug : DB Connect ... OK
2024/12/18 22:23:19 >> debug : Entering precute ...
2024/12/18 22:23:19 >> debug : Temp dir is [/home/m-ela/projects/simplan/public_html/admin/img/img_temp/]
2024/12/18 22:23:19 >> debug : File dir is [/home/m-ela/projects/simplan/public_html/admin/img/profile_photo/]
2024/12/18 22:23:19 >> debug : Entering execute ...
2024/12/18 22:23:19 >> debug : indexProcess Entering executeLogout ...
2024/12/18 22:23:19 >> debug : Entering executeLogout ...
2024/12/18 22:23:19 >> debug : Entering postcute ...
2024/12/18 22:23:19 >> debug : DB Connect Close ... OK
2024/12/27 19:20:12 >> info : * ------------------------------------------------------------ *
2024/12/27 19:20:12 >> info : * Simplan Framework - PHP Web Application Framework
2024/12/27 19:20:12 >> info : * 
2024/12/27 19:20:12 >> info : * Version : 1.1.0
2024/12/27 19:20:12 >> info : * Copyright(c) 2003-2024 THREET CO.,LTD. All Rights Reserved.
2024/12/27 19:20:12 >> info : * http://www.threet.co.jp
2024/12/27 19:20:12 >> info : * ------------------------------------------------------------ *
2024/12/27 19:20:12 >> debug : HTTP_REFERER > 
2024/12/27 19:20:12 >> debug : SCRIPT_URI > 
2024/12/27 19:20:12 >> debug : REQUEST_URI > /simplan/public_html/
2024/12/27 19:20:12 >> debug : HTTPS > on
2024/12/27 19:20:12 >> debug : HTTPS MODE > on
2024/12/27 19:20:12 >> debug : DEF_COMMAND > cmd
2024/12/27 19:20:12 >> debug : DEF_PROCESS > prc
2024/12/27 19:20:12 >> debug : SESSION start ... OK
2024/12/27 19:20:12 >> info : Process set [index] ... OK
2024/12/27 19:20:12 >> info : Process Name [indexProcess] ... OK
2024/12/27 19:20:12 >> info : Include File [C:\xampp\htdocs\simplan\public_app\mod\user/index/process/indexProcess.php]... OK
2024/12/27 19:20:12 >> info : Class Exists [indexProcess] ... OK
2024/12/27 19:20:12 >> debug : DB Connect ... OK
2024/12/27 19:20:12 >> debug : Entering precute ...
2024/12/27 19:20:12 >> debug : Entering execute ...
2024/12/27 19:20:12 >> debug : indexProcess Entering executeDefault ...
2024/12/27 19:20:12 >> debug : Entering execDefualt ...
2024/12/27 19:20:12 >> info : Session connection is NG ...
2024/12/27 19:20:12 >> info : SimplanAbstractProcess::execCommand -> AbstractCommand::executeProcess > [ m_addemployee/select_one.sql ]
2024/12/27 19:20:12 >> debug : WideDB_SimplanInterface::QueryExecute >>SELECT addemployee.f_employee_id ,addemployee.f_emp_id ,addemployee.f_name ,addemployee.f_aadhar_number ,addemployee.f_pan_number ,addemployee.f_passport ,date_format(addemployee.f_issue_date, '%Y/%m/%d') as f_issue_date ,date_format(addemployee.f_expiry_date, '%Y/%m/%d') as f_expiry_date ,addemployee.f_gender ,date_format(addemployee.f_date_of_birth, '%Y/%m/%d') as f_date_of_birth ,addemployee.f_age ,addemployee.f_blood_group ,addemployee.f_status ,addemployee.f_address1 ,addemployee.f_address2 ,addemployee.f_city ,addemployee.f_state ,addemployee.f_pincode ,addemployee.f_country ,addemployee.f_mobile_number ,addemployee.f_office_telephone_number ,addemployee.f_office_email ,addemployee.f_personal_mail ,addemployee.f_relation_name ,addemployee.f_relationship ,addemployee.f_occupation ,addemployee.f_address ,addemployee.f_phone_number ,addemployee.f_emp_status ,addemployee.f_category ,addemployee.f_job_title ,addemployee.f_join_date ,addemployee.f_relive_date ,addemployee.f_location ,addemployee.f_experience ,addemployee.f_education_ug ,addemployee.f_degree_ug ,addemployee.f_university_ug ,addemployee.f_education_pg ,addemployee.f_degree_pg ,addemployee.f_university_pg ,addemployee.f_additional_skill ,addemployee.f_language ,addemployee.f_others ,addemployee.f_jlpt ,addemployee.f_bank_name ,addemployee.f_bank_branch ,addemployee.f_acc_no ,addemployee.f_ifsc_code ,addemployee.f_description ,addemployee.f_image ,addemployee.f_del_flg ,addemployee.f_reg_account ,addemployee.f_reg_time ,addemployee.f_upd_account ,addemployee.f_upd_time FROM m_addemployee addemployee WHERE addemployee.f_del_flg = '0'
2024/12/27 19:20:12 >> error : WideDB_SimplanInterface::QueryExecute >>SELECT addemployee.f_employee_id ,addemployee.f_emp_id ,addemployee.f_name ,addemployee.f_aadhar_number ,addemployee.f_pan_number ,addemployee.f_passport ,date_format(addemployee.f_issue_date, '%Y/%m/%d') as f_issue_date ,date_format(addemployee.f_expiry_date, '%Y/%m/%d') as f_expiry_date ,addemployee.f_gender ,date_format(addemployee.f_date_of_birth, '%Y/%m/%d') as f_date_of_birth ,addemployee.f_age ,addemployee.f_blood_group ,addemployee.f_status ,addemployee.f_address1 ,addemployee.f_address2 ,addemployee.f_city ,addemployee.f_state ,addemployee.f_pincode ,addemployee.f_country ,addemployee.f_mobile_number ,addemployee.f_office_telephone_number ,addemployee.f_office_email ,addemployee.f_personal_mail ,addemployee.f_relation_name ,addemployee.f_relationship ,addemployee.f_occupation ,addemployee.f_address ,addemployee.f_phone_number ,addemployee.f_emp_status ,addemployee.f_category ,addemployee.f_job_title ,addemployee.f_join_date ,addemployee.f_relive_date ,addemployee.f_location ,addemployee.f_experience ,addemployee.f_education_ug ,addemployee.f_degree_ug ,addemployee.f_university_ug ,addemployee.f_education_pg ,addemployee.f_degree_pg ,addemployee.f_university_pg ,addemployee.f_additional_skill ,addemployee.f_language ,addemployee.f_others ,addemployee.f_jlpt ,addemployee.f_bank_name ,addemployee.f_bank_branch ,addemployee.f_acc_no ,addemployee.f_ifsc_code ,addemployee.f_description ,addemployee.f_image ,addemployee.f_del_flg ,addemployee.f_reg_account ,addemployee.f_reg_time ,addemployee.f_upd_account ,addemployee.f_upd_time FROM m_addemployee addemployee WHERE addemployee.f_del_flg = '0'
::
2024/12/27 19:20:12 >> info : execQuery TIME : 0.00072 second
2024/12/27 19:20:12 >> error : SimplanAbstractProcess::execCommand -> AbstractCommand::executeProcess m_addemployee/select_one.sql.sql is  error.
::
2024/12/27 19:20:12 >> error : m_user select_list ... NG
2024/12/27 19:21:28 >> info : * ------------------------------------------------------------ *
2024/12/27 19:21:28 >> info : * Simplan Framework - PHP Web Application Framework
2024/12/27 19:21:28 >> info : * 
2024/12/27 19:21:28 >> info : * Version : 1.1.0
2024/12/27 19:21:28 >> info : * Copyright(c) 2003-2024 THREET CO.,LTD. All Rights Reserved.
2024/12/27 19:21:28 >> info : * http://www.threet.co.jp
2024/12/27 19:21:28 >> info : * ------------------------------------------------------------ *
2024/12/27 19:21:28 >> debug : HTTP_REFERER > 
2024/12/27 19:21:28 >> debug : SCRIPT_URI > 
2024/12/27 19:21:28 >> debug : REQUEST_URI > /simplan/public_html/
2024/12/27 19:21:28 >> debug : HTTPS > on
2024/12/27 19:21:28 >> debug : HTTPS MODE > on
2024/12/27 19:21:28 >> debug : DEF_COMMAND > cmd
2024/12/27 19:21:28 >> debug : DEF_PROCESS > prc
2024/12/27 19:21:28 >> debug : SESSION start ... OK
2024/12/27 19:21:28 >> info : Process set [index] ... OK
2024/12/27 19:21:28 >> info : Process Name [indexProcess] ... OK
2024/12/27 19:21:28 >> info : Include File [C:\xampp\htdocs\simplan\public_app\mod\user/index/process/indexProcess.php]... OK
2024/12/27 19:21:28 >> info : Class Exists [indexProcess] ... OK
2024/12/27 19:21:28 >> debug : DB Connect ... OK
2024/12/27 19:21:28 >> debug : Entering precute ...
2024/12/27 19:21:28 >> debug : Entering execute ...
2024/12/27 19:21:28 >> debug : indexProcess Entering executeDefault ...
2024/12/27 19:21:28 >> debug : Entering execDefualt ...
2024/12/27 19:21:28 >> info : Session connection is NG ...
2024/12/27 19:21:28 >> info : SimplanAbstractProcess::execCommand -> AbstractCommand::executeProcess > [ m_addemployee/select_one.sql ]
2024/12/27 19:21:28 >> debug : WideDB_SimplanInterface::QueryExecute >>SELECT addemployee.f_employee_id ,addemployee.f_emp_id ,addemployee.f_name ,addemployee.f_aadhar_number ,addemployee.f_pan_number ,addemployee.f_passport ,date_format(addemployee.f_issue_date, '%Y/%m/%d') as f_issue_date ,date_format(addemployee.f_expiry_date, '%Y/%m/%d') as f_expiry_date ,addemployee.f_gender ,date_format(addemployee.f_date_of_birth, '%Y/%m/%d') as f_date_of_birth ,addemployee.f_age ,addemployee.f_blood_group ,addemployee.f_status ,addemployee.f_address1 ,addemployee.f_address2 ,addemployee.f_city ,addemployee.f_state ,addemployee.f_pincode ,addemployee.f_country ,addemployee.f_mobile_number ,addemployee.f_office_telephone_number ,addemployee.f_office_email ,addemployee.f_personal_mail ,addemployee.f_relation_name ,addemployee.f_relationship ,addemployee.f_occupation ,addemployee.f_address ,addemployee.f_phone_number ,addemployee.f_emp_status ,addemployee.f_category ,addemployee.f_job_title ,addemployee.f_join_date ,addemployee.f_relive_date ,addemployee.f_location ,addemployee.f_experience ,addemployee.f_education_ug ,addemployee.f_degree_ug ,addemployee.f_university_ug ,addemployee.f_education_pg ,addemployee.f_degree_pg ,addemployee.f_university_pg ,addemployee.f_additional_skill ,addemployee.f_language ,addemployee.f_others ,addemployee.f_jlpt ,addemployee.f_bank_name ,addemployee.f_bank_branch ,addemployee.f_acc_no ,addemployee.f_ifsc_code ,addemployee.f_description ,addemployee.f_image ,addemployee.f_del_flg ,addemployee.f_reg_account ,addemployee.f_reg_time ,addemployee.f_upd_account ,addemployee.f_upd_time FROM m_addemployee addemployee WHERE addemployee.f_del_flg = '0'
2024/12/27 19:21:28 >> error : WideDB_SimplanInterface::QueryExecute >>SELECT addemployee.f_employee_id ,addemployee.f_emp_id ,addemployee.f_name ,addemployee.f_aadhar_number ,addemployee.f_pan_number ,addemployee.f_passport ,date_format(addemployee.f_issue_date, '%Y/%m/%d') as f_issue_date ,date_format(addemployee.f_expiry_date, '%Y/%m/%d') as f_expiry_date ,addemployee.f_gender ,date_format(addemployee.f_date_of_birth, '%Y/%m/%d') as f_date_of_birth ,addemployee.f_age ,addemployee.f_blood_group ,addemployee.f_status ,addemployee.f_address1 ,addemployee.f_address2 ,addemployee.f_city ,addemployee.f_state ,addemployee.f_pincode ,addemployee.f_country ,addemployee.f_mobile_number ,addemployee.f_office_telephone_number ,addemployee.f_office_email ,addemployee.f_personal_mail ,addemployee.f_relation_name ,addemployee.f_relationship ,addemployee.f_occupation ,addemployee.f_address ,addemployee.f_phone_number ,addemployee.f_emp_status ,addemployee.f_category ,addemployee.f_job_title ,addemployee.f_join_date ,addemployee.f_relive_date ,addemployee.f_location ,addemployee.f_experience ,addemployee.f_education_ug ,addemployee.f_degree_ug ,addemployee.f_university_ug ,addemployee.f_education_pg ,addemployee.f_degree_pg ,addemployee.f_university_pg ,addemployee.f_additional_skill ,addemployee.f_language ,addemployee.f_others ,addemployee.f_jlpt ,addemployee.f_bank_name ,addemployee.f_bank_branch ,addemployee.f_acc_no ,addemployee.f_ifsc_code ,addemployee.f_description ,addemployee.f_image ,addemployee.f_del_flg ,addemployee.f_reg_account ,addemployee.f_reg_time ,addemployee.f_upd_account ,addemployee.f_upd_time FROM m_addemployee addemployee WHERE addemployee.f_del_flg = '0'
::
2024/12/27 19:21:28 >> info : execQuery TIME : 0.00093 second
2024/12/27 19:21:28 >> error : SimplanAbstractProcess::execCommand -> AbstractCommand::executeProcess m_addemployee/select_one.sql.sql is  error.
::
2024/12/27 19:21:28 >> error : m_user select_list ... NG
2024/12/27 19:21:28 >> debug : [ERROR_PAGE] エラー: 
2024/12/27 19:21:28 >> debug : [ERROR_PAGE] メッセージ: 一覧の取得に失敗しました。
2024/12/27 19:21:28 >> debug : [ERROR_PAGE] 名称: 
2024/12/27 19:21:28 >> debug : [ERROR_PAGE] URL: index.php
2024/12/27 19:21:28 >> debug : [ERROR_PAGE] PROCESS: 
2024/12/27 19:21:28 >> debug : [ERROR_PAGE] CMD: 
2024/12/27 19:44:06 >> info : * ------------------------------------------------------------ *
2024/12/27 19:44:06 >> info : * Simplan Framework - PHP Web Application Framework
2024/12/27 19:44:06 >> info : * 
2024/12/27 19:44:06 >> info : * Version : 1.1.0
2024/12/27 19:44:06 >> info : * Copyright(c) 2003-2024 THREET CO.,LTD. All Rights Reserved.
2024/12/27 19:44:06 >> info : * http://www.threet.co.jp
2024/12/27 19:44:06 >> info : * ------------------------------------------------------------ *
2024/12/27 19:44:06 >> debug : HTTP_REFERER > 
2024/12/27 19:44:06 >> debug : SCRIPT_URI > 
2024/12/27 19:44:06 >> debug : REQUEST_URI > /simplan/public_html/
2024/12/27 19:44:06 >> debug : HTTPS > on
2024/12/27 19:44:06 >> debug : HTTPS MODE > on
2024/12/27 19:44:06 >> debug : DEF_COMMAND > cmd
2024/12/27 19:44:06 >> debug : DEF_PROCESS > prc
2024/12/27 19:44:06 >> debug : SESSION start ... OK
2024/12/27 19:44:06 >> info : Process set [index] ... OK
2024/12/27 19:44:06 >> info : Process Name [indexProcess] ... OK
2024/12/27 19:44:06 >> info : Include File [C:\xampp\htdocs\simplan\public_app\mod\user/index/process/indexProcess.php]... OK
2024/12/27 19:44:06 >> info : Class Exists [indexProcess] ... OK
2024/12/27 19:44:06 >> debug : DB Connect ... OK
2024/12/27 19:44:06 >> debug : Entering precute ...
2024/12/27 19:44:06 >> debug : Entering execute ...
2024/12/27 19:44:06 >> debug : indexProcess Entering executeDefault ...
2024/12/27 19:44:06 >> debug : Entering execDefualt ...
2024/12/27 19:44:06 >> info : Session connection is NG ...
2024/12/27 19:44:06 >> info : SimplanAbstractProcess::execCommand -> AbstractCommand::executeProcess > [ m_addemployee/select_one.sql ]
2024/12/27 19:44:06 >> debug : WideDB_SimplanInterface::QueryExecute >>SELECT addemployee.f_employee_id ,addemployee.f_emp_id ,addemployee.f_name ,addemployee.f_aadhar_number ,addemployee.f_pan_number ,addemployee.f_passport ,date_format(addemployee.f_issue_date, '%Y/%m/%d') as f_issue_date ,date_format(addemployee.f_expiry_date, '%Y/%m/%d') as f_expiry_date ,addemployee.f_gender ,date_format(addemployee.f_date_of_birth, '%Y/%m/%d') as f_date_of_birth ,addemployee.f_age ,addemployee.f_blood_group ,addemployee.f_status ,addemployee.f_address1 ,addemployee.f_address2 ,addemployee.f_city ,addemployee.f_state ,addemployee.f_pincode ,addemployee.f_country ,addemployee.f_mobile_number ,addemployee.f_office_telephone_number ,addemployee.f_office_email ,addemployee.f_personal_mail ,addemployee.f_relation_name ,addemployee.f_relationship ,addemployee.f_occupation ,addemployee.f_address ,addemployee.f_phone_number ,addemployee.f_emp_status ,addemployee.f_category ,addemployee.f_job_title ,addemployee.f_join_date ,addemployee.f_relive_date ,addemployee.f_location ,addemployee.f_experience ,addemployee.f_education_ug ,addemployee.f_degree_ug ,addemployee.f_university_ug ,addemployee.f_education_pg ,addemployee.f_degree_pg ,addemployee.f_university_pg ,addemployee.f_additional_skill ,addemployee.f_language ,addemployee.f_others ,addemployee.f_jlpt ,addemployee.f_bank_name ,addemployee.f_bank_branch ,addemployee.f_acc_no ,addemployee.f_ifsc_code ,addemployee.f_description ,addemployee.f_image ,addemployee.f_del_flg ,addemployee.f_reg_account ,addemployee.f_reg_time ,addemployee.f_upd_account ,addemployee.f_upd_time FROM m_addemployee addemployee WHERE addemployee.f_del_flg = '0'
2024/12/27 19:44:06 >> error : WideDB_SimplanInterface::QueryExecute >>SELECT addemployee.f_employee_id ,addemployee.f_emp_id ,addemployee.f_name ,addemployee.f_aadhar_number ,addemployee.f_pan_number ,addemployee.f_passport ,date_format(addemployee.f_issue_date, '%Y/%m/%d') as f_issue_date ,date_format(addemployee.f_expiry_date, '%Y/%m/%d') as f_expiry_date ,addemployee.f_gender ,date_format(addemployee.f_date_of_birth, '%Y/%m/%d') as f_date_of_birth ,addemployee.f_age ,addemployee.f_blood_group ,addemployee.f_status ,addemployee.f_address1 ,addemployee.f_address2 ,addemployee.f_city ,addemployee.f_state ,addemployee.f_pincode ,addemployee.f_country ,addemployee.f_mobile_number ,addemployee.f_office_telephone_number ,addemployee.f_office_email ,addemployee.f_personal_mail ,addemployee.f_relation_name ,addemployee.f_relationship ,addemployee.f_occupation ,addemployee.f_address ,addemployee.f_phone_number ,addemployee.f_emp_status ,addemployee.f_category ,addemployee.f_job_title ,addemployee.f_join_date ,addemployee.f_relive_date ,addemployee.f_location ,addemployee.f_experience ,addemployee.f_education_ug ,addemployee.f_degree_ug ,addemployee.f_university_ug ,addemployee.f_education_pg ,addemployee.f_degree_pg ,addemployee.f_university_pg ,addemployee.f_additional_skill ,addemployee.f_language ,addemployee.f_others ,addemployee.f_jlpt ,addemployee.f_bank_name ,addemployee.f_bank_branch ,addemployee.f_acc_no ,addemployee.f_ifsc_code ,addemployee.f_description ,addemployee.f_image ,addemployee.f_del_flg ,addemployee.f_reg_account ,addemployee.f_reg_time ,addemployee.f_upd_account ,addemployee.f_upd_time FROM m_addemployee addemployee WHERE addemployee.f_del_flg = '0'
::
2024/12/27 19:44:06 >> info : execQuery TIME : 0.00092 second
2024/12/27 19:44:06 >> error : SimplanAbstractProcess::execCommand -> AbstractCommand::executeProcess m_addemployee/select_one.sql.sql is  error.
::
2024/12/27 19:44:06 >> error : m_user select_list ... NG
2024/12/27 19:44:06 >> debug : [ERROR_PAGE] エラー: 
2024/12/27 19:44:06 >> debug : [ERROR_PAGE] メッセージ: 一覧の取得に失敗しました。
2024/12/27 19:44:06 >> debug : [ERROR_PAGE] 名称: 
2024/12/27 19:44:06 >> debug : [ERROR_PAGE] URL: index.php
2024/12/27 19:44:06 >> debug : [ERROR_PAGE] PROCESS: 
2024/12/27 19:44:06 >> debug : [ERROR_PAGE] CMD: 
2024/12/27 19:44:16 >> info : * ------------------------------------------------------------ *
2024/12/27 19:44:16 >> info : * Simplan Framework - PHP Web Application Framework
2024/12/27 19:44:16 >> info : * 
2024/12/27 19:44:16 >> info : * Version : 1.1.0
2024/12/27 19:44:16 >> info : * Copyright(c) 2003-2024 THREET CO.,LTD. All Rights Reserved.
2024/12/27 19:44:16 >> info : * http://www.threet.co.jp
2024/12/27 19:44:16 >> info : * ------------------------------------------------------------ *
2024/12/27 19:44:16 >> debug : HTTP_REFERER > https://localhost/simplan/public_html/
2024/12/27 19:44:16 >> debug : SCRIPT_URI > 
2024/12/27 19:44:16 >> debug : REQUEST_URI > /simplan/public_html/index.php
2024/12/27 19:44:16 >> debug : HTTPS > on
2024/12/27 19:44:16 >> debug : HTTPS MODE > on
2024/12/27 19:44:16 >> debug : DEF_COMMAND > cmd
2024/12/27 19:44:16 >> debug : DEF_PROCESS > prc
2024/12/27 19:44:16 >> debug : POST DATA > [prc] : <index>
2024/12/27 19:44:16 >> debug : POST DATA > [cmd] : <detail>
2024/12/27 19:44:16 >> debug : POST DATA > [sid] : <>
2024/12/27 19:44:16 >> debug : POST DATA > [pno] : <>
2024/12/27 19:44:16 >> debug : SESSION start ... OK
2024/12/27 19:44:16 >> info : Process set [index] ... OK
2024/12/27 19:44:16 >> info : Process Name [indexProcess] ... OK
2024/12/27 19:44:16 >> info : Include File [C:\xampp\htdocs\simplan\public_app\mod\user/index/process/indexProcess.php]... OK
2024/12/27 19:44:16 >> info : Class Exists [indexProcess] ... OK
2024/12/27 19:44:16 >> debug : DB Connect ... OK
2024/12/27 19:44:16 >> debug : Entering precute ...
2024/12/27 19:44:16 >> debug : Entering execute ...
2024/12/27 19:44:16 >> debug : indexProcess Entering executeDetail ...
2024/12/27 19:44:16 >> debug : Entering execDetail ...
2024/12/27 19:44:16 >> info : Session connection is NG ...
2024/12/27 19:44:29 >> info : * ------------------------------------------------------------ *
2024/12/27 19:44:29 >> info : * Simplan Framework - PHP Web Application Framework
2024/12/27 19:44:29 >> info : * 
2024/12/27 19:44:29 >> info : * Version : 1.1.0
2024/12/27 19:44:29 >> info : * Copyright(c) 2003-2024 THREET CO.,LTD. All Rights Reserved.
2024/12/27 19:44:29 >> info : * http://www.threet.co.jp
2024/12/27 19:44:29 >> info : * ------------------------------------------------------------ *
2024/12/27 19:44:29 >> debug : HTTP_REFERER > https://localhost/simplan/public_html/
2024/12/27 19:44:29 >> debug : SCRIPT_URI > 
2024/12/27 19:44:29 >> debug : REQUEST_URI > /simplan/public_html/attendance.php
2024/12/27 19:44:29 >> debug : HTTPS > on
2024/12/27 19:44:29 >> debug : HTTPS MODE > on
2024/12/27 19:44:29 >> debug : DEF_COMMAND > cmd
2024/12/27 19:44:29 >> debug : DEF_PROCESS > prc
2024/12/27 19:44:29 >> debug : SESSION start ... OK
2024/12/27 19:44:29 >> info : Process set [index] ... OK
2024/12/27 19:44:29 >> info : Process Name [newProcess] ... OK
2024/12/27 19:44:29 >> info : Include File [C:\xampp\htdocs\simplan\public_app\mod\user/attendance/process/newProcess.php]... OK
2024/12/27 19:44:29 >> info : Class Exists [newProcess] ... OK
2024/12/27 19:44:30 >> debug : DB Connect ... OK
2024/12/27 19:44:30 >> debug : Entering precute ...
2024/12/27 19:44:30 >> info : Session connection is NG ...
2024/12/27 19:44:30 >> info : * ------------------------------------------------------------ *
2024/12/27 19:44:30 >> info : * Simplan Framework - PHP Web Application Framework
2024/12/27 19:44:30 >> info : * 
2024/12/27 19:44:30 >> info : * Version : 1.1.0
2024/12/27 19:44:30 >> info : * Copyright(c) 2003-2024 THREET CO.,LTD. All Rights Reserved.
2024/12/27 19:44:30 >> info : * http://www.threet.co.jp
2024/12/27 19:44:30 >> info : * ------------------------------------------------------------ *
2024/12/27 19:44:30 >> debug : HTTP_REFERER > https://localhost/simplan/public_html/
2024/12/27 19:44:30 >> debug : SCRIPT_URI > 
2024/12/27 19:44:30 >> debug : REQUEST_URI > /simplan/public_html/index.php?cmd=timeout
2024/12/27 19:44:30 >> debug : HTTPS > on
2024/12/27 19:44:30 >> debug : HTTPS MODE > on
2024/12/27 19:44:30 >> debug : DEF_COMMAND > cmd
2024/12/27 19:44:30 >> debug : DEF_PROCESS > prc
2024/12/27 19:44:30 >> debug : GET DATA > [cmd] : <timeout>
2024/12/27 19:44:30 >> debug : SESSION start ... OK
2024/12/27 19:44:30 >> info : Process set [index] ... OK
2024/12/27 19:44:30 >> info : Process Name [indexProcess] ... OK
2024/12/27 19:44:30 >> info : Include File [C:\xampp\htdocs\simplan\public_app\mod\user/index/process/indexProcess.php]... OK
2024/12/27 19:44:30 >> info : Class Exists [indexProcess] ... OK
2024/12/27 19:44:30 >> debug : DB Connect ... OK
2024/12/27 19:44:30 >> debug : Entering precute ...
2024/12/27 19:44:30 >> debug : Entering execute ...
2024/12/27 19:44:30 >> debug : indexProcess Entering executeTimeout ...
2024/12/27 19:44:30 >> debug : Entering executeTimeout ...
2024/12/27 19:44:30 >> debug : Entering postcute ...
2024/12/27 19:44:30 >> debug : DB Connect Close ... OK
2024/12/27 19:49:29 >> info : * ------------------------------------------------------------ *
2024/12/27 19:49:29 >> info : * Simplan Framework - PHP Web Application Framework
2024/12/27 19:49:29 >> info : * 
2024/12/27 19:49:29 >> info : * Version : 1.1.0
2024/12/27 19:49:29 >> info : * Copyright(c) 2003-2024 THREET CO.,LTD. All Rights Reserved.
2024/12/27 19:49:29 >> info : * http://www.threet.co.jp
2024/12/27 19:49:29 >> info : * ------------------------------------------------------------ *
2024/12/27 19:49:29 >> debug : HTTP_REFERER > https://localhost/simplan/public_html/index.php?cmd=timeout
2024/12/27 19:49:29 >> debug : SCRIPT_URI > 
2024/12/27 19:49:29 >> debug : REQUEST_URI > /simplan/public_html/index.php
2024/12/27 19:49:29 >> debug : HTTPS > on
2024/12/27 19:49:29 >> debug : HTTPS MODE > on
2024/12/27 19:49:29 >> debug : DEF_COMMAND > cmd
2024/12/27 19:49:29 >> debug : DEF_PROCESS > prc
2024/12/27 19:49:29 >> debug : POST DATA > [prc] : <index>
2024/12/27 19:49:29 >> debug : POST DATA > [cmd] : <login>
2024/12/27 19:49:29 >> debug : POST DATA > [f_login_id] : <aaaa>
2024/12/27 19:49:29 >> debug : POST DATA > [f_password] : <aaaa>
2024/12/27 19:49:29 >> debug : SESSION start ... OK
2024/12/27 19:49:29 >> info : Process set [index] ... OK
2024/12/27 19:49:29 >> info : Process Name [indexProcess] ... OK
2024/12/27 19:49:29 >> info : Include File [C:\xampp\htdocs\simplan\public_app\mod\user/index/process/indexProcess.php]... OK
2024/12/27 19:49:29 >> info : Class Exists [indexProcess] ... OK
2024/12/27 19:49:29 >> debug : DB Connect ... OK
2024/12/27 19:49:29 >> debug : Entering precute ...
2024/12/27 19:49:29 >> debug : Entering execute ...
2024/12/27 19:49:29 >> debug : indexProcess Entering executeLogin ...
2024/12/27 19:49:29 >> debug : Entering executeLogin ...
2024/12/27 19:49:29 >> info : SimplanAbstractProcess::execCommand -> AbstractCommand::executeProcess > [ m_user/login.sql ]
2024/12/27 19:49:29 >> debug : WideDB_SimplanInterface::QueryExecute >>SELECT user.f_user_id ,user.f_name ,user.f_surname_kana ,user.f_mailaddress ,user.f_login_id ,user.f_password ,user.f_del_flg ,user.f_reg_account ,user.f_reg_time ,user.f_upd_account ,user.f_upd_time FROM m_user user WHERE user.f_login_id = 'aaaa' AND user.f_password = 'aaaa' AND user.f_del_flg = '0'
2024/12/27 19:49:29 >> error : WideDB_SimplanInterface::QueryExecute >>SELECT user.f_user_id ,user.f_name ,user.f_surname_kana ,user.f_mailaddress ,user.f_login_id ,user.f_password ,user.f_del_flg ,user.f_reg_account ,user.f_reg_time ,user.f_upd_account ,user.f_upd_time FROM m_user user WHERE user.f_login_id = 'aaaa' AND user.f_password = 'aaaa' AND user.f_del_flg = '0'
::
2024/12/27 19:49:29 >> info : execQuery TIME : 0.00091 second
2024/12/27 19:49:29 >> error : SimplanAbstractProcess::execCommand -> AbstractCommand::executeProcess m_user/login.sql.sql is  error.
::
2024/12/27 19:49:29 >> error : m_user login ... NG
2024/12/27 19:49:29 >> debug : [ERROR_PAGE] エラー: 
2024/12/27 19:49:29 >> debug : [ERROR_PAGE] メッセージ: 対象データの取得に失敗しました。
2024/12/27 19:49:29 >> debug : [ERROR_PAGE] 名称: 
2024/12/27 19:49:29 >> debug : [ERROR_PAGE] URL: index.php
2024/12/27 19:49:29 >> debug : [ERROR_PAGE] PROCESS: 
2024/12/27 19:49:29 >> debug : [ERROR_PAGE] CMD: 
2024/12/27 19:56:38 >> info : * ------------------------------------------------------------ *
2024/12/27 19:56:38 >> info : * Simplan Framework - PHP Web Application Framework
2024/12/27 19:56:38 >> info : * 
2024/12/27 19:56:38 >> info : * Version : 1.1.0
2024/12/27 19:56:38 >> info : * Copyright(c) 2003-2024 THREET CO.,LTD. All Rights Reserved.
2024/12/27 19:56:38 >> info : * http://www.threet.co.jp
2024/12/27 19:56:38 >> info : * ------------------------------------------------------------ *
2024/12/27 19:56:38 >> debug : HTTP_REFERER > https://localhost/simplan/public_html/index.php?cmd=timeout
2024/12/27 19:56:38 >> debug : SCRIPT_URI > 
2024/12/27 19:56:38 >> debug : REQUEST_URI > /simplan/public_html/index.php
2024/12/27 19:56:38 >> debug : HTTPS > on
2024/12/27 19:56:38 >> debug : HTTPS MODE > on
2024/12/27 19:56:38 >> debug : DEF_COMMAND > cmd
2024/12/27 19:56:38 >> debug : DEF_PROCESS > prc
2024/12/27 19:56:38 >> debug : POST DATA > [prc] : <index>
2024/12/27 19:56:38 >> debug : POST DATA > [cmd] : <login>
2024/12/27 19:56:38 >> debug : POST DATA > [f_login_id] : <aaaa>
2024/12/27 19:56:38 >> debug : POST DATA > [f_password] : <aaaa>
2024/12/27 19:56:38 >> debug : SESSION start ... OK
2024/12/27 19:56:38 >> info : Process set [index] ... OK
2024/12/27 19:56:38 >> info : Process Name [indexProcess] ... OK
2024/12/27 19:56:38 >> info : Include File [C:\xampp\htdocs\simplan\public_app\mod\user/index/process/indexProcess.php]... OK
2024/12/27 19:56:38 >> info : Class Exists [indexProcess] ... OK
2024/12/27 19:56:38 >> debug : DB Connect ... OK
2024/12/27 19:56:38 >> debug : Entering precute ...
2024/12/27 19:56:38 >> debug : Entering execute ...
2024/12/27 19:56:38 >> debug : indexProcess Entering executeLogin ...
2024/12/27 19:56:38 >> debug : Entering executeLogin ...
2024/12/27 19:56:38 >> info : SimplanAbstractProcess::execCommand -> AbstractCommand::executeProcess > [ m_user/login.sql ]
2024/12/27 19:56:38 >> debug : WideDB_SimplanInterface::QueryExecute >>SELECT user.f_user_id ,user.f_name ,user.f_surname_kana ,user.f_mailaddress ,user.f_login_id ,user.f_password ,user.f_del_flg ,user.f_reg_account ,user.f_reg_time ,user.f_upd_account ,user.f_upd_time FROM m_user user WHERE user.f_login_id = 'aaaa' AND user.f_password = 'aaaa' AND user.f_del_flg = '0'
2024/12/27 19:56:38 >> error : WideDB_SimplanInterface::QueryExecute >>SELECT user.f_user_id ,user.f_name ,user.f_surname_kana ,user.f_mailaddress ,user.f_login_id ,user.f_password ,user.f_del_flg ,user.f_reg_account ,user.f_reg_time ,user.f_upd_account ,user.f_upd_time FROM m_user user WHERE user.f_login_id = 'aaaa' AND user.f_password = 'aaaa' AND user.f_del_flg = '0'
::
2024/12/27 19:56:38 >> info : execQuery TIME : 0.00067 second
2024/12/27 19:56:38 >> error : SimplanAbstractProcess::execCommand -> AbstractCommand::executeProcess m_user/login.sql.sql is  error.
::
2024/12/27 19:56:38 >> error : m_user login ... NG
2024/12/27 19:56:38 >> debug : [ERROR_PAGE] エラー: 
2024/12/27 19:56:38 >> debug : [ERROR_PAGE] メッセージ: 対象データの取得に失敗しました。
2024/12/27 19:56:38 >> debug : [ERROR_PAGE] 名称: 
2024/12/27 19:56:38 >> debug : [ERROR_PAGE] URL: index.php
2024/12/27 19:56:38 >> debug : [ERROR_PAGE] PROCESS: 
2024/12/27 19:56:38 >> debug : [ERROR_PAGE] CMD: 
2024/12/27 19:56:42 >> info : * ------------------------------------------------------------ *
2024/12/27 19:56:42 >> info : * Simplan Framework - PHP Web Application Framework
2024/12/27 19:56:42 >> info : * 
2024/12/27 19:56:42 >> info : * Version : 1.1.0
2024/12/27 19:56:42 >> info : * Copyright(c) 2003-2024 THREET CO.,LTD. All Rights Reserved.
2024/12/27 19:56:42 >> info : * http://www.threet.co.jp
2024/12/27 19:56:42 >> info : * ------------------------------------------------------------ *
2024/12/27 19:56:42 >> debug : HTTP_REFERER > https://localhost/simplan/public_html/index.php?cmd=timeout
2024/12/27 19:56:42 >> debug : SCRIPT_URI > 
2024/12/27 19:56:42 >> debug : REQUEST_URI > /simplan/public_html/index.php
2024/12/27 19:56:42 >> debug : HTTPS > on
2024/12/27 19:56:42 >> debug : HTTPS MODE > on
2024/12/27 19:56:42 >> debug : DEF_COMMAND > cmd
2024/12/27 19:56:42 >> debug : DEF_PROCESS > prc
2024/12/27 19:56:42 >> debug : POST DATA > [prc] : <index>
2024/12/27 19:56:42 >> debug : POST DATA > [cmd] : <login>
2024/12/27 19:56:42 >> debug : POST DATA > [f_login_id] : <aaaa>
2024/12/27 19:56:42 >> debug : POST DATA > [f_password] : <aaaa>
2024/12/27 19:56:42 >> debug : SESSION start ... OK
2024/12/27 19:56:42 >> info : Process set [index] ... OK
2024/12/27 19:56:42 >> info : Process Name [indexProcess] ... OK
2024/12/27 19:56:42 >> info : Include File [C:\xampp\htdocs\simplan\public_app\mod\user/index/process/indexProcess.php]... OK
2024/12/27 19:56:42 >> info : Class Exists [indexProcess] ... OK
2024/12/27 19:56:42 >> debug : DB Connect ... OK
2024/12/27 19:56:42 >> debug : Entering precute ...
2024/12/27 19:56:42 >> debug : Entering execute ...
2024/12/27 19:56:42 >> debug : indexProcess Entering executeLogin ...
2024/12/27 19:56:42 >> debug : Entering executeLogin ...
2024/12/27 19:56:42 >> info : SimplanAbstractProcess::execCommand -> AbstractCommand::executeProcess > [ m_user/login.sql ]
2024/12/27 19:56:42 >> debug : WideDB_SimplanInterface::QueryExecute >>SELECT user.f_user_id ,user.f_name ,user.f_surname_kana ,user.f_mailaddress ,user.f_login_id ,user.f_password ,user.f_del_flg ,user.f_reg_account ,user.f_reg_time ,user.f_upd_account ,user.f_upd_time FROM m_user user WHERE user.f_login_id = 'aaaa' AND user.f_password = 'aaaa' AND user.f_del_flg = '0'
2024/12/27 19:56:42 >> error : WideDB_SimplanInterface::QueryExecute >>SELECT user.f_user_id ,user.f_name ,user.f_surname_kana ,user.f_mailaddress ,user.f_login_id ,user.f_password ,user.f_del_flg ,user.f_reg_account ,user.f_reg_time ,user.f_upd_account ,user.f_upd_time FROM m_user user WHERE user.f_login_id = 'aaaa' AND user.f_password = 'aaaa' AND user.f_del_flg = '0'
::
2024/12/27 19:56:42 >> info : execQuery TIME : 0.00066 second
2024/12/27 19:56:42 >> error : SimplanAbstractProcess::execCommand -> AbstractCommand::executeProcess m_user/login.sql.sql is  error.
::
2024/12/27 19:56:42 >> error : m_user login ... NG
2024/12/27 19:56:42 >> debug : [ERROR_PAGE] エラー: 
2024/12/27 19:56:42 >> debug : [ERROR_PAGE] メッセージ: 対象データの取得に失敗しました。
2024/12/27 19:56:42 >> debug : [ERROR_PAGE] 名称: 
2024/12/27 19:56:42 >> debug : [ERROR_PAGE] URL: index.php
2024/12/27 19:56:42 >> debug : [ERROR_PAGE] PROCESS: 
2024/12/27 19:56:42 >> debug : [ERROR_PAGE] CMD: 
2024/12/27 19:56:44 >> info : * ------------------------------------------------------------ *
2024/12/27 19:56:44 >> info : * Simplan Framework - PHP Web Application Framework
2024/12/27 19:56:44 >> info : * 
2024/12/27 19:56:44 >> info : * Version : 1.1.0
2024/12/27 19:56:44 >> info : * Copyright(c) 2003-2024 THREET CO.,LTD. All Rights Reserved.
2024/12/27 19:56:44 >> info : * http://www.threet.co.jp
2024/12/27 19:56:44 >> info : * ------------------------------------------------------------ *
2024/12/27 19:56:44 >> debug : HTTP_REFERER > https://localhost/simplan/public_html/index.php
2024/12/27 19:56:44 >> debug : SCRIPT_URI > 
2024/12/27 19:56:44 >> debug : REQUEST_URI > /simplan/public_html/index.php
2024/12/27 19:56:44 >> debug : HTTPS > on
2024/12/27 19:56:44 >> debug : HTTPS MODE > on
2024/12/27 19:56:44 >> debug : DEF_COMMAND > cmd
2024/12/27 19:56:44 >> debug : DEF_PROCESS > prc
2024/12/27 19:56:44 >> debug : POST DATA > [prc] : <index>
2024/12/27 19:56:44 >> debug : POST DATA > [cmd] : <detail>
2024/12/27 19:56:44 >> debug : POST DATA > [sid] : <>
2024/12/27 19:56:44 >> debug : POST DATA > [pno] : <>
2024/12/27 19:56:44 >> debug : SESSION start ... OK
2024/12/27 19:56:44 >> info : Process set [index] ... OK
2024/12/27 19:56:44 >> info : Process Name [indexProcess] ... OK
2024/12/27 19:56:44 >> info : Include File [C:\xampp\htdocs\simplan\public_app\mod\user/index/process/indexProcess.php]... OK
2024/12/27 19:56:44 >> info : Class Exists [indexProcess] ... OK
2024/12/27 19:56:44 >> debug : DB Connect ... OK
2024/12/27 19:56:44 >> debug : Entering precute ...
2024/12/27 19:56:44 >> debug : Entering execute ...
2024/12/27 19:56:44 >> debug : indexProcess Entering executeDetail ...
2024/12/27 19:56:44 >> debug : Entering execDetail ...
2024/12/27 19:56:44 >> info : Session connection is NG ...
2024/12/27 19:56:54 >> info : * ------------------------------------------------------------ *
2024/12/27 19:56:54 >> info : * Simplan Framework - PHP Web Application Framework
2024/12/27 19:56:54 >> info : * 
2024/12/27 19:56:54 >> info : * Version : 1.1.0
2024/12/27 19:56:54 >> info : * Copyright(c) 2003-2024 THREET CO.,LTD. All Rights Reserved.
2024/12/27 19:56:54 >> info : * http://www.threet.co.jp
2024/12/27 19:56:54 >> info : * ------------------------------------------------------------ *
2024/12/27 19:56:54 >> debug : HTTP_REFERER > https://localhost/simplan/public_html/
2024/12/27 19:56:54 >> debug : SCRIPT_URI > 
2024/12/27 19:56:54 >> debug : REQUEST_URI > /simplan/public_html/index.php?cmd=timeout
2024/12/27 19:56:54 >> debug : HTTPS > on
2024/12/27 19:56:54 >> debug : HTTPS MODE > on
2024/12/27 19:56:54 >> debug : DEF_COMMAND > cmd
2024/12/27 19:56:54 >> debug : DEF_PROCESS > prc
2024/12/27 19:56:54 >> debug : GET DATA > [cmd] : <timeout>
2024/12/27 19:56:54 >> debug : SESSION start ... OK
2024/12/27 19:56:54 >> info : Process set [index] ... OK
2024/12/27 19:56:54 >> info : Process Name [indexProcess] ... OK
2024/12/27 19:56:54 >> info : Include File [C:\xampp\htdocs\simplan\public_app\mod\user/index/process/indexProcess.php]... OK
2024/12/27 19:56:54 >> info : Class Exists [indexProcess] ... OK
2024/12/27 19:56:54 >> debug : DB Connect ... OK
2024/12/27 19:56:54 >> debug : Entering precute ...
2024/12/27 19:56:54 >> debug : Entering execute ...
2024/12/27 19:56:54 >> debug : indexProcess Entering executeTimeout ...
2024/12/27 19:56:54 >> debug : Entering executeTimeout ...
2024/12/27 19:56:54 >> debug : Entering postcute ...
2024/12/27 19:56:54 >> debug : DB Connect Close ... OK
2024/12/27 19:57:04 >> info : * ------------------------------------------------------------ *
2024/12/27 19:57:04 >> info : * Simplan Framework - PHP Web Application Framework
2024/12/27 19:57:04 >> info : * 
2024/12/27 19:57:04 >> info : * Version : 1.1.0
2024/12/27 19:57:04 >> info : * Copyright(c) 2003-2024 THREET CO.,LTD. All Rights Reserved.
2024/12/27 19:57:04 >> info : * http://www.threet.co.jp
2024/12/27 19:57:04 >> info : * ------------------------------------------------------------ *
2024/12/27 19:57:04 >> debug : HTTP_REFERER > https://localhost/simplan/public_html/index.php?cmd=timeout
2024/12/27 19:57:04 >> debug : SCRIPT_URI > 
2024/12/27 19:57:04 >> debug : REQUEST_URI > /simplan/public_html/index.php
2024/12/27 19:57:04 >> debug : HTTPS > on
2024/12/27 19:57:04 >> debug : HTTPS MODE > on
2024/12/27 19:57:04 >> debug : DEF_COMMAND > cmd
2024/12/27 19:57:04 >> debug : DEF_PROCESS > prc
2024/12/27 19:57:04 >> debug : POST DATA > [prc] : <index>
2024/12/27 19:57:04 >> debug : POST DATA > [cmd] : <login>
2024/12/27 19:57:04 >> debug : POST DATA > [f_login_id] : <aaaa>
2024/12/27 19:57:04 >> debug : POST DATA > [f_password] : <aaaa>
2024/12/27 19:57:04 >> debug : SESSION start ... OK
2024/12/27 19:57:04 >> info : Process set [index] ... OK
2024/12/27 19:57:04 >> info : Process Name [indexProcess] ... OK
2024/12/27 19:57:04 >> info : Include File [C:\xampp\htdocs\simplan\public_app\mod\user/index/process/indexProcess.php]... OK
2024/12/27 19:57:04 >> info : Class Exists [indexProcess] ... OK
2024/12/27 19:57:04 >> debug : DB Connect ... OK
2024/12/27 19:57:04 >> debug : Entering precute ...
2024/12/27 19:57:04 >> debug : Entering execute ...
2024/12/27 19:57:04 >> debug : indexProcess Entering executeLogin ...
2024/12/27 19:57:04 >> debug : Entering executeLogin ...
2024/12/27 19:57:04 >> info : SimplanAbstractProcess::execCommand -> AbstractCommand::executeProcess > [ m_user/login.sql ]
2024/12/27 19:57:04 >> debug : WideDB_SimplanInterface::QueryExecute >>SELECT user.f_user_id ,user.f_name ,user.f_surname_kana ,user.f_mailaddress ,user.f_login_id ,user.f_password ,user.f_del_flg ,user.f_reg_account ,user.f_reg_time ,user.f_upd_account ,user.f_upd_time FROM m_user user WHERE user.f_login_id = 'aaaa' AND user.f_password = 'aaaa' AND user.f_del_flg = '0'
2024/12/27 19:57:04 >> error : WideDB_SimplanInterface::QueryExecute >>SELECT user.f_user_id ,user.f_name ,user.f_surname_kana ,user.f_mailaddress ,user.f_login_id ,user.f_password ,user.f_del_flg ,user.f_reg_account ,user.f_reg_time ,user.f_upd_account ,user.f_upd_time FROM m_user user WHERE user.f_login_id = 'aaaa' AND user.f_password = 'aaaa' AND user.f_del_flg = '0'
::
2024/12/27 19:57:04 >> info : execQuery TIME : 0.00076 second
2024/12/27 19:57:04 >> error : SimplanAbstractProcess::execCommand -> AbstractCommand::executeProcess m_user/login.sql.sql is  error.
::
2024/12/27 19:57:04 >> error : m_user login ... NG
2024/12/27 19:57:04 >> debug : [ERROR_PAGE] エラー: 
2024/12/27 19:57:04 >> debug : [ERROR_PAGE] メッセージ: 対象データの取得に失敗しました。
2024/12/27 19:57:04 >> debug : [ERROR_PAGE] 名称: 
2024/12/27 19:57:04 >> debug : [ERROR_PAGE] URL: index.php
2024/12/27 19:57:04 >> debug : [ERROR_PAGE] PROCESS: 
2024/12/27 19:57:04 >> debug : [ERROR_PAGE] CMD: 
2024/12/27 19:58:30 >> info : * ------------------------------------------------------------ *
2024/12/27 19:58:30 >> info : * Simplan Framework - PHP Web Application Framework
2024/12/27 19:58:30 >> info : * 
2024/12/27 19:58:30 >> info : * Version : 1.1.0
2024/12/27 19:58:30 >> info : * Copyright(c) 2003-2024 THREET CO.,LTD. All Rights Reserved.
2024/12/27 19:58:30 >> info : * http://www.threet.co.jp
2024/12/27 19:58:30 >> info : * ------------------------------------------------------------ *
2024/12/27 19:58:30 >> debug : HTTP_REFERER > 
2024/12/27 19:58:30 >> debug : SCRIPT_URI > 
2024/12/27 19:58:30 >> debug : REQUEST_URI > /simplan/public_html/admin/
2024/12/27 19:58:30 >> debug : HTTPS > on
2024/12/27 19:58:30 >> debug : HTTPS MODE > on
2024/12/27 19:58:30 >> debug : DEF_COMMAND > cmd
2024/12/27 19:58:30 >> debug : DEF_PROCESS > prc
2024/12/27 19:58:30 >> debug : SESSION start ... OK
2024/12/27 19:58:30 >> info : Process set [index] ... OK
2024/12/27 19:58:30 >> info : Process Name [indexProcess] ... OK
2024/12/27 19:58:57 >> info : * ------------------------------------------------------------ *
2024/12/27 19:58:57 >> info : * Simplan Framework - PHP Web Application Framework
2024/12/27 19:58:57 >> info : * 
2024/12/27 19:58:57 >> info : * Version : 1.1.0
2024/12/27 19:58:57 >> info : * Copyright(c) 2003-2024 THREET CO.,LTD. All Rights Reserved.
2024/12/27 19:58:57 >> info : * http://www.threet.co.jp
2024/12/27 19:58:57 >> info : * ------------------------------------------------------------ *
2024/12/27 19:58:57 >> debug : HTTP_REFERER > 
2024/12/27 19:58:57 >> debug : SCRIPT_URI > 
2024/12/27 19:58:57 >> debug : REQUEST_URI > /simplan/public_html/admin/
2024/12/27 19:58:57 >> debug : HTTPS > on
2024/12/27 19:58:57 >> debug : HTTPS MODE > on
2024/12/27 19:58:57 >> debug : DEF_COMMAND > cmd
2024/12/27 19:58:57 >> debug : DEF_PROCESS > prc
2024/12/27 19:58:57 >> debug : SESSION start ... OK
2024/12/27 19:58:57 >> info : Process set [index] ... OK
2024/12/27 19:58:57 >> info : Process Name [indexProcess] ... OK
2024/12/27 19:58:57 >> info : Include File [C:\xampp\htdocs\simplan\public_app\mod\admin/index/process/indexProcess.php]... OK
2024/12/27 19:58:57 >> info : Class Exists [indexProcess] ... OK
2024/12/27 19:58:57 >> debug : DB Connect ... OK
2024/12/27 19:58:57 >> debug : Entering precute ...
2024/12/27 19:58:57 >> debug : Entering execute ...
2024/12/27 19:58:57 >> debug : indexProcess Entering executeDefault ...
2024/12/27 19:58:57 >> debug : Entering execDefualt ...
2024/12/27 19:58:57 >> info : Session connection is NG ...
2024/12/27 19:58:57 >> debug : Entering postcute ...
2024/12/27 19:58:57 >> debug : DB Connect Close ... OK
2024/12/27 19:59:07 >> info : * ------------------------------------------------------------ *
2024/12/27 19:59:07 >> info : * Simplan Framework - PHP Web Application Framework
2024/12/27 19:59:07 >> info : * 
2024/12/27 19:59:07 >> info : * Version : 1.1.0
2024/12/27 19:59:07 >> info : * Copyright(c) 2003-2024 THREET CO.,LTD. All Rights Reserved.
2024/12/27 19:59:07 >> info : * http://www.threet.co.jp
2024/12/27 19:59:07 >> info : * ------------------------------------------------------------ *
2024/12/27 19:59:07 >> debug : HTTP_REFERER > https://localhost/simplan/public_html/admin/
2024/12/27 19:59:07 >> debug : SCRIPT_URI > 
2024/12/27 19:59:07 >> debug : REQUEST_URI > /simplan/public_html/admin/index.php
2024/12/27 19:59:07 >> debug : HTTPS > on
2024/12/27 19:59:07 >> debug : HTTPS MODE > on
2024/12/27 19:59:07 >> debug : DEF_COMMAND > cmd
2024/12/27 19:59:07 >> debug : DEF_PROCESS > prc
2024/12/27 19:59:07 >> debug : POST DATA > [prc] : <index>
2024/12/27 19:59:07 >> debug : POST DATA > [cmd] : <login>
2024/12/27 19:59:07 >> debug : POST DATA > [f_id] : <aaaa>
2024/12/27 19:59:07 >> debug : POST DATA > [f_password] : <aaaa>
2024/12/27 19:59:07 >> debug : SESSION start ... OK
2024/12/27 19:59:07 >> info : Process set [index] ... OK
2024/12/27 19:59:07 >> info : Process Name [indexProcess] ... OK
2024/12/27 19:59:07 >> info : Include File [C:\xampp\htdocs\simplan\public_app\mod\admin/index/process/indexProcess.php]... OK
2024/12/27 19:59:07 >> info : Class Exists [indexProcess] ... OK
2024/12/27 19:59:07 >> debug : DB Connect ... OK
2024/12/27 19:59:07 >> debug : Entering precute ...
2024/12/27 19:59:07 >> debug : Entering execute ...
2024/12/27 19:59:07 >> debug : indexProcess Entering executeLogin ...
2024/12/27 19:59:07 >> debug : Entering executeLogin ...
2024/12/27 19:59:07 >> info : SimplanAbstractProcess::execCommand -> AbstractCommand::executeProcess > [ m_admin/login.sql ]
2024/12/27 19:59:07 >> debug : WideDB_SimplanInterface::QueryExecute >>SELECT ma.f_admin_id ,ma.f_name ,ma.f_mailaddress ,ma.f_id ,ma.f_password ,ma.f_admin_kbn ,ma.f_auth ,ma.f_auth_value ,ma.f_del_flg ,ma.f_reg_account ,ma.f_reg_time ,ma.f_upd_account ,ma.f_upd_time FROM m_admin ma WHERE ma.f_id = 'aaaa' AND ma.f_password = '11c6b15d8a138ea462dfeb23f6b7a39b1ceb5b0069a117c67c362b1b04548153' AND ma.f_del_flg = '0'
2024/12/27 19:59:07 >> error : WideDB_SimplanInterface::QueryExecute >>SELECT ma.f_admin_id ,ma.f_name ,ma.f_mailaddress ,ma.f_id ,ma.f_password ,ma.f_admin_kbn ,ma.f_auth ,ma.f_auth_value ,ma.f_del_flg ,ma.f_reg_account ,ma.f_reg_time ,ma.f_upd_account ,ma.f_upd_time FROM m_admin ma WHERE ma.f_id = 'aaaa' AND ma.f_password = '11c6b15d8a138ea462dfeb23f6b7a39b1ceb5b0069a117c67c362b1b04548153' AND ma.f_del_flg = '0'
::
2024/12/27 19:59:07 >> info : execQuery TIME : 0.00091 second
2024/12/27 19:59:07 >> error : SimplanAbstractProcess::execCommand -> AbstractCommand::executeProcess m_admin/login.sql.sql is  error.
::
2024/12/27 19:59:07 >> error : m_admin login ... NG
2024/12/27 19:59:33 >> info : * ------------------------------------------------------------ *
2024/12/27 19:59:33 >> info : * Simplan Framework - PHP Web Application Framework
2024/12/27 19:59:33 >> info : * 
2024/12/27 19:59:33 >> info : * Version : 1.1.0
2024/12/27 19:59:33 >> info : * Copyright(c) 2003-2024 THREET CO.,LTD. All Rights Reserved.
2024/12/27 19:59:33 >> info : * http://www.threet.co.jp
2024/12/27 19:59:33 >> info : * ------------------------------------------------------------ *
2024/12/27 19:59:33 >> debug : HTTP_REFERER > https://localhost/simplan/public_html/admin/
2024/12/27 19:59:33 >> debug : SCRIPT_URI > 
2024/12/27 19:59:33 >> debug : REQUEST_URI > /simplan/public_html/admin/index.php
2024/12/27 19:59:33 >> debug : HTTPS > on
2024/12/27 19:59:33 >> debug : HTTPS MODE > on
2024/12/27 19:59:33 >> debug : DEF_COMMAND > cmd
2024/12/27 19:59:33 >> debug : DEF_PROCESS > prc
2024/12/27 19:59:33 >> debug : POST DATA > [prc] : <index>
2024/12/27 19:59:33 >> debug : POST DATA > [cmd] : <login>
2024/12/27 19:59:33 >> debug : POST DATA > [f_id] : <aaaa>
2024/12/27 19:59:33 >> debug : POST DATA > [f_password] : <aaaa>
2024/12/27 19:59:33 >> debug : SESSION start ... OK
2024/12/27 19:59:33 >> info : Process set [index] ... OK
2024/12/27 19:59:33 >> info : Process Name [indexProcess] ... OK
2024/12/27 19:59:33 >> info : Include File [C:\xampp\htdocs\simplan\public_app\mod\admin/index/process/indexProcess.php]... OK
2024/12/27 19:59:33 >> info : Class Exists [indexProcess] ... OK
2024/12/27 19:59:33 >> debug : DB Connect ... OK
2024/12/27 19:59:33 >> debug : Entering precute ...
2024/12/27 19:59:33 >> debug : Entering execute ...
2024/12/27 19:59:33 >> debug : indexProcess Entering executeLogin ...
2024/12/27 19:59:33 >> debug : Entering executeLogin ...
2024/12/27 19:59:33 >> info : SimplanAbstractProcess::execCommand -> AbstractCommand::executeProcess > [ m_admin/login.sql ]
2024/12/27 19:59:33 >> debug : WideDB_SimplanInterface::QueryExecute >>SELECT ma.f_admin_id ,ma.f_name ,ma.f_mailaddress ,ma.f_id ,ma.f_password ,ma.f_admin_kbn ,ma.f_auth ,ma.f_auth_value ,ma.f_del_flg ,ma.f_reg_account ,ma.f_reg_time ,ma.f_upd_account ,ma.f_upd_time FROM m_admin ma WHERE ma.f_id = 'aaaa' AND ma.f_password = '11c6b15d8a138ea462dfeb23f6b7a39b1ceb5b0069a117c67c362b1b04548153' AND ma.f_del_flg = '0'
2024/12/27 19:59:33 >> error : WideDB_SimplanInterface::QueryExecute >>SELECT ma.f_admin_id ,ma.f_name ,ma.f_mailaddress ,ma.f_id ,ma.f_password ,ma.f_admin_kbn ,ma.f_auth ,ma.f_auth_value ,ma.f_del_flg ,ma.f_reg_account ,ma.f_reg_time ,ma.f_upd_account ,ma.f_upd_time FROM m_admin ma WHERE ma.f_id = 'aaaa' AND ma.f_password = '11c6b15d8a138ea462dfeb23f6b7a39b1ceb5b0069a117c67c362b1b04548153' AND ma.f_del_flg = '0'
::
2024/12/27 19:59:33 >> info : execQuery TIME : 0.00066 second
2024/12/27 19:59:33 >> error : SimplanAbstractProcess::execCommand -> AbstractCommand::executeProcess m_admin/login.sql.sql is  error.
::
2024/12/27 19:59:33 >> error : m_admin login ... NG
2024/12/27 19:59:33 >> debug : [ERROR_PAGE] エラー: 
2024/12/27 19:59:33 >> debug : [ERROR_PAGE] メッセージ: 対象データの取得に失敗しました。
2024/12/27 19:59:33 >> debug : [ERROR_PAGE] 名称: 
2024/12/27 19:59:33 >> debug : [ERROR_PAGE] URL: index.php
2024/12/27 19:59:33 >> debug : [ERROR_PAGE] PROCESS: 
2024/12/27 19:59:33 >> debug : [ERROR_PAGE] CMD: 
2024/12/27 19:59:37 >> info : * ------------------------------------------------------------ *
2024/12/27 19:59:37 >> info : * Simplan Framework - PHP Web Application Framework
2024/12/27 19:59:37 >> info : * 
2024/12/27 19:59:37 >> info : * Version : 1.1.0
2024/12/27 19:59:37 >> info : * Copyright(c) 2003-2024 THREET CO.,LTD. All Rights Reserved.
2024/12/27 19:59:37 >> info : * http://www.threet.co.jp
2024/12/27 19:59:37 >> info : * ------------------------------------------------------------ *
2024/12/27 19:59:37 >> debug : HTTP_REFERER > https://localhost/simplan/public_html/admin/index.php
2024/12/27 19:59:37 >> debug : SCRIPT_URI > 
2024/12/27 19:59:37 >> debug : REQUEST_URI > /simplan/public_html/admin/addemployee.php
2024/12/27 19:59:37 >> debug : HTTPS > on
2024/12/27 19:59:37 >> debug : HTTPS MODE > on
2024/12/27 19:59:37 >> debug : DEF_COMMAND > cmd
2024/12/27 19:59:37 >> debug : DEF_PROCESS > prc
2024/12/27 19:59:37 >> debug : SESSION start ... OK
2024/12/27 19:59:37 >> info : Process set [index] ... OK
2024/12/27 19:59:37 >> info : Process Name [listProcess] ... OK
2024/12/27 19:59:37 >> info : Include File [C:\xampp\htdocs\simplan\public_app\mod\admin/addemployee/process/listProcess.php]... OK
2024/12/27 19:59:37 >> info : Class Exists [listProcess] ... OK
2024/12/27 19:59:37 >> debug : DB Connect ... OK
2024/12/27 19:59:37 >> debug : Entering precute ...
2024/12/27 19:59:37 >> info : Session connection is NG ...
2024/12/27 19:59:37 >> info : * ------------------------------------------------------------ *
2024/12/27 19:59:37 >> info : * Simplan Framework - PHP Web Application Framework
2024/12/27 19:59:37 >> info : * 
2024/12/27 19:59:37 >> info : * Version : 1.1.0
2024/12/27 19:59:37 >> info : * Copyright(c) 2003-2024 THREET CO.,LTD. All Rights Reserved.
2024/12/27 19:59:37 >> info : * http://www.threet.co.jp
2024/12/27 19:59:37 >> info : * ------------------------------------------------------------ *
2024/12/27 19:59:37 >> debug : HTTP_REFERER > https://localhost/simplan/public_html/admin/index.php
2024/12/27 19:59:37 >> debug : SCRIPT_URI > 
2024/12/27 19:59:37 >> debug : REQUEST_URI > /simplan/public_html/admin/index.php?cmd=timeout
2024/12/27 19:59:37 >> debug : HTTPS > on
2024/12/27 19:59:37 >> debug : HTTPS MODE > on
2024/12/27 19:59:37 >> debug : DEF_COMMAND > cmd
2024/12/27 19:59:37 >> debug : DEF_PROCESS > prc
2024/12/27 19:59:37 >> debug : GET DATA > [cmd] : <timeout>
2024/12/27 19:59:37 >> debug : SESSION start ... OK
2024/12/27 19:59:37 >> info : Process set [index] ... OK
2024/12/27 19:59:37 >> info : Process Name [indexProcess] ... OK
2024/12/27 19:59:37 >> info : Include File [C:\xampp\htdocs\simplan\public_app\mod\admin/index/process/indexProcess.php]... OK
2024/12/27 19:59:37 >> info : Class Exists [indexProcess] ... OK
2024/12/27 19:59:37 >> debug : DB Connect ... OK
2024/12/27 19:59:37 >> debug : Entering precute ...
2024/12/27 19:59:37 >> debug : Entering execute ...
2024/12/27 19:59:37 >> debug : indexProcess Entering executeTimeout ...
2024/12/27 19:59:37 >> debug : Entering executeTimeout ...
2024/12/27 19:59:37 >> debug : Entering postcute ...
2024/12/27 19:59:37 >> debug : DB Connect Close ... OK
2024/12/27 19:59:45 >> info : * ------------------------------------------------------------ *
2024/12/27 19:59:45 >> info : * Simplan Framework - PHP Web Application Framework
2024/12/27 19:59:45 >> info : * 
2024/12/27 19:59:45 >> info : * Version : 1.1.0
2024/12/27 19:59:45 >> info : * Copyright(c) 2003-2024 THREET CO.,LTD. All Rights Reserved.
2024/12/27 19:59:45 >> info : * http://www.threet.co.jp
2024/12/27 19:59:45 >> info : * ------------------------------------------------------------ *
2024/12/27 19:59:45 >> debug : HTTP_REFERER > https://localhost/simplan/public_html/admin/index.php?cmd=timeout
2024/12/27 19:59:45 >> debug : SCRIPT_URI > 
2024/12/27 19:59:45 >> debug : REQUEST_URI > /simplan/public_html/admin/index.php
2024/12/27 19:59:45 >> debug : HTTPS > on
2024/12/27 19:59:45 >> debug : HTTPS MODE > on
2024/12/27 19:59:45 >> debug : DEF_COMMAND > cmd
2024/12/27 19:59:45 >> debug : DEF_PROCESS > prc
2024/12/27 19:59:45 >> debug : POST DATA > [prc] : <index>
2024/12/27 19:59:45 >> debug : POST DATA > [cmd] : <login>
2024/12/27 19:59:45 >> debug : POST DATA > [f_id] : <aaaa>
2024/12/27 19:59:45 >> debug : POST DATA > [f_password] : <aaaa>
2024/12/27 19:59:45 >> debug : SESSION start ... OK
2024/12/27 19:59:45 >> info : Process set [index] ... OK
2024/12/27 19:59:45 >> info : Process Name [indexProcess] ... OK
2024/12/27 19:59:45 >> info : Include File [C:\xampp\htdocs\simplan\public_app\mod\admin/index/process/indexProcess.php]... OK
2024/12/27 19:59:45 >> info : Class Exists [indexProcess] ... OK
2024/12/27 19:59:45 >> debug : DB Connect ... OK
2024/12/27 19:59:45 >> debug : Entering precute ...
2024/12/27 19:59:45 >> debug : Entering execute ...
2024/12/27 19:59:45 >> debug : indexProcess Entering executeLogin ...
2024/12/27 19:59:45 >> debug : Entering executeLogin ...
2024/12/27 19:59:45 >> info : SimplanAbstractProcess::execCommand -> AbstractCommand::executeProcess > [ m_admin/login.sql ]
2024/12/27 19:59:45 >> debug : WideDB_SimplanInterface::QueryExecute >>SELECT ma.f_admin_id ,ma.f_name ,ma.f_mailaddress ,ma.f_id ,ma.f_password ,ma.f_admin_kbn ,ma.f_auth ,ma.f_auth_value ,ma.f_del_flg ,ma.f_reg_account ,ma.f_reg_time ,ma.f_upd_account ,ma.f_upd_time FROM m_admin ma WHERE ma.f_id = 'aaaa' AND ma.f_password = '11c6b15d8a138ea462dfeb23f6b7a39b1ceb5b0069a117c67c362b1b04548153' AND ma.f_del_flg = '0'
2024/12/27 19:59:45 >> error : WideDB_SimplanInterface::QueryExecute >>SELECT ma.f_admin_id ,ma.f_name ,ma.f_mailaddress ,ma.f_id ,ma.f_password ,ma.f_admin_kbn ,ma.f_auth ,ma.f_auth_value ,ma.f_del_flg ,ma.f_reg_account ,ma.f_reg_time ,ma.f_upd_account ,ma.f_upd_time FROM m_admin ma WHERE ma.f_id = 'aaaa' AND ma.f_password = '11c6b15d8a138ea462dfeb23f6b7a39b1ceb5b0069a117c67c362b1b04548153' AND ma.f_del_flg = '0'
::
2024/12/27 19:59:45 >> info : execQuery TIME : 0.00071 second
2024/12/27 19:59:45 >> error : SimplanAbstractProcess::execCommand -> AbstractCommand::executeProcess m_admin/login.sql.sql is  error.
::
2024/12/27 19:59:45 >> error : m_admin login ... NG
2024/12/27 19:59:45 >> debug : [ERROR_PAGE] エラー: 
2024/12/27 19:59:45 >> debug : [ERROR_PAGE] メッセージ: 対象データの取得に失敗しました。
2024/12/27 19:59:45 >> debug : [ERROR_PAGE] 名称: 
2024/12/27 19:59:45 >> debug : [ERROR_PAGE] URL: index.php
2024/12/27 19:59:45 >> debug : [ERROR_PAGE] PROCESS: 
2024/12/27 19:59:45 >> debug : [ERROR_PAGE] CMD: 
2024/12/27 20:00:59 >> info : * ------------------------------------------------------------ *
2024/12/27 20:00:59 >> info : * Simplan Framework - PHP Web Application Framework
2024/12/27 20:00:59 >> info : * 
2024/12/27 20:00:59 >> info : * Version : 1.1.0
2024/12/27 20:00:59 >> info : * Copyright(c) 2003-2024 THREET CO.,LTD. All Rights Reserved.
2024/12/27 20:00:59 >> info : * http://www.threet.co.jp
2024/12/27 20:00:59 >> info : * ------------------------------------------------------------ *
2024/12/27 20:00:59 >> debug : HTTP_REFERER > 
2024/12/27 20:00:59 >> debug : SCRIPT_URI > 
2024/12/27 20:00:59 >> debug : REQUEST_URI > /simplan/public_html/admin/
2024/12/27 20:00:59 >> debug : HTTPS > on
2024/12/27 20:00:59 >> debug : HTTPS MODE > on
2024/12/27 20:00:59 >> debug : DEF_COMMAND > cmd
2024/12/27 20:00:59 >> debug : DEF_PROCESS > prc
2024/12/27 20:00:59 >> debug : SESSION start ... OK
2024/12/27 20:00:59 >> info : Process set [index] ... OK
2024/12/27 20:00:59 >> info : Process Name [indexProcess] ... OK
2024/12/27 20:00:59 >> info : Include File [C:\xampp\htdocs\simplan\public_app\mod\admin/index/process/indexProcess.php]... OK
2024/12/27 20:00:59 >> info : Class Exists [indexProcess] ... OK
2024/12/27 20:00:59 >> debug : DB Connect ... OK
2024/12/27 20:00:59 >> debug : Entering precute ...
2024/12/27 20:00:59 >> debug : Entering execute ...
2024/12/27 20:00:59 >> debug : indexProcess Entering executeDefault ...
2024/12/27 20:00:59 >> debug : Entering execDefualt ...
2024/12/27 20:00:59 >> info : Session connection is NG ...
2024/12/27 20:00:59 >> debug : Entering postcute ...
2024/12/27 20:00:59 >> debug : DB Connect Close ... OK
2024/12/27 20:01:04 >> info : * ------------------------------------------------------------ *
2024/12/27 20:01:04 >> info : * Simplan Framework - PHP Web Application Framework
2024/12/27 20:01:04 >> info : * 
2024/12/27 20:01:04 >> info : * Version : 1.1.0
2024/12/27 20:01:04 >> info : * Copyright(c) 2003-2024 THREET CO.,LTD. All Rights Reserved.
2024/12/27 20:01:04 >> info : * http://www.threet.co.jp
2024/12/27 20:01:04 >> info : * ------------------------------------------------------------ *
2024/12/27 20:01:04 >> debug : HTTP_REFERER > https://localhost/simplan/public_html/admin/
2024/12/27 20:01:04 >> debug : SCRIPT_URI > 
2024/12/27 20:01:04 >> debug : REQUEST_URI > /simplan/public_html/admin/index.php
2024/12/27 20:01:04 >> debug : HTTPS > on
2024/12/27 20:01:04 >> debug : HTTPS MODE > on
2024/12/27 20:01:04 >> debug : DEF_COMMAND > cmd
2024/12/27 20:01:04 >> debug : DEF_PROCESS > prc
2024/12/27 20:01:04 >> debug : POST DATA > [prc] : <index>
2024/12/27 20:01:04 >> debug : POST DATA > [cmd] : <login>
2024/12/27 20:01:04 >> debug : POST DATA > [f_id] : <aaaa>
2024/12/27 20:01:04 >> debug : POST DATA > [f_password] : <aaaa>
2024/12/27 20:01:04 >> debug : SESSION start ... OK
2024/12/27 20:01:04 >> info : Process set [index] ... OK
2024/12/27 20:01:04 >> info : Process Name [indexProcess] ... OK
2024/12/27 20:01:04 >> info : Include File [C:\xampp\htdocs\simplan\public_app\mod\admin/index/process/indexProcess.php]... OK
2024/12/27 20:01:04 >> info : Class Exists [indexProcess] ... OK
2024/12/27 20:01:04 >> debug : DB Connect ... OK
2024/12/27 20:01:04 >> debug : Entering precute ...
2024/12/27 20:01:04 >> debug : Entering execute ...
2024/12/27 20:01:04 >> debug : indexProcess Entering executeLogin ...
2024/12/27 20:01:04 >> debug : Entering executeLogin ...
2024/12/27 20:01:04 >> info : SimplanAbstractProcess::execCommand -> AbstractCommand::executeProcess > [ m_admin/login.sql ]
2024/12/27 20:01:04 >> debug : WideDB_SimplanInterface::QueryExecute >>SELECT ma.f_admin_id ,ma.f_name ,ma.f_mailaddress ,ma.f_id ,ma.f_password ,ma.f_admin_kbn ,ma.f_auth ,ma.f_auth_value ,ma.f_del_flg ,ma.f_reg_account ,ma.f_reg_time ,ma.f_upd_account ,ma.f_upd_time FROM m_admin ma WHERE ma.f_id = 'aaaa' AND ma.f_password = '11c6b15d8a138ea462dfeb23f6b7a39b1ceb5b0069a117c67c362b1b04548153' AND ma.f_del_flg = '0'
2024/12/27 20:01:04 >> error : WideDB_SimplanInterface::QueryExecute >>SELECT ma.f_admin_id ,ma.f_name ,ma.f_mailaddress ,ma.f_id ,ma.f_password ,ma.f_admin_kbn ,ma.f_auth ,ma.f_auth_value ,ma.f_del_flg ,ma.f_reg_account ,ma.f_reg_time ,ma.f_upd_account ,ma.f_upd_time FROM m_admin ma WHERE ma.f_id = 'aaaa' AND ma.f_password = '11c6b15d8a138ea462dfeb23f6b7a39b1ceb5b0069a117c67c362b1b04548153' AND ma.f_del_flg = '0'
::
2024/12/27 20:01:04 >> info : execQuery TIME : 0.00072 second
2024/12/27 20:01:04 >> error : SimplanAbstractProcess::execCommand -> AbstractCommand::executeProcess m_admin/login.sql.sql is  error.
::
2024/12/27 20:01:04 >> error : m_admin login ... NG
2024/12/27 20:01:04 >> debug : [ERROR_PAGE] エラー: 
2024/12/27 20:01:04 >> debug : [ERROR_PAGE] メッセージ: 対象データの取得に失敗しました。
2024/12/27 20:01:04 >> debug : [ERROR_PAGE] 名称: 
2024/12/27 20:01:04 >> debug : [ERROR_PAGE] URL: index.php
2024/12/27 20:01:04 >> debug : [ERROR_PAGE] PROCESS: 
2024/12/27 20:01:04 >> debug : [ERROR_PAGE] CMD: 
2024/12/27 20:01:22 >> info : * ------------------------------------------------------------ *
2024/12/27 20:01:22 >> info : * Simplan Framework - PHP Web Application Framework
2024/12/27 20:01:22 >> info : * 
2024/12/27 20:01:22 >> info : * Version : 1.1.0
2024/12/27 20:01:22 >> info : * Copyright(c) 2003-2024 THREET CO.,LTD. All Rights Reserved.
2024/12/27 20:01:22 >> info : * http://www.threet.co.jp
2024/12/27 20:01:22 >> info : * ------------------------------------------------------------ *
2024/12/27 20:01:22 >> debug : HTTP_REFERER > https://localhost/simplan/public_html/admin/index.php
2024/12/27 20:01:22 >> debug : SCRIPT_URI > 
2024/12/27 20:01:22 >> debug : REQUEST_URI > /simplan/public_html/admin/index.php?cmd=logout
2024/12/27 20:01:22 >> debug : HTTPS > on
2024/12/27 20:01:22 >> debug : HTTPS MODE > on
2024/12/27 20:01:22 >> debug : DEF_COMMAND > cmd
2024/12/27 20:01:22 >> debug : DEF_PROCESS > prc
2024/12/27 20:01:22 >> debug : GET DATA > [cmd] : <logout>
2024/12/27 20:01:22 >> debug : SESSION start ... OK
2024/12/27 20:01:22 >> info : Process set [index] ... OK
2024/12/27 20:01:22 >> info : Process Name [indexProcess] ... OK
2024/12/27 20:01:22 >> info : Include File [C:\xampp\htdocs\simplan\public_app\mod\admin/index/process/indexProcess.php]... OK
2024/12/27 20:01:22 >> info : Class Exists [indexProcess] ... OK
2024/12/27 20:01:22 >> debug : DB Connect ... OK
2024/12/27 20:01:22 >> debug : Entering precute ...
2024/12/27 20:01:22 >> debug : Entering execute ...
2024/12/27 20:01:22 >> debug : indexProcess Entering executeLogout ...
2024/12/27 20:01:22 >> debug : Entering executeLogout ...
2024/12/27 20:01:22 >> debug : Entering postcute ...
2024/12/27 20:01:22 >> debug : DB Connect Close ... OK
2024/12/27 20:01:27 >> info : * ------------------------------------------------------------ *
2024/12/27 20:01:27 >> info : * Simplan Framework - PHP Web Application Framework
2024/12/27 20:01:27 >> info : * 
2024/12/27 20:01:27 >> info : * Version : 1.1.0
2024/12/27 20:01:27 >> info : * Copyright(c) 2003-2024 THREET CO.,LTD. All Rights Reserved.
2024/12/27 20:01:27 >> info : * http://www.threet.co.jp
2024/12/27 20:01:27 >> info : * ------------------------------------------------------------ *
2024/12/27 20:01:27 >> debug : HTTP_REFERER > https://localhost/simplan/public_html/admin/index.php?cmd=logout
2024/12/27 20:01:27 >> debug : SCRIPT_URI > 
2024/12/27 20:01:27 >> debug : REQUEST_URI > /simplan/public_html/admin/index.php
2024/12/27 20:01:27 >> debug : HTTPS > on
2024/12/27 20:01:27 >> debug : HTTPS MODE > on
2024/12/27 20:01:27 >> debug : DEF_COMMAND > cmd
2024/12/27 20:01:27 >> debug : DEF_PROCESS > prc
2024/12/27 20:01:27 >> debug : POST DATA > [prc] : <index>
2024/12/27 20:01:27 >> debug : POST DATA > [cmd] : <login>
2024/12/27 20:01:27 >> debug : POST DATA > [f_id] : <aaaa>
2024/12/27 20:01:27 >> debug : POST DATA > [f_password] : <aaaa>
2024/12/27 20:01:27 >> debug : SESSION start ... OK
2024/12/27 20:01:27 >> info : Process set [index] ... OK
2024/12/27 20:01:27 >> info : Process Name [indexProcess] ... OK
2024/12/27 20:01:27 >> info : Include File [C:\xampp\htdocs\simplan\public_app\mod\admin/index/process/indexProcess.php]... OK
2024/12/27 20:01:27 >> info : Class Exists [indexProcess] ... OK
2024/12/27 20:01:27 >> debug : DB Connect ... OK
2024/12/27 20:01:27 >> debug : Entering precute ...
2024/12/27 20:01:27 >> debug : Entering execute ...
2024/12/27 20:01:27 >> debug : indexProcess Entering executeLogin ...
2024/12/27 20:01:40 >> info : * ------------------------------------------------------------ *
2024/12/27 20:01:40 >> info : * Simplan Framework - PHP Web Application Framework
2024/12/27 20:01:40 >> info : * 
2024/12/27 20:01:40 >> info : * Version : 1.1.0
2024/12/27 20:01:40 >> info : * Copyright(c) 2003-2024 THREET CO.,LTD. All Rights Reserved.
2024/12/27 20:01:40 >> info : * http://www.threet.co.jp
2024/12/27 20:01:40 >> info : * ------------------------------------------------------------ *
2024/12/27 20:01:40 >> debug : HTTP_REFERER > https://localhost/simplan/public_html/admin/index.php?cmd=logout
2024/12/27 20:01:40 >> debug : SCRIPT_URI > 
2024/12/27 20:01:40 >> debug : REQUEST_URI > /simplan/public_html/admin/index.php
2024/12/27 20:01:40 >> debug : HTTPS > on
2024/12/27 20:01:40 >> debug : HTTPS MODE > on
2024/12/27 20:01:40 >> debug : DEF_COMMAND > cmd
2024/12/27 20:01:40 >> debug : DEF_PROCESS > prc
2024/12/27 20:01:40 >> debug : POST DATA > [prc] : <index>
2024/12/27 20:01:40 >> debug : POST DATA > [cmd] : <login>
2024/12/27 20:01:40 >> debug : POST DATA > [f_id] : <aaaa>
2024/12/27 20:01:40 >> debug : POST DATA > [f_password] : <aaaa>
2024/12/27 20:01:41 >> debug : SESSION start ... OK
2024/12/27 20:01:41 >> info : Process set [index] ... OK
2024/12/27 20:01:41 >> info : Process Name [indexProcess] ... OK
2024/12/27 20:01:41 >> info : Include File [C:\xampp\htdocs\simplan\public_app\mod\admin/index/process/indexProcess.php]... OK
2024/12/27 20:01:41 >> info : Class Exists [indexProcess] ... OK
2024/12/27 20:01:41 >> debug : DB Connect ... OK
2024/12/27 20:01:41 >> debug : Entering precute ...
2024/12/27 20:01:41 >> debug : Entering execute ...
2024/12/27 20:01:41 >> debug : indexProcess Entering executeLogin ...
2024/12/27 20:01:41 >> debug : Entering executeLogin ...
2024/12/27 20:01:41 >> info : SimplanAbstractProcess::execCommand -> AbstractCommand::executeProcess > [ m_admin/login.sql ]
2024/12/27 20:01:41 >> debug : WideDB_SimplanInterface::QueryExecute >>SELECT ma.f_admin_id ,ma.f_name ,ma.f_mailaddress ,ma.f_id ,ma.f_password ,ma.f_admin_kbn ,ma.f_auth ,ma.f_auth_value ,ma.f_del_flg ,ma.f_reg_account ,ma.f_reg_time ,ma.f_upd_account ,ma.f_upd_time FROM m_admin ma WHERE ma.f_id = 'aaaa' AND ma.f_password = '11c6b15d8a138ea462dfeb23f6b7a39b1ceb5b0069a117c67c362b1b04548153' AND ma.f_del_flg = '0'
2024/12/27 20:01:41 >> error : WideDB_SimplanInterface::QueryExecute >>SELECT ma.f_admin_id ,ma.f_name ,ma.f_mailaddress ,ma.f_id ,ma.f_password ,ma.f_admin_kbn ,ma.f_auth ,ma.f_auth_value ,ma.f_del_flg ,ma.f_reg_account ,ma.f_reg_time ,ma.f_upd_account ,ma.f_upd_time FROM m_admin ma WHERE ma.f_id = 'aaaa' AND ma.f_password = '11c6b15d8a138ea462dfeb23f6b7a39b1ceb5b0069a117c67c362b1b04548153' AND ma.f_del_flg = '0'
::
2024/12/27 20:01:41 >> info : execQuery TIME : 0.00073 second
2024/12/27 20:01:41 >> error : SimplanAbstractProcess::execCommand -> AbstractCommand::executeProcess m_admin/login.sql.sql is  error.
::
2024/12/27 20:01:41 >> error : m_admin login ... NG
2024/12/27 20:01:41 >> debug : [ERROR_PAGE] エラー: 
2024/12/27 20:01:41 >> debug : [ERROR_PAGE] メッセージ: 対象データの取得に失敗しました。
2024/12/27 20:01:41 >> debug : [ERROR_PAGE] 名称: 
2024/12/27 20:01:41 >> debug : [ERROR_PAGE] URL: index.php
2024/12/27 20:01:41 >> debug : [ERROR_PAGE] PROCESS: 
2024/12/27 20:01:41 >> debug : [ERROR_PAGE] CMD: 
2024/12/27 20:01:54 >> info : * ------------------------------------------------------------ *
2024/12/27 20:01:54 >> info : * Simplan Framework - PHP Web Application Framework
2024/12/27 20:01:54 >> info : * 
2024/12/27 20:01:54 >> info : * Version : 1.1.0
2024/12/27 20:01:54 >> info : * Copyright(c) 2003-2024 THREET CO.,LTD. All Rights Reserved.
2024/12/27 20:01:54 >> info : * http://www.threet.co.jp
2024/12/27 20:01:54 >> info : * ------------------------------------------------------------ *
2024/12/27 20:01:54 >> debug : HTTP_REFERER > https://localhost/simplan/public_html/admin/index.php?cmd=logout
2024/12/27 20:01:54 >> debug : SCRIPT_URI > 
2024/12/27 20:01:54 >> debug : REQUEST_URI > /simplan/public_html/admin/index.php
2024/12/27 20:01:54 >> debug : HTTPS > on
2024/12/27 20:01:54 >> debug : HTTPS MODE > on
2024/12/27 20:01:54 >> debug : DEF_COMMAND > cmd
2024/12/27 20:01:54 >> debug : DEF_PROCESS > prc
2024/12/27 20:01:54 >> debug : POST DATA > [prc] : <index>
2024/12/27 20:01:54 >> debug : POST DATA > [cmd] : <login>
2024/12/27 20:01:54 >> debug : POST DATA > [f_id] : <aaaa>
2024/12/27 20:01:54 >> debug : POST DATA > [f_password] : <aaaa>
2024/12/27 20:01:54 >> debug : SESSION start ... OK
2024/12/27 20:01:54 >> info : Process set [index] ... OK
2024/12/27 20:01:54 >> info : Process Name [indexProcess] ... OK
2024/12/27 20:01:54 >> info : Include File [C:\xampp\htdocs\simplan\public_app\mod\admin/index/process/indexProcess.php]... OK
2024/12/27 20:01:54 >> info : Class Exists [indexProcess] ... OK
2024/12/27 20:01:54 >> debug : DB Connect ... OK
2024/12/27 20:01:54 >> debug : Entering precute ...
2024/12/27 20:01:54 >> debug : Entering execute ...
2024/12/27 20:01:54 >> debug : indexProcess Entering executeLogin ...
2024/12/27 20:01:54 >> debug : Entering executeLogin ...
2024/12/27 20:01:54 >> info : SimplanAbstractProcess::execCommand -> AbstractCommand::executeProcess > [ m_admin/login.sql ]
2024/12/27 20:01:54 >> debug : WideDB_SimplanInterface::QueryExecute >>SELECT ma.f_admin_id ,ma.f_name ,ma.f_mailaddress ,ma.f_id ,ma.f_password ,ma.f_admin_kbn ,ma.f_auth ,ma.f_auth_value ,ma.f_del_flg ,ma.f_reg_account ,ma.f_reg_time ,ma.f_upd_account ,ma.f_upd_time FROM m_admin ma WHERE ma.f_id = 'aaaa' AND ma.f_password = '11c6b15d8a138ea462dfeb23f6b7a39b1ceb5b0069a117c67c362b1b04548153' AND ma.f_del_flg = '0'
2024/12/27 20:01:54 >> error : WideDB_SimplanInterface::QueryExecute >>SELECT ma.f_admin_id ,ma.f_name ,ma.f_mailaddress ,ma.f_id ,ma.f_password ,ma.f_admin_kbn ,ma.f_auth ,ma.f_auth_value ,ma.f_del_flg ,ma.f_reg_account ,ma.f_reg_time ,ma.f_upd_account ,ma.f_upd_time FROM m_admin ma WHERE ma.f_id = 'aaaa' AND ma.f_password = '11c6b15d8a138ea462dfeb23f6b7a39b1ceb5b0069a117c67c362b1b04548153' AND ma.f_del_flg = '0'
::
2024/12/27 20:01:54 >> info : execQuery TIME : 0.00071 second
2024/12/27 20:01:54 >> error : SimplanAbstractProcess::execCommand -> AbstractCommand::executeProcess m_admin/login.sql.sql is  error.
::
2024/12/27 20:01:54 >> error : m_admin login ... NG
2024/12/27 20:01:54 >> debug : [ERROR_PAGE] エラー: 
2024/12/27 20:01:54 >> debug : [ERROR_PAGE] メッセージ: 対象データの取得に失敗しました。
2024/12/27 20:01:54 >> debug : [ERROR_PAGE] 名称: 
2024/12/27 20:01:54 >> debug : [ERROR_PAGE] URL: index.php
2024/12/27 20:01:54 >> debug : [ERROR_PAGE] PROCESS: 
2024/12/27 20:01:54 >> debug : [ERROR_PAGE] CMD: 
2024/12/27 20:01:56 >> info : * ------------------------------------------------------------ *
2024/12/27 20:01:56 >> info : * Simplan Framework - PHP Web Application Framework
2024/12/27 20:01:56 >> info : * 
2024/12/27 20:01:56 >> info : * Version : 1.1.0
2024/12/27 20:01:56 >> info : * Copyright(c) 2003-2024 THREET CO.,LTD. All Rights Reserved.
2024/12/27 20:01:56 >> info : * http://www.threet.co.jp
2024/12/27 20:01:56 >> info : * ------------------------------------------------------------ *
2024/12/27 20:01:56 >> debug : HTTP_REFERER > https://localhost/simplan/public_html/admin/index.php
2024/12/27 20:01:56 >> debug : SCRIPT_URI > 
2024/12/27 20:01:56 >> debug : REQUEST_URI > /simplan/public_html/admin/index.php?cmd=logout
2024/12/27 20:01:56 >> debug : HTTPS > on
2024/12/27 20:01:56 >> debug : HTTPS MODE > on
2024/12/27 20:01:56 >> debug : DEF_COMMAND > cmd
2024/12/27 20:01:56 >> debug : DEF_PROCESS > prc
2024/12/27 20:01:56 >> debug : GET DATA > [cmd] : <logout>
2024/12/27 20:01:56 >> debug : SESSION start ... OK
2024/12/27 20:01:56 >> info : Process set [index] ... OK
2024/12/27 20:01:56 >> info : Process Name [indexProcess] ... OK
2024/12/27 20:01:56 >> info : Include File [C:\xampp\htdocs\simplan\public_app\mod\admin/index/process/indexProcess.php]... OK
2024/12/27 20:01:56 >> info : Class Exists [indexProcess] ... OK
2024/12/27 20:01:56 >> debug : DB Connect ... OK
2024/12/27 20:01:56 >> debug : Entering precute ...
2024/12/27 20:01:56 >> debug : Entering execute ...
2024/12/27 20:01:56 >> debug : indexProcess Entering executeLogout ...
2024/12/27 20:01:56 >> debug : Entering executeLogout ...
2024/12/27 20:01:56 >> debug : Entering postcute ...
2024/12/27 20:01:56 >> debug : DB Connect Close ... OK
2024/12/27 20:02:00 >> info : * ------------------------------------------------------------ *
2024/12/27 20:02:00 >> info : * Simplan Framework - PHP Web Application Framework
2024/12/27 20:02:00 >> info : * 
2024/12/27 20:02:00 >> info : * Version : 1.1.0
2024/12/27 20:02:00 >> info : * Copyright(c) 2003-2024 THREET CO.,LTD. All Rights Reserved.
2024/12/27 20:02:00 >> info : * http://www.threet.co.jp
2024/12/27 20:02:00 >> info : * ------------------------------------------------------------ *
2024/12/27 20:02:00 >> debug : HTTP_REFERER > https://localhost/simplan/public_html/admin/index.php?cmd=logout
2024/12/27 20:02:00 >> debug : SCRIPT_URI > 
2024/12/27 20:02:00 >> debug : REQUEST_URI > /simplan/public_html/admin/index.php
2024/12/27 20:02:00 >> debug : HTTPS > on
2024/12/27 20:02:00 >> debug : HTTPS MODE > on
2024/12/27 20:02:00 >> debug : DEF_COMMAND > cmd
2024/12/27 20:02:00 >> debug : DEF_PROCESS > prc
2024/12/27 20:02:00 >> debug : POST DATA > [prc] : <index>
2024/12/27 20:02:00 >> debug : POST DATA > [cmd] : <login>
2024/12/27 20:02:00 >> debug : POST DATA > [f_id] : <aaaa>
2024/12/27 20:02:00 >> debug : POST DATA > [f_password] : <aaaa>
2024/12/27 20:02:00 >> debug : SESSION start ... OK
2024/12/27 20:02:00 >> info : Process set [index] ... OK
2024/12/27 20:02:00 >> info : Process Name [indexProcess] ... OK
2024/12/27 20:02:00 >> info : Include File [C:\xampp\htdocs\simplan\public_app\mod\admin/index/process/indexProcess.php]... OK
2024/12/27 20:02:00 >> info : Class Exists [indexProcess] ... OK
2024/12/27 20:02:00 >> debug : DB Connect ... OK
2024/12/27 20:02:00 >> debug : Entering precute ...
2024/12/27 20:02:00 >> debug : Entering execute ...
2024/12/27 20:02:00 >> debug : indexProcess Entering executeLogin ...
2024/12/27 20:02:00 >> debug : Entering executeLogin ...
2024/12/27 20:02:00 >> info : SimplanAbstractProcess::execCommand -> AbstractCommand::executeProcess > [ m_admin/login.sql ]
2024/12/27 20:02:00 >> debug : WideDB_SimplanInterface::QueryExecute >>SELECT ma.f_admin_id ,ma.f_name ,ma.f_mailaddress ,ma.f_id ,ma.f_password ,ma.f_admin_kbn ,ma.f_auth ,ma.f_auth_value ,ma.f_del_flg ,ma.f_reg_account ,ma.f_reg_time ,ma.f_upd_account ,ma.f_upd_time FROM m_admin ma WHERE ma.f_id = 'aaaa' AND ma.f_password = '11c6b15d8a138ea462dfeb23f6b7a39b1ceb5b0069a117c67c362b1b04548153' AND ma.f_del_flg = '0'
2024/12/27 20:02:00 >> error : WideDB_SimplanInterface::QueryExecute >>SELECT ma.f_admin_id ,ma.f_name ,ma.f_mailaddress ,ma.f_id ,ma.f_password ,ma.f_admin_kbn ,ma.f_auth ,ma.f_auth_value ,ma.f_del_flg ,ma.f_reg_account ,ma.f_reg_time ,ma.f_upd_account ,ma.f_upd_time FROM m_admin ma WHERE ma.f_id = 'aaaa' AND ma.f_password = '11c6b15d8a138ea462dfeb23f6b7a39b1ceb5b0069a117c67c362b1b04548153' AND ma.f_del_flg = '0'
::
2024/12/27 20:02:00 >> info : execQuery TIME : 0.00064 second
2024/12/27 20:02:00 >> error : SimplanAbstractProcess::execCommand -> AbstractCommand::executeProcess m_admin/login.sql.sql is  error.
::
2024/12/27 20:02:00 >> error : m_admin login ... NG
2024/12/27 20:02:00 >> debug : [ERROR_PAGE] エラー: 
2024/12/27 20:02:00 >> debug : [ERROR_PAGE] メッセージ: 対象データの取得に失敗しました。
2024/12/27 20:02:00 >> debug : [ERROR_PAGE] 名称: 
2024/12/27 20:02:00 >> debug : [ERROR_PAGE] URL: index.php
2024/12/27 20:02:00 >> debug : [ERROR_PAGE] PROCESS: 
2024/12/27 20:02:00 >> debug : [ERROR_PAGE] CMD: 
2024/12/27 20:02:24 >> info : * ------------------------------------------------------------ *
2024/12/27 20:02:24 >> info : * Simplan Framework - PHP Web Application Framework
2024/12/27 20:02:24 >> info : * 
2024/12/27 20:02:24 >> info : * Version : 1.1.0
2024/12/27 20:02:24 >> info : * Copyright(c) 2003-2024 THREET CO.,LTD. All Rights Reserved.
2024/12/27 20:02:24 >> info : * http://www.threet.co.jp
2024/12/27 20:02:24 >> info : * ------------------------------------------------------------ *
2024/12/27 20:02:24 >> debug : HTTP_REFERER > https://localhost/simplan/public_html/admin/index.php
2024/12/27 20:02:24 >> debug : SCRIPT_URI > 
2024/12/27 20:02:24 >> debug : REQUEST_URI > /simplan/public_html/admin/index.php?cmd=logout
2024/12/27 20:02:24 >> debug : HTTPS > on
2024/12/27 20:02:24 >> debug : HTTPS MODE > on
2024/12/27 20:02:24 >> debug : DEF_COMMAND > cmd
2024/12/27 20:02:24 >> debug : DEF_PROCESS > prc
2024/12/27 20:02:24 >> debug : GET DATA > [cmd] : <logout>
2024/12/27 20:02:24 >> debug : SESSION start ... OK
2024/12/27 20:02:24 >> info : Process set [index] ... OK
2024/12/27 20:02:24 >> info : Process Name [indexProcess] ... OK
2024/12/27 20:02:24 >> info : Include File [C:\xampp\htdocs\simplan\public_app\mod\admin/index/process/indexProcess.php]... OK
2024/12/27 20:02:24 >> info : Class Exists [indexProcess] ... OK
2024/12/27 20:02:24 >> debug : DB Connect ... OK
2024/12/27 20:02:24 >> debug : Entering precute ...
2024/12/27 20:02:24 >> debug : Entering execute ...
2024/12/27 20:02:24 >> debug : indexProcess Entering executeLogout ...
2024/12/27 20:02:24 >> debug : Entering executeLogout ...
2024/12/27 20:02:24 >> debug : Entering postcute ...
2024/12/27 20:02:24 >> debug : DB Connect Close ... OK
2024/12/27 20:02:30 >> info : * ------------------------------------------------------------ *
2024/12/27 20:02:30 >> info : * Simplan Framework - PHP Web Application Framework
2024/12/27 20:02:30 >> info : * 
2024/12/27 20:02:30 >> info : * Version : 1.1.0
2024/12/27 20:02:30 >> info : * Copyright(c) 2003-2024 THREET CO.,LTD. All Rights Reserved.
2024/12/27 20:02:30 >> info : * http://www.threet.co.jp
2024/12/27 20:02:30 >> info : * ------------------------------------------------------------ *
2024/12/27 20:02:30 >> debug : HTTP_REFERER > https://localhost/simplan/public_html/admin/index.php?cmd=logout
2024/12/27 20:02:30 >> debug : SCRIPT_URI > 
2024/12/27 20:02:30 >> debug : REQUEST_URI > /simplan/public_html/admin/index.php
2024/12/27 20:02:30 >> debug : HTTPS > on
2024/12/27 20:02:30 >> debug : HTTPS MODE > on
2024/12/27 20:02:30 >> debug : DEF_COMMAND > cmd
2024/12/27 20:02:30 >> debug : DEF_PROCESS > prc
2024/12/27 20:02:30 >> debug : POST DATA > [prc] : <index>
2024/12/27 20:02:30 >> debug : POST DATA > [cmd] : <login>
2024/12/27 20:02:30 >> debug : POST DATA > [f_id] : <aaaa>
2024/12/27 20:02:30 >> debug : POST DATA > [f_password] : <aaaa>
2024/12/27 20:02:30 >> debug : SESSION start ... OK
2024/12/27 20:02:30 >> info : Process set [index] ... OK
2024/12/27 20:02:30 >> info : Process Name [indexProcess] ... OK
2024/12/27 20:02:30 >> info : Include File [C:\xampp\htdocs\simplan\public_app\mod\admin/index/process/indexProcess.php]... OK
2024/12/27 20:02:30 >> info : Class Exists [indexProcess] ... OK
2024/12/27 20:02:30 >> debug : DB Connect ... OK
2024/12/27 20:02:30 >> debug : Entering precute ...
2024/12/27 20:02:30 >> debug : Entering execute ...
2024/12/27 20:02:30 >> debug : indexProcess Entering executeLogin ...
2024/12/27 20:03:08 >> info : * ------------------------------------------------------------ *
2024/12/27 20:03:08 >> info : * Simplan Framework - PHP Web Application Framework
2024/12/27 20:03:08 >> info : * 
2024/12/27 20:03:08 >> info : * Version : 1.1.0
2024/12/27 20:03:08 >> info : * Copyright(c) 2003-2024 THREET CO.,LTD. All Rights Reserved.
2024/12/27 20:03:08 >> info : * http://www.threet.co.jp
2024/12/27 20:03:08 >> info : * ------------------------------------------------------------ *
2024/12/27 20:03:08 >> debug : HTTP_REFERER > https://localhost/simplan/public_html/admin/index.php?cmd=logout
2024/12/27 20:03:08 >> debug : SCRIPT_URI > 
2024/12/27 20:03:08 >> debug : REQUEST_URI > /simplan/public_html/admin/index.php
2024/12/27 20:03:08 >> debug : HTTPS > on
2024/12/27 20:03:08 >> debug : HTTPS MODE > on
2024/12/27 20:03:08 >> debug : DEF_COMMAND > cmd
2024/12/27 20:03:08 >> debug : DEF_PROCESS > prc
2024/12/27 20:03:08 >> debug : POST DATA > [prc] : <index>
2024/12/27 20:03:08 >> debug : POST DATA > [cmd] : <login>
2024/12/27 20:03:08 >> debug : POST DATA > [f_id] : <aaaa>
2024/12/27 20:03:08 >> debug : POST DATA > [f_password] : <aaaa>
2024/12/27 20:03:08 >> debug : SESSION start ... OK
2024/12/27 20:03:08 >> info : Process set [index] ... OK
2024/12/27 20:03:08 >> info : Process Name [indexProcess] ... OK
2024/12/27 20:03:08 >> info : Include File [C:\xampp\htdocs\simplan\public_app\mod\admin/index/process/indexProcess.php]... OK
2024/12/27 20:03:08 >> info : Class Exists [indexProcess] ... OK
2024/12/27 20:03:08 >> debug : DB Connect ... OK
2024/12/27 20:03:08 >> debug : Entering precute ...
2024/12/27 20:03:08 >> debug : Entering execute ...
2024/12/27 20:03:08 >> debug : indexProcess Entering executeLogin ...
2024/12/27 20:03:08 >> debug : Entering executeLogin ...
2024/12/27 20:03:57 >> info : * ------------------------------------------------------------ *
2024/12/27 20:03:57 >> info : * Simplan Framework - PHP Web Application Framework
2024/12/27 20:03:57 >> info : * 
2024/12/27 20:03:57 >> info : * Version : 1.1.0
2024/12/27 20:03:57 >> info : * Copyright(c) 2003-2024 THREET CO.,LTD. All Rights Reserved.
2024/12/27 20:03:57 >> info : * http://www.threet.co.jp
2024/12/27 20:03:57 >> info : * ------------------------------------------------------------ *
2024/12/27 20:03:57 >> debug : HTTP_REFERER > https://localhost/simplan/public_html/admin/index.php
2024/12/27 20:03:57 >> debug : SCRIPT_URI > 
2024/12/27 20:03:57 >> debug : REQUEST_URI > /simplan/public_html/admin/index.php?cmd=logout
2024/12/27 20:03:57 >> debug : HTTPS > on
2024/12/27 20:03:57 >> debug : HTTPS MODE > on
2024/12/27 20:03:57 >> debug : DEF_COMMAND > cmd
2024/12/27 20:03:57 >> debug : DEF_PROCESS > prc
2024/12/27 20:03:57 >> debug : GET DATA > [cmd] : <logout>
2024/12/27 20:03:57 >> debug : SESSION start ... OK
2024/12/27 20:03:57 >> info : Process set [index] ... OK
2024/12/27 20:03:57 >> info : Process Name [indexProcess] ... OK
2024/12/27 20:03:57 >> info : Include File [C:\xampp\htdocs\simplan\public_app\mod\admin/index/process/indexProcess.php]... OK
2024/12/27 20:03:57 >> info : Class Exists [indexProcess] ... OK
2024/12/27 20:03:57 >> debug : DB Connect ... OK
2024/12/27 20:03:57 >> debug : Entering precute ...
2024/12/27 20:03:57 >> debug : Entering execute ...
2024/12/27 20:03:57 >> debug : indexProcess Entering executeLogout ...
2024/12/27 20:03:57 >> debug : Entering executeLogout ...
2024/12/27 20:03:57 >> debug : Entering postcute ...
2024/12/27 20:03:57 >> debug : DB Connect Close ... OK
2024/12/27 20:04:02 >> info : * ------------------------------------------------------------ *
2024/12/27 20:04:02 >> info : * Simplan Framework - PHP Web Application Framework
2024/12/27 20:04:02 >> info : * 
2024/12/27 20:04:02 >> info : * Version : 1.1.0
2024/12/27 20:04:02 >> info : * Copyright(c) 2003-2024 THREET CO.,LTD. All Rights Reserved.
2024/12/27 20:04:02 >> info : * http://www.threet.co.jp
2024/12/27 20:04:02 >> info : * ------------------------------------------------------------ *
2024/12/27 20:04:02 >> debug : HTTP_REFERER > https://localhost/simplan/public_html/admin/index.php?cmd=logout
2024/12/27 20:04:02 >> debug : SCRIPT_URI > 
2024/12/27 20:04:02 >> debug : REQUEST_URI > /simplan/public_html/admin/index.php
2024/12/27 20:04:02 >> debug : HTTPS > on
2024/12/27 20:04:02 >> debug : HTTPS MODE > on
2024/12/27 20:04:02 >> debug : DEF_COMMAND > cmd
2024/12/27 20:04:02 >> debug : DEF_PROCESS > prc
2024/12/27 20:04:02 >> debug : POST DATA > [prc] : <index>
2024/12/27 20:04:02 >> debug : POST DATA > [cmd] : <login>
2024/12/27 20:04:02 >> debug : POST DATA > [f_id] : <aaaa>
2024/12/27 20:04:02 >> debug : POST DATA > [f_password] : <aaaa>
2024/12/27 20:04:02 >> debug : SESSION start ... OK
2024/12/27 20:04:02 >> info : Process set [index] ... OK
2024/12/27 20:04:02 >> info : Process Name [indexProcess] ... OK
2024/12/27 20:04:02 >> info : Include File [C:\xampp\htdocs\simplan\public_app\mod\admin/index/process/indexProcess.php]... OK
2024/12/27 20:04:02 >> info : Class Exists [indexProcess] ... OK
2024/12/27 20:04:02 >> debug : DB Connect ... OK
2024/12/27 20:04:02 >> debug : Entering precute ...
2024/12/27 20:04:02 >> debug : Entering execute ...
2024/12/27 20:04:02 >> debug : indexProcess Entering executeLogin ...
2024/12/27 20:04:02 >> debug : Entering executeLogin ...
2024/12/27 20:05:03 >> info : * ------------------------------------------------------------ *
2024/12/27 20:05:03 >> info : * Simplan Framework - PHP Web Application Framework
2024/12/27 20:05:03 >> info : * 
2024/12/27 20:05:03 >> info : * Version : 1.1.0
2024/12/27 20:05:03 >> info : * Copyright(c) 2003-2024 THREET CO.,LTD. All Rights Reserved.
2024/12/27 20:05:03 >> info : * http://www.threet.co.jp
2024/12/27 20:05:03 >> info : * ------------------------------------------------------------ *
2024/12/27 20:05:03 >> debug : HTTP_REFERER > https://localhost/simplan/public_html/admin/index.php?cmd=logout
2024/12/27 20:05:03 >> debug : SCRIPT_URI > 
2024/12/27 20:05:03 >> debug : REQUEST_URI > /simplan/public_html/admin/index.php
2024/12/27 20:05:03 >> debug : HTTPS > on
2024/12/27 20:05:03 >> debug : HTTPS MODE > on
2024/12/27 20:05:03 >> debug : DEF_COMMAND > cmd
2024/12/27 20:05:03 >> debug : DEF_PROCESS > prc
2024/12/27 20:05:03 >> debug : POST DATA > [prc] : <index>
2024/12/27 20:05:03 >> debug : POST DATA > [cmd] : <login>
2024/12/27 20:05:03 >> debug : POST DATA > [f_id] : <aaaa>
2024/12/27 20:05:03 >> debug : POST DATA > [f_password] : <aaaa>
2024/12/27 20:05:03 >> debug : SESSION start ... OK
2024/12/27 20:05:03 >> info : Process set [index] ... OK
2024/12/27 20:05:03 >> info : Process Name [indexProcess] ... OK
2024/12/27 20:05:03 >> info : Include File [C:\xampp\htdocs\simplan\public_app\mod\admin/index/process/indexProcess.php]... OK
2024/12/27 20:05:03 >> info : Class Exists [indexProcess] ... OK
2024/12/27 20:05:03 >> debug : DB Connect ... OK
2024/12/27 20:05:03 >> debug : Entering precute ...
2024/12/27 20:05:03 >> debug : Entering execute ...
2024/12/27 20:05:03 >> debug : indexProcess Entering executeLogin ...
2024/12/27 20:05:03 >> debug : Entering executeLogin ...
2024/12/27 20:05:03 >> info : SimplanAbstractProcess::execCommand -> AbstractCommand::executeProcess > [ m_admin/login.sql ]
2024/12/27 20:05:03 >> debug : WideDB_SimplanInterface::QueryExecute >>SELECT ma.f_admin_id ,ma.f_name ,ma.f_mailaddress ,ma.f_id ,ma.f_password ,ma.f_admin_kbn ,ma.f_auth ,ma.f_auth_value ,ma.f_del_flg ,ma.f_reg_account ,ma.f_reg_time ,ma.f_upd_account ,ma.f_upd_time FROM m_admin ma WHERE ma.f_id = 'aaaa' AND ma.f_password = '11c6b15d8a138ea462dfeb23f6b7a39b1ceb5b0069a117c67c362b1b04548153' AND ma.f_del_flg = '0'
2024/12/27 20:05:03 >> error : WideDB_SimplanInterface::QueryExecute >>SELECT ma.f_admin_id ,ma.f_name ,ma.f_mailaddress ,ma.f_id ,ma.f_password ,ma.f_admin_kbn ,ma.f_auth ,ma.f_auth_value ,ma.f_del_flg ,ma.f_reg_account ,ma.f_reg_time ,ma.f_upd_account ,ma.f_upd_time FROM m_admin ma WHERE ma.f_id = 'aaaa' AND ma.f_password = '11c6b15d8a138ea462dfeb23f6b7a39b1ceb5b0069a117c67c362b1b04548153' AND ma.f_del_flg = '0'
::
2024/12/27 20:05:03 >> info : execQuery TIME : 0.00164 second
2024/12/27 20:05:03 >> error : SimplanAbstractProcess::execCommand -> AbstractCommand::executeProcess m_admin/login.sql.sql is  error.
::
2024/12/27 20:05:06 >> info : * ------------------------------------------------------------ *
2024/12/27 20:05:06 >> info : * Simplan Framework - PHP Web Application Framework
2024/12/27 20:05:06 >> info : * 
2024/12/27 20:05:06 >> info : * Version : 1.1.0
2024/12/27 20:05:06 >> info : * Copyright(c) 2003-2024 THREET CO.,LTD. All Rights Reserved.
2024/12/27 20:05:06 >> info : * http://www.threet.co.jp
2024/12/27 20:05:06 >> info : * ------------------------------------------------------------ *
2024/12/27 20:05:06 >> debug : HTTP_REFERER > https://localhost/simplan/public_html/admin/index.php?cmd=logout
2024/12/27 20:05:06 >> debug : SCRIPT_URI > 
2024/12/27 20:05:06 >> debug : REQUEST_URI > /simplan/public_html/admin/index.php
2024/12/27 20:05:06 >> debug : HTTPS > on
2024/12/27 20:05:06 >> debug : HTTPS MODE > on
2024/12/27 20:05:06 >> debug : DEF_COMMAND > cmd
2024/12/27 20:05:06 >> debug : DEF_PROCESS > prc
2024/12/27 20:05:06 >> debug : POST DATA > [prc] : <index>
2024/12/27 20:05:06 >> debug : POST DATA > [cmd] : <login>
2024/12/27 20:05:06 >> debug : POST DATA > [f_id] : <aaaa>
2024/12/27 20:05:06 >> debug : POST DATA > [f_password] : <aaaa>
2024/12/27 20:05:06 >> debug : SESSION start ... OK
2024/12/27 20:05:06 >> info : Process set [index] ... OK
2024/12/27 20:05:06 >> info : Process Name [indexProcess] ... OK
2024/12/27 20:05:06 >> info : Include File [C:\xampp\htdocs\simplan\public_app\mod\admin/index/process/indexProcess.php]... OK
2024/12/27 20:05:06 >> info : Class Exists [indexProcess] ... OK
2024/12/27 20:05:06 >> debug : DB Connect ... OK
2024/12/27 20:05:06 >> debug : Entering precute ...
2024/12/27 20:05:06 >> debug : Entering execute ...
2024/12/27 20:05:06 >> debug : indexProcess Entering executeLogin ...
2024/12/27 20:05:06 >> debug : Entering executeLogin ...
2024/12/27 20:05:06 >> info : SimplanAbstractProcess::execCommand -> AbstractCommand::executeProcess > [ m_admin/login.sql ]
2024/12/27 20:05:06 >> debug : WideDB_SimplanInterface::QueryExecute >>SELECT ma.f_admin_id ,ma.f_name ,ma.f_mailaddress ,ma.f_id ,ma.f_password ,ma.f_admin_kbn ,ma.f_auth ,ma.f_auth_value ,ma.f_del_flg ,ma.f_reg_account ,ma.f_reg_time ,ma.f_upd_account ,ma.f_upd_time FROM m_admin ma WHERE ma.f_id = 'aaaa' AND ma.f_password = '11c6b15d8a138ea462dfeb23f6b7a39b1ceb5b0069a117c67c362b1b04548153' AND ma.f_del_flg = '0'
2024/12/27 20:05:06 >> error : WideDB_SimplanInterface::QueryExecute >>SELECT ma.f_admin_id ,ma.f_name ,ma.f_mailaddress ,ma.f_id ,ma.f_password ,ma.f_admin_kbn ,ma.f_auth ,ma.f_auth_value ,ma.f_del_flg ,ma.f_reg_account ,ma.f_reg_time ,ma.f_upd_account ,ma.f_upd_time FROM m_admin ma WHERE ma.f_id = 'aaaa' AND ma.f_password = '11c6b15d8a138ea462dfeb23f6b7a39b1ceb5b0069a117c67c362b1b04548153' AND ma.f_del_flg = '0'
::
2024/12/27 20:05:06 >> info : execQuery TIME : 0.00073 second
2024/12/27 20:05:06 >> error : SimplanAbstractProcess::execCommand -> AbstractCommand::executeProcess m_admin/login.sql.sql is  error.
::
2024/12/27 20:05:13 >> info : * ------------------------------------------------------------ *
2024/12/27 20:05:13 >> info : * Simplan Framework - PHP Web Application Framework
2024/12/27 20:05:13 >> info : * 
2024/12/27 20:05:13 >> info : * Version : 1.1.0
2024/12/27 20:05:13 >> info : * Copyright(c) 2003-2024 THREET CO.,LTD. All Rights Reserved.
2024/12/27 20:05:13 >> info : * http://www.threet.co.jp
2024/12/27 20:05:13 >> info : * ------------------------------------------------------------ *
2024/12/27 20:05:13 >> debug : HTTP_REFERER > https://localhost/simplan/public_html/admin/index.php
2024/12/27 20:05:13 >> debug : SCRIPT_URI > 
2024/12/27 20:05:13 >> debug : REQUEST_URI > /simplan/public_html/admin/index.php?cmd=logout
2024/12/27 20:05:13 >> debug : HTTPS > on
2024/12/27 20:05:13 >> debug : HTTPS MODE > on
2024/12/27 20:05:13 >> debug : DEF_COMMAND > cmd
2024/12/27 20:05:13 >> debug : DEF_PROCESS > prc
2024/12/27 20:05:13 >> debug : GET DATA > [cmd] : <logout>
2024/12/27 20:05:13 >> debug : SESSION start ... OK
2024/12/27 20:05:13 >> info : Process set [index] ... OK
2024/12/27 20:05:13 >> info : Process Name [indexProcess] ... OK
2024/12/27 20:05:13 >> info : Include File [C:\xampp\htdocs\simplan\public_app\mod\admin/index/process/indexProcess.php]... OK
2024/12/27 20:05:13 >> info : Class Exists [indexProcess] ... OK
2024/12/27 20:05:13 >> debug : DB Connect ... OK
2024/12/27 20:05:13 >> debug : Entering precute ...
2024/12/27 20:05:13 >> debug : Entering execute ...
2024/12/27 20:05:13 >> debug : indexProcess Entering executeLogout ...
2024/12/27 20:05:13 >> debug : Entering executeLogout ...
2024/12/27 20:05:13 >> debug : Entering postcute ...
2024/12/27 20:05:13 >> debug : DB Connect Close ... OK
2024/12/27 20:05:19 >> info : * ------------------------------------------------------------ *
2024/12/27 20:05:19 >> info : * Simplan Framework - PHP Web Application Framework
2024/12/27 20:05:19 >> info : * 
2024/12/27 20:05:19 >> info : * Version : 1.1.0
2024/12/27 20:05:19 >> info : * Copyright(c) 2003-2024 THREET CO.,LTD. All Rights Reserved.
2024/12/27 20:05:19 >> info : * http://www.threet.co.jp
2024/12/27 20:05:19 >> info : * ------------------------------------------------------------ *
2024/12/27 20:05:19 >> debug : HTTP_REFERER > https://localhost/simplan/public_html/admin/index.php?cmd=logout
2024/12/27 20:05:19 >> debug : SCRIPT_URI > 
2024/12/27 20:05:19 >> debug : REQUEST_URI > /simplan/public_html/admin/index.php
2024/12/27 20:05:19 >> debug : HTTPS > on
2024/12/27 20:05:19 >> debug : HTTPS MODE > on
2024/12/27 20:05:19 >> debug : DEF_COMMAND > cmd
2024/12/27 20:05:19 >> debug : DEF_PROCESS > prc
2024/12/27 20:05:19 >> debug : POST DATA > [prc] : <index>
2024/12/27 20:05:19 >> debug : POST DATA > [cmd] : <login>
2024/12/27 20:05:19 >> debug : POST DATA > [f_id] : <aaaa>
2024/12/27 20:05:19 >> debug : POST DATA > [f_password] : <aaaa>
2024/12/27 20:05:19 >> debug : SESSION start ... OK
2024/12/27 20:05:19 >> info : Process set [index] ... OK
2024/12/27 20:05:19 >> info : Process Name [indexProcess] ... OK
2024/12/27 20:05:19 >> info : Include File [C:\xampp\htdocs\simplan\public_app\mod\admin/index/process/indexProcess.php]... OK
2024/12/27 20:05:19 >> info : Class Exists [indexProcess] ... OK
2024/12/27 20:05:19 >> debug : DB Connect ... OK
2024/12/27 20:05:19 >> debug : Entering precute ...
2024/12/27 20:05:19 >> debug : Entering execute ...
2024/12/27 20:05:19 >> debug : indexProcess Entering executeLogin ...
2024/12/27 20:05:19 >> debug : Entering executeLogin ...
2024/12/27 20:05:19 >> info : SimplanAbstractProcess::execCommand -> AbstractCommand::executeProcess > [ m_admin/login.sql ]
2024/12/27 20:05:19 >> debug : WideDB_SimplanInterface::QueryExecute >>SELECT ma.f_admin_id ,ma.f_name ,ma.f_mailaddress ,ma.f_id ,ma.f_password ,ma.f_admin_kbn ,ma.f_auth ,ma.f_auth_value ,ma.f_del_flg ,ma.f_reg_account ,ma.f_reg_time ,ma.f_upd_account ,ma.f_upd_time FROM m_admin ma WHERE ma.f_id = 'aaaa' AND ma.f_password = '11c6b15d8a138ea462dfeb23f6b7a39b1ceb5b0069a117c67c362b1b04548153' AND ma.f_del_flg = '0'
2024/12/27 20:05:19 >> error : WideDB_SimplanInterface::QueryExecute >>SELECT ma.f_admin_id ,ma.f_name ,ma.f_mailaddress ,ma.f_id ,ma.f_password ,ma.f_admin_kbn ,ma.f_auth ,ma.f_auth_value ,ma.f_del_flg ,ma.f_reg_account ,ma.f_reg_time ,ma.f_upd_account ,ma.f_upd_time FROM m_admin ma WHERE ma.f_id = 'aaaa' AND ma.f_password = '11c6b15d8a138ea462dfeb23f6b7a39b1ceb5b0069a117c67c362b1b04548153' AND ma.f_del_flg = '0'
::
2024/12/27 20:05:19 >> info : execQuery TIME : 0.00067 second
2024/12/27 20:05:19 >> error : SimplanAbstractProcess::execCommand -> AbstractCommand::executeProcess m_admin/login.sql.sql is  error.
::
2024/12/27 20:08:39 >> info : * ------------------------------------------------------------ *
2024/12/27 20:08:39 >> info : * Simplan Framework - PHP Web Application Framework
2024/12/27 20:08:39 >> info : * 
2024/12/27 20:08:39 >> info : * Version : 1.1.0
2024/12/27 20:08:39 >> info : * Copyright(c) 2003-2024 THREET CO.,LTD. All Rights Reserved.
2024/12/27 20:08:39 >> info : * http://www.threet.co.jp
2024/12/27 20:08:39 >> info : * ------------------------------------------------------------ *
2024/12/27 20:08:39 >> debug : HTTP_REFERER > https://localhost/simplan/public_html/admin/index.php?cmd=logout
2024/12/27 20:08:39 >> debug : SCRIPT_URI > 
2024/12/27 20:08:39 >> debug : REQUEST_URI > /simplan/public_html/admin/index.php
2024/12/27 20:08:39 >> debug : HTTPS > on
2024/12/27 20:08:39 >> debug : HTTPS MODE > on
2024/12/27 20:08:39 >> debug : DEF_COMMAND > cmd
2024/12/27 20:08:39 >> debug : DEF_PROCESS > prc
2024/12/27 20:08:39 >> debug : POST DATA > [prc] : <index>
2024/12/27 20:08:39 >> debug : POST DATA > [cmd] : <login>
2024/12/27 20:08:39 >> debug : POST DATA > [f_id] : <aaaa>
2024/12/27 20:08:39 >> debug : POST DATA > [f_password] : <aaaa>
2024/12/27 20:08:39 >> debug : SESSION start ... OK
2024/12/27 20:08:39 >> info : Process set [index] ... OK
2024/12/27 20:08:39 >> info : Process Name [indexProcess] ... OK
2024/12/27 20:08:39 >> info : Include File [C:\xampp\htdocs\simplan\public_app\mod\admin/index/process/indexProcess.php]... OK
2024/12/27 20:08:39 >> info : Class Exists [indexProcess] ... OK
2024/12/27 20:08:39 >> debug : DB Connect ... OK
2024/12/27 20:08:39 >> debug : Entering precute ...
2024/12/27 20:08:39 >> debug : Entering execute ...
2024/12/27 20:08:39 >> debug : indexProcess Entering executeLogin ...
2024/12/27 20:08:39 >> debug : Entering executeLogin ...
2024/12/27 20:09:03 >> info : * ------------------------------------------------------------ *
2024/12/27 20:09:03 >> info : * Simplan Framework - PHP Web Application Framework
2024/12/27 20:09:03 >> info : * 
2024/12/27 20:09:03 >> info : * Version : 1.1.0
2024/12/27 20:09:03 >> info : * Copyright(c) 2003-2024 THREET CO.,LTD. All Rights Reserved.
2024/12/27 20:09:03 >> info : * http://www.threet.co.jp
2024/12/27 20:09:03 >> info : * ------------------------------------------------------------ *
2024/12/27 20:09:03 >> debug : HTTP_REFERER > https://localhost/simplan/public_html/admin/index.php?cmd=logout
2024/12/27 20:09:03 >> debug : SCRIPT_URI > 
2024/12/27 20:09:03 >> debug : REQUEST_URI > /simplan/public_html/admin/index.php
2024/12/27 20:09:03 >> debug : HTTPS > on
2024/12/27 20:09:03 >> debug : HTTPS MODE > on
2024/12/27 20:09:03 >> debug : DEF_COMMAND > cmd
2024/12/27 20:09:03 >> debug : DEF_PROCESS > prc
2024/12/27 20:09:03 >> debug : POST DATA > [prc] : <index>
2024/12/27 20:09:03 >> debug : POST DATA > [cmd] : <login>
2024/12/27 20:09:03 >> debug : POST DATA > [f_id] : <aaaa>
2024/12/27 20:09:03 >> debug : POST DATA > [f_password] : <aaaa>
2024/12/27 20:09:03 >> debug : SESSION start ... OK
2024/12/27 20:09:03 >> info : Process set [index] ... OK
2024/12/27 20:09:03 >> info : Process Name [indexProcess] ... OK
2024/12/27 20:09:03 >> info : Include File [C:\xampp\htdocs\simplan\public_app\mod\admin/index/process/indexProcess.php]... OK
2024/12/27 20:09:03 >> info : Class Exists [indexProcess] ... OK
2024/12/27 20:09:03 >> debug : DB Connect ... OK
2024/12/27 20:09:03 >> debug : Entering precute ...
2024/12/27 20:09:03 >> debug : Entering execute ...
2024/12/27 20:09:03 >> debug : indexProcess Entering executeLogin ...
2024/12/27 20:09:03 >> debug : Entering executeLogin ...
2024/12/27 20:09:03 >> info : SimplanAbstractProcess::execCommand -> AbstractCommand::executeProcess > [ m_admin/login.sql ]
2024/12/27 20:09:03 >> debug : WideDB_SimplanInterface::QueryExecute >>SELECT ma.f_admin_id ,ma.f_name ,ma.f_mailaddress ,ma.f_id ,ma.f_password ,ma.f_admin_kbn ,ma.f_auth ,ma.f_auth_value ,ma.f_del_flg ,ma.f_reg_account ,ma.f_reg_time ,ma.f_upd_account ,ma.f_upd_time FROM m_admin ma WHERE ma.f_id = 'aaaa' AND ma.f_password = '11c6b15d8a138ea462dfeb23f6b7a39b1ceb5b0069a117c67c362b1b04548153' AND ma.f_del_flg = '0'
2024/12/27 20:09:03 >> error : WideDB_SimplanInterface::QueryExecute >>SELECT ma.f_admin_id ,ma.f_name ,ma.f_mailaddress ,ma.f_id ,ma.f_password ,ma.f_admin_kbn ,ma.f_auth ,ma.f_auth_value ,ma.f_del_flg ,ma.f_reg_account ,ma.f_reg_time ,ma.f_upd_account ,ma.f_upd_time FROM m_admin ma WHERE ma.f_id = 'aaaa' AND ma.f_password = '11c6b15d8a138ea462dfeb23f6b7a39b1ceb5b0069a117c67c362b1b04548153' AND ma.f_del_flg = '0'
::
2024/12/27 20:09:03 >> info : execQuery TIME : 0.00078 second
2024/12/27 20:09:03 >> error : SimplanAbstractProcess::execCommand -> AbstractCommand::executeProcess m_admin/login.sql.sql is  error.
::
2024/12/27 20:09:36 >> info : * ------------------------------------------------------------ *
2024/12/27 20:09:36 >> info : * Simplan Framework - PHP Web Application Framework
2024/12/27 20:09:36 >> info : * 
2024/12/27 20:09:36 >> info : * Version : 1.1.0
2024/12/27 20:09:36 >> info : * Copyright(c) 2003-2024 THREET CO.,LTD. All Rights Reserved.
2024/12/27 20:09:36 >> info : * http://www.threet.co.jp
2024/12/27 20:09:36 >> info : * ------------------------------------------------------------ *
2024/12/27 20:09:36 >> debug : HTTP_REFERER > https://localhost/simplan/public_html/admin/index.php
2024/12/27 20:09:36 >> debug : SCRIPT_URI > 
2024/12/27 20:09:36 >> debug : REQUEST_URI > /simplan/public_html/admin/index.php?cmd=logout
2024/12/27 20:09:36 >> debug : HTTPS > on
2024/12/27 20:09:36 >> debug : HTTPS MODE > on
2024/12/27 20:09:36 >> debug : DEF_COMMAND > cmd
2024/12/27 20:09:36 >> debug : DEF_PROCESS > prc
2024/12/27 20:09:36 >> debug : GET DATA > [cmd] : <logout>
2024/12/27 20:09:36 >> debug : SESSION start ... OK
2024/12/27 20:09:36 >> info : Process set [index] ... OK
2024/12/27 20:09:36 >> info : Process Name [indexProcess] ... OK
2024/12/27 20:09:36 >> info : Include File [C:\xampp\htdocs\simplan\public_app\mod\admin/index/process/indexProcess.php]... OK
2024/12/27 20:09:36 >> info : Class Exists [indexProcess] ... OK
2024/12/27 20:09:36 >> debug : DB Connect ... OK
2024/12/27 20:09:36 >> debug : Entering precute ...
2024/12/27 20:09:36 >> debug : Entering execute ...
2024/12/27 20:09:36 >> debug : indexProcess Entering executeLogout ...
2024/12/27 20:09:36 >> debug : Entering executeLogout ...
2024/12/27 20:09:36 >> debug : Entering postcute ...
2024/12/27 20:09:36 >> debug : DB Connect Close ... OK
2024/12/27 20:09:42 >> info : * ------------------------------------------------------------ *
2024/12/27 20:09:42 >> info : * Simplan Framework - PHP Web Application Framework
2024/12/27 20:09:42 >> info : * 
2024/12/27 20:09:42 >> info : * Version : 1.1.0
2024/12/27 20:09:42 >> info : * Copyright(c) 2003-2024 THREET CO.,LTD. All Rights Reserved.
2024/12/27 20:09:42 >> info : * http://www.threet.co.jp
2024/12/27 20:09:42 >> info : * ------------------------------------------------------------ *
2024/12/27 20:09:42 >> debug : HTTP_REFERER > https://localhost/simplan/public_html/admin/index.php?cmd=logout
2024/12/27 20:09:42 >> debug : SCRIPT_URI > 
2024/12/27 20:09:42 >> debug : REQUEST_URI > /simplan/public_html/admin/index.php
2024/12/27 20:09:42 >> debug : HTTPS > on
2024/12/27 20:09:42 >> debug : HTTPS MODE > on
2024/12/27 20:09:42 >> debug : DEF_COMMAND > cmd
2024/12/27 20:09:42 >> debug : DEF_PROCESS > prc
2024/12/27 20:09:42 >> debug : POST DATA > [prc] : <index>
2024/12/27 20:09:42 >> debug : POST DATA > [cmd] : <login>
2024/12/27 20:09:42 >> debug : POST DATA > [f_id] : <aaaa>
2024/12/27 20:09:42 >> debug : POST DATA > [f_password] : <aaaa>
2024/12/27 20:09:42 >> debug : SESSION start ... OK
2024/12/27 20:09:42 >> info : Process set [index] ... OK
2024/12/27 20:09:42 >> info : Process Name [indexProcess] ... OK
2024/12/27 20:09:42 >> info : Include File [C:\xampp\htdocs\simplan\public_app\mod\admin/index/process/indexProcess.php]... OK
2024/12/27 20:09:42 >> info : Class Exists [indexProcess] ... OK
2024/12/27 20:09:42 >> debug : DB Connect ... OK
2024/12/27 20:09:42 >> debug : Entering precute ...
2024/12/27 20:09:42 >> debug : Entering execute ...
2024/12/27 20:09:42 >> debug : indexProcess Entering executeLogin ...
2024/12/27 20:09:42 >> debug : Entering executeLogin ...
2024/12/27 20:09:42 >> info : SimplanAbstractProcess::execCommand -> AbstractCommand::executeProcess > [ m_admin/login.sql ]
2024/12/27 20:09:42 >> debug : WideDB_SimplanInterface::QueryExecute >>SELECT ma.f_admin_id ,ma.f_name ,ma.f_mailaddress ,ma.f_id ,ma.f_password ,ma.f_admin_kbn ,ma.f_auth ,ma.f_auth_value ,ma.f_del_flg ,ma.f_reg_account ,ma.f_reg_time ,ma.f_upd_account ,ma.f_upd_time FROM m_admin ma WHERE ma.f_id = 'aaaa' AND ma.f_password = '11c6b15d8a138ea462dfeb23f6b7a39b1ceb5b0069a117c67c362b1b04548153' AND ma.f_del_flg = '0'
2024/12/27 20:09:42 >> error : WideDB_SimplanInterface::QueryExecute >>SELECT ma.f_admin_id ,ma.f_name ,ma.f_mailaddress ,ma.f_id ,ma.f_password ,ma.f_admin_kbn ,ma.f_auth ,ma.f_auth_value ,ma.f_del_flg ,ma.f_reg_account ,ma.f_reg_time ,ma.f_upd_account ,ma.f_upd_time FROM m_admin ma WHERE ma.f_id = 'aaaa' AND ma.f_password = '11c6b15d8a138ea462dfeb23f6b7a39b1ceb5b0069a117c67c362b1b04548153' AND ma.f_del_flg = '0'
::
2024/12/27 20:09:42 >> info : execQuery TIME : 0.00071 second
2024/12/27 20:09:42 >> error : SimplanAbstractProcess::execCommand -> AbstractCommand::executeProcess m_admin/login.sql.sql is  error.
::
2024/12/27 20:15:55 >> info : * ------------------------------------------------------------ *
2024/12/27 20:15:55 >> info : * Simplan Framework - PHP Web Application Framework
2024/12/27 20:15:55 >> info : * 
2024/12/27 20:15:55 >> info : * Version : 1.1.0
2024/12/27 20:15:55 >> info : * Copyright(c) 2003-2024 THREET CO.,LTD. All Rights Reserved.
2024/12/27 20:15:55 >> info : * http://www.threet.co.jp
2024/12/27 20:15:55 >> info : * ------------------------------------------------------------ *
2024/12/27 20:15:55 >> debug : HTTP_REFERER > https://localhost/simplan/public_html/admin/index.php?cmd=logout
2024/12/27 20:15:55 >> debug : SCRIPT_URI > 
2024/12/27 20:15:55 >> debug : REQUEST_URI > /simplan/public_html/admin/index.php
2024/12/27 20:15:55 >> debug : HTTPS > on
2024/12/27 20:15:55 >> debug : HTTPS MODE > on
2024/12/27 20:15:55 >> debug : DEF_COMMAND > cmd
2024/12/27 20:15:55 >> debug : DEF_PROCESS > prc
2024/12/27 20:15:55 >> debug : POST DATA > [prc] : <index>
2024/12/27 20:15:55 >> debug : POST DATA > [cmd] : <login>
2024/12/27 20:15:55 >> debug : POST DATA > [f_id] : <aaaa>
2024/12/27 20:15:55 >> debug : POST DATA > [f_password] : <aaaa>
2024/12/27 20:15:55 >> debug : SESSION start ... OK
2024/12/27 20:15:55 >> info : Process set [index] ... OK
2024/12/27 20:15:55 >> info : Process Name [indexProcess] ... OK
2024/12/27 20:15:55 >> info : Include File [C:\xampp\htdocs\simplan\public_app\mod\admin/index/process/indexProcess.php]... OK
2024/12/27 20:15:55 >> info : Class Exists [indexProcess] ... OK
2024/12/27 20:15:55 >> debug : DB Connect ... OK
2024/12/27 20:15:55 >> debug : Entering precute ...
2024/12/27 20:15:55 >> debug : Entering execute ...
2024/12/27 20:15:55 >> debug : indexProcess Entering executeLogin ...
2024/12/27 20:15:55 >> debug : Entering executeLogin ...
2024/12/27 20:15:55 >> info : SimplanAbstractProcess::execCommand -> AbstractCommand::executeProcess > [ m_admin/login.sql ]
2024/12/27 20:17:11 >> info : * ------------------------------------------------------------ *
2024/12/27 20:17:11 >> info : * Simplan Framework - PHP Web Application Framework
2024/12/27 20:17:11 >> info : * 
2024/12/27 20:17:11 >> info : * Version : 1.1.0
2024/12/27 20:17:11 >> info : * Copyright(c) 2003-2024 THREET CO.,LTD. All Rights Reserved.
2024/12/27 20:17:11 >> info : * http://www.threet.co.jp
2024/12/27 20:17:11 >> info : * ------------------------------------------------------------ *
2024/12/27 20:17:11 >> debug : HTTP_REFERER > https://localhost/simplan/public_html/admin/index.php
2024/12/27 20:17:11 >> debug : SCRIPT_URI > 
2024/12/27 20:17:11 >> debug : REQUEST_URI > /simplan/public_html/admin/index.php?cmd=logout
2024/12/27 20:17:11 >> debug : HTTPS > on
2024/12/27 20:17:11 >> debug : HTTPS MODE > on
2024/12/27 20:17:11 >> debug : DEF_COMMAND > cmd
2024/12/27 20:17:11 >> debug : DEF_PROCESS > prc
2024/12/27 20:17:11 >> debug : GET DATA > [cmd] : <logout>
2024/12/27 20:17:11 >> debug : SESSION start ... OK
2024/12/27 20:17:11 >> info : Process set [index] ... OK
2024/12/27 20:17:11 >> info : Process Name [indexProcess] ... OK
2024/12/27 20:17:11 >> info : Include File [C:\xampp\htdocs\simplan\public_app\mod\admin/index/process/indexProcess.php]... OK
2024/12/27 20:17:11 >> info : Class Exists [indexProcess] ... OK
2024/12/27 20:17:11 >> debug : DB Connect ... OK
2024/12/27 20:17:11 >> debug : Entering precute ...
2024/12/27 20:17:11 >> debug : Entering execute ...
2024/12/27 20:17:11 >> debug : indexProcess Entering executeLogout ...
2024/12/27 20:17:11 >> debug : Entering executeLogout ...
2024/12/27 20:17:11 >> debug : Entering postcute ...
2024/12/27 20:17:11 >> debug : DB Connect Close ... OK
2024/12/27 20:17:16 >> info : * ------------------------------------------------------------ *
2024/12/27 20:17:16 >> info : * Simplan Framework - PHP Web Application Framework
2024/12/27 20:17:16 >> info : * 
2024/12/27 20:17:16 >> info : * Version : 1.1.0
2024/12/27 20:17:16 >> info : * Copyright(c) 2003-2024 THREET CO.,LTD. All Rights Reserved.
2024/12/27 20:17:16 >> info : * http://www.threet.co.jp
2024/12/27 20:17:16 >> info : * ------------------------------------------------------------ *
2024/12/27 20:17:16 >> debug : HTTP_REFERER > https://localhost/simplan/public_html/admin/index.php?cmd=logout
2024/12/27 20:17:16 >> debug : SCRIPT_URI > 
2024/12/27 20:17:16 >> debug : REQUEST_URI > /simplan/public_html/admin/index.php
2024/12/27 20:17:16 >> debug : HTTPS > on
2024/12/27 20:17:16 >> debug : HTTPS MODE > on
2024/12/27 20:17:16 >> debug : DEF_COMMAND > cmd
2024/12/27 20:17:16 >> debug : DEF_PROCESS > prc
2024/12/27 20:17:16 >> debug : POST DATA > [prc] : <index>
2024/12/27 20:17:16 >> debug : POST DATA > [cmd] : <login>
2024/12/27 20:17:16 >> debug : POST DATA > [f_id] : <aaaa>
2024/12/27 20:17:16 >> debug : POST DATA > [f_password] : <aaaa>
2024/12/27 20:17:16 >> debug : SESSION start ... OK
2024/12/27 20:17:16 >> info : Process set [index] ... OK
2024/12/27 20:17:16 >> info : Process Name [indexProcess] ... OK
2024/12/27 20:17:16 >> info : Include File [C:\xampp\htdocs\simplan\public_app\mod\admin/index/process/indexProcess.php]... OK
2024/12/27 20:17:16 >> info : Class Exists [indexProcess] ... OK
2024/12/27 20:17:16 >> debug : DB Connect ... OK
2024/12/27 20:17:16 >> debug : Entering precute ...
2024/12/27 20:17:16 >> debug : Entering execute ...
2024/12/27 20:17:16 >> debug : indexProcess Entering executeLogin ...
2024/12/27 20:17:16 >> debug : Entering executeLogin ...
2024/12/27 20:17:16 >> info : SimplanAbstractProcess::execCommand -> AbstractCommand::executeProcess > [ m_admin/login.sql ]
2024/12/27 20:17:53 >> info : * ------------------------------------------------------------ *
2024/12/27 20:17:53 >> info : * Simplan Framework - PHP Web Application Framework
2024/12/27 20:17:53 >> info : * 
2024/12/27 20:17:53 >> info : * Version : 1.1.0
2024/12/27 20:17:53 >> info : * Copyright(c) 2003-2024 THREET CO.,LTD. All Rights Reserved.
2024/12/27 20:17:53 >> info : * http://www.threet.co.jp
2024/12/27 20:17:53 >> info : * ------------------------------------------------------------ *
2024/12/27 20:17:53 >> debug : HTTP_REFERER > https://localhost/simplan/public_html/admin/index.php
2024/12/27 20:17:53 >> debug : SCRIPT_URI > 
2024/12/27 20:17:53 >> debug : REQUEST_URI > /simplan/public_html/admin/index.php?cmd=logout
2024/12/27 20:17:53 >> debug : HTTPS > on
2024/12/27 20:17:53 >> debug : HTTPS MODE > on
2024/12/27 20:17:53 >> debug : DEF_COMMAND > cmd
2024/12/27 20:17:53 >> debug : DEF_PROCESS > prc
2024/12/27 20:17:53 >> debug : GET DATA > [cmd] : <logout>
2024/12/27 20:17:53 >> debug : SESSION start ... OK
2024/12/27 20:17:53 >> info : Process set [index] ... OK
2024/12/27 20:17:53 >> info : Process Name [indexProcess] ... OK
2024/12/27 20:17:53 >> info : Include File [C:\xampp\htdocs\simplan\public_app\mod\admin/index/process/indexProcess.php]... OK
2024/12/27 20:17:53 >> info : Class Exists [indexProcess] ... OK
2024/12/27 20:17:53 >> debug : DB Connect ... OK
2024/12/27 20:17:53 >> debug : Entering precute ...
2024/12/27 20:17:53 >> debug : Entering execute ...
2024/12/27 20:17:53 >> debug : indexProcess Entering executeLogout ...
2024/12/27 20:17:53 >> debug : Entering executeLogout ...
2024/12/27 20:17:53 >> debug : Entering postcute ...
2024/12/27 20:17:53 >> debug : DB Connect Close ... OK
2024/12/27 20:17:59 >> info : * ------------------------------------------------------------ *
2024/12/27 20:17:59 >> info : * Simplan Framework - PHP Web Application Framework
2024/12/27 20:17:59 >> info : * 
2024/12/27 20:17:59 >> info : * Version : 1.1.0
2024/12/27 20:17:59 >> info : * Copyright(c) 2003-2024 THREET CO.,LTD. All Rights Reserved.
2024/12/27 20:17:59 >> info : * http://www.threet.co.jp
2024/12/27 20:17:59 >> info : * ------------------------------------------------------------ *
2024/12/27 20:17:59 >> debug : HTTP_REFERER > https://localhost/simplan/public_html/admin/index.php?cmd=logout
2024/12/27 20:17:59 >> debug : SCRIPT_URI > 
2024/12/27 20:17:59 >> debug : REQUEST_URI > /simplan/public_html/admin/index.php
2024/12/27 20:17:59 >> debug : HTTPS > on
2024/12/27 20:17:59 >> debug : HTTPS MODE > on
2024/12/27 20:17:59 >> debug : DEF_COMMAND > cmd
2024/12/27 20:17:59 >> debug : DEF_PROCESS > prc
2024/12/27 20:17:59 >> debug : POST DATA > [prc] : <index>
2024/12/27 20:17:59 >> debug : POST DATA > [cmd] : <login>
2024/12/27 20:17:59 >> debug : POST DATA > [f_id] : <aaaa>
2024/12/27 20:17:59 >> debug : POST DATA > [f_password] : <aaaa>
2024/12/27 20:17:59 >> debug : SESSION start ... OK
2024/12/27 20:17:59 >> info : Process set [index] ... OK
2024/12/27 20:17:59 >> info : Process Name [indexProcess] ... OK
2024/12/27 20:17:59 >> info : Include File [C:\xampp\htdocs\simplan\public_app\mod\admin/index/process/indexProcess.php]... OK
2024/12/27 20:17:59 >> info : Class Exists [indexProcess] ... OK
2024/12/27 20:17:59 >> debug : DB Connect ... OK
2024/12/27 20:17:59 >> debug : Entering precute ...
2024/12/27 20:17:59 >> debug : Entering execute ...
2024/12/27 20:17:59 >> debug : indexProcess Entering executeLogin ...
2024/12/27 20:17:59 >> debug : Entering executeLogin ...
2024/12/27 20:17:59 >> info : SimplanAbstractProcess::execCommand -> AbstractCommand::executeProcess > [ m_admin/login.sql ]
2024/12/27 20:18:54 >> info : * ------------------------------------------------------------ *
2024/12/27 20:18:54 >> info : * Simplan Framework - PHP Web Application Framework
2024/12/27 20:18:54 >> info : * 
2024/12/27 20:18:54 >> info : * Version : 1.1.0
2024/12/27 20:18:54 >> info : * Copyright(c) 2003-2024 THREET CO.,LTD. All Rights Reserved.
2024/12/27 20:18:54 >> info : * http://www.threet.co.jp
2024/12/27 20:18:54 >> info : * ------------------------------------------------------------ *
2024/12/27 20:18:54 >> debug : HTTP_REFERER > https://localhost/simplan/public_html/admin/index.php
2024/12/27 20:18:54 >> debug : SCRIPT_URI > 
2024/12/27 20:18:54 >> debug : REQUEST_URI > /simplan/public_html/admin/index.php?cmd=logout
2024/12/27 20:18:54 >> debug : HTTPS > on
2024/12/27 20:18:54 >> debug : HTTPS MODE > on
2024/12/27 20:18:54 >> debug : DEF_COMMAND > cmd
2024/12/27 20:18:54 >> debug : DEF_PROCESS > prc
2024/12/27 20:18:54 >> debug : GET DATA > [cmd] : <logout>
2024/12/27 20:18:54 >> debug : SESSION start ... OK
2024/12/27 20:18:54 >> info : Process set [index] ... OK
2024/12/27 20:18:54 >> info : Process Name [indexProcess] ... OK
2024/12/27 20:18:54 >> info : Include File [C:\xampp\htdocs\simplan\public_app\mod\admin/index/process/indexProcess.php]... OK
2024/12/27 20:18:54 >> info : Class Exists [indexProcess] ... OK
2024/12/27 20:18:54 >> debug : DB Connect ... OK
2024/12/27 20:18:54 >> debug : Entering precute ...
2024/12/27 20:18:54 >> debug : Entering execute ...
2024/12/27 20:18:54 >> debug : indexProcess Entering executeLogout ...
2024/12/27 20:18:54 >> debug : Entering executeLogout ...
2024/12/27 20:18:54 >> debug : Entering postcute ...
2024/12/27 20:18:54 >> debug : DB Connect Close ... OK
2024/12/27 20:19:00 >> info : * ------------------------------------------------------------ *
2024/12/27 20:19:00 >> info : * Simplan Framework - PHP Web Application Framework
2024/12/27 20:19:00 >> info : * 
2024/12/27 20:19:00 >> info : * Version : 1.1.0
2024/12/27 20:19:00 >> info : * Copyright(c) 2003-2024 THREET CO.,LTD. All Rights Reserved.
2024/12/27 20:19:00 >> info : * http://www.threet.co.jp
2024/12/27 20:19:00 >> info : * ------------------------------------------------------------ *
2024/12/27 20:19:00 >> debug : HTTP_REFERER > https://localhost/simplan/public_html/admin/index.php?cmd=logout
2024/12/27 20:19:00 >> debug : SCRIPT_URI > 
2024/12/27 20:19:00 >> debug : REQUEST_URI > /simplan/public_html/admin/index.php
2024/12/27 20:19:00 >> debug : HTTPS > on
2024/12/27 20:19:00 >> debug : HTTPS MODE > on
2024/12/27 20:19:00 >> debug : DEF_COMMAND > cmd
2024/12/27 20:19:00 >> debug : DEF_PROCESS > prc
2024/12/27 20:19:00 >> debug : POST DATA > [prc] : <index>
2024/12/27 20:19:00 >> debug : POST DATA > [cmd] : <login>
2024/12/27 20:19:00 >> debug : POST DATA > [f_id] : <aaaa>
2024/12/27 20:19:00 >> debug : POST DATA > [f_password] : <aaaa>
2024/12/27 20:19:00 >> debug : SESSION start ... OK
2024/12/27 20:19:00 >> info : Process set [index] ... OK
2024/12/27 20:19:00 >> info : Process Name [indexProcess] ... OK
2024/12/27 20:19:00 >> info : Include File [C:\xampp\htdocs\simplan\public_app\mod\admin/index/process/indexProcess.php]... OK
2024/12/27 20:19:00 >> info : Class Exists [indexProcess] ... OK
2024/12/27 20:19:00 >> debug : DB Connect ... OK
2024/12/27 20:19:00 >> debug : Entering precute ...
2024/12/27 20:19:00 >> debug : Entering execute ...
2024/12/27 20:19:00 >> debug : indexProcess Entering executeLogin ...
2024/12/27 20:19:00 >> debug : Entering executeLogin ...
2024/12/27 20:19:00 >> info : SimplanAbstractProcess::execCommand -> AbstractCommand::executeProcess > [ m_admin/login.sql ]
2024/12/27 20:19:24 >> info : * ------------------------------------------------------------ *
2024/12/27 20:19:24 >> info : * Simplan Framework - PHP Web Application Framework
2024/12/27 20:19:24 >> info : * 
2024/12/27 20:19:24 >> info : * Version : 1.1.0
2024/12/27 20:19:24 >> info : * Copyright(c) 2003-2024 THREET CO.,LTD. All Rights Reserved.
2024/12/27 20:19:24 >> info : * http://www.threet.co.jp
2024/12/27 20:19:24 >> info : * ------------------------------------------------------------ *
2024/12/27 20:19:24 >> debug : HTTP_REFERER > https://localhost/simplan/public_html/admin/index.php
2024/12/27 20:19:24 >> debug : SCRIPT_URI > 
2024/12/27 20:19:24 >> debug : REQUEST_URI > /simplan/public_html/admin/index.php?cmd=logout
2024/12/27 20:19:24 >> debug : HTTPS > on
2024/12/27 20:19:24 >> debug : HTTPS MODE > on
2024/12/27 20:19:24 >> debug : DEF_COMMAND > cmd
2024/12/27 20:19:24 >> debug : DEF_PROCESS > prc
2024/12/27 20:19:24 >> debug : GET DATA > [cmd] : <logout>
2024/12/27 20:19:24 >> debug : SESSION start ... OK
2024/12/27 20:19:24 >> info : Process set [index] ... OK
2024/12/27 20:19:24 >> info : Process Name [indexProcess] ... OK
2024/12/27 20:19:24 >> info : Include File [C:\xampp\htdocs\simplan\public_app\mod\admin/index/process/indexProcess.php]... OK
2024/12/27 20:19:24 >> info : Class Exists [indexProcess] ... OK
2024/12/27 20:19:24 >> debug : DB Connect ... OK
2024/12/27 20:19:24 >> debug : Entering precute ...
2024/12/27 20:19:24 >> debug : Entering execute ...
2024/12/27 20:19:24 >> debug : indexProcess Entering executeLogout ...
2024/12/27 20:19:24 >> debug : Entering executeLogout ...
2024/12/27 20:19:24 >> debug : Entering postcute ...
2024/12/27 20:19:24 >> debug : DB Connect Close ... OK
2024/12/27 20:19:29 >> info : * ------------------------------------------------------------ *
2024/12/27 20:19:29 >> info : * Simplan Framework - PHP Web Application Framework
2024/12/27 20:19:29 >> info : * 
2024/12/27 20:19:29 >> info : * Version : 1.1.0
2024/12/27 20:19:29 >> info : * Copyright(c) 2003-2024 THREET CO.,LTD. All Rights Reserved.
2024/12/27 20:19:29 >> info : * http://www.threet.co.jp
2024/12/27 20:19:29 >> info : * ------------------------------------------------------------ *
2024/12/27 20:19:29 >> debug : HTTP_REFERER > https://localhost/simplan/public_html/admin/index.php?cmd=logout
2024/12/27 20:19:29 >> debug : SCRIPT_URI > 
2024/12/27 20:19:29 >> debug : REQUEST_URI > /simplan/public_html/admin/index.php
2024/12/27 20:19:29 >> debug : HTTPS > on
2024/12/27 20:19:29 >> debug : HTTPS MODE > on
2024/12/27 20:19:29 >> debug : DEF_COMMAND > cmd
2024/12/27 20:19:29 >> debug : DEF_PROCESS > prc
2024/12/27 20:19:29 >> debug : POST DATA > [prc] : <index>
2024/12/27 20:19:29 >> debug : POST DATA > [cmd] : <login>
2024/12/27 20:19:29 >> debug : POST DATA > [f_id] : <aaaa>
2024/12/27 20:19:29 >> debug : POST DATA > [f_password] : <aaaa>
2024/12/27 20:19:29 >> debug : SESSION start ... OK
2024/12/27 20:19:29 >> info : Process set [index] ... OK
2024/12/27 20:19:29 >> info : Process Name [indexProcess] ... OK
2024/12/27 20:19:29 >> info : Include File [C:\xampp\htdocs\simplan\public_app\mod\admin/index/process/indexProcess.php]... OK
2024/12/27 20:19:29 >> info : Class Exists [indexProcess] ... OK
2024/12/27 20:19:30 >> debug : DB Connect ... OK
2024/12/27 20:19:30 >> debug : Entering precute ...
2024/12/27 20:19:30 >> debug : Entering execute ...
2024/12/27 20:19:30 >> debug : indexProcess Entering executeLogin ...
2024/12/27 20:19:30 >> debug : Entering executeLogin ...
2024/12/27 20:19:30 >> info : SimplanAbstractProcess::execCommand -> AbstractCommand::executeProcess > [ m_admin/login.sql ]
2024/12/27 20:19:30 >> debug : WideDB_SimplanInterface::QueryExecute >>SELECT ma.f_admin_id ,ma.f_name ,ma.f_mailaddress ,ma.f_id ,ma.f_password ,ma.f_admin_kbn ,ma.f_auth ,ma.f_auth_value ,ma.f_del_flg ,ma.f_reg_account ,ma.f_reg_time ,ma.f_upd_account ,ma.f_upd_time FROM m_admin ma WHERE ma.f_id = 'aaaa' AND ma.f_password = '11c6b15d8a138ea462dfeb23f6b7a39b1ceb5b0069a117c67c362b1b04548153' AND ma.f_del_flg = '0'
2024/12/27 20:19:30 >> error : WideDB_SimplanInterface::QueryExecute >>SELECT ma.f_admin_id ,ma.f_name ,ma.f_mailaddress ,ma.f_id ,ma.f_password ,ma.f_admin_kbn ,ma.f_auth ,ma.f_auth_value ,ma.f_del_flg ,ma.f_reg_account ,ma.f_reg_time ,ma.f_upd_account ,ma.f_upd_time FROM m_admin ma WHERE ma.f_id = 'aaaa' AND ma.f_password = '11c6b15d8a138ea462dfeb23f6b7a39b1ceb5b0069a117c67c362b1b04548153' AND ma.f_del_flg = '0'
::
2024/12/27 20:19:30 >> info : execQuery TIME : 0.00080 second
2024/12/27 20:19:30 >> error : SimplanAbstractProcess::execCommand -> AbstractCommand::executeProcess m_admin/login.sql.sql is  error.
::
2024/12/27 20:21:32 >> info : * ------------------------------------------------------------ *
2024/12/27 20:21:32 >> info : * Simplan Framework - PHP Web Application Framework
2024/12/27 20:21:32 >> info : * 
2024/12/27 20:21:32 >> info : * Version : 1.1.0
2024/12/27 20:21:32 >> info : * Copyright(c) 2003-2024 THREET CO.,LTD. All Rights Reserved.
2024/12/27 20:21:32 >> info : * http://www.threet.co.jp
2024/12/27 20:21:32 >> info : * ------------------------------------------------------------ *
2024/12/27 20:21:32 >> debug : HTTP_REFERER > https://localhost/simplan/public_html/admin/index.php?cmd=logout
2024/12/27 20:21:32 >> debug : SCRIPT_URI > 
2024/12/27 20:21:32 >> debug : REQUEST_URI > /simplan/public_html/admin/index.php
2024/12/27 20:21:32 >> debug : HTTPS > on
2024/12/27 20:21:32 >> debug : HTTPS MODE > on
2024/12/27 20:21:32 >> debug : DEF_COMMAND > cmd
2024/12/27 20:21:32 >> debug : DEF_PROCESS > prc
2024/12/27 20:21:32 >> debug : POST DATA > [prc] : <index>
2024/12/27 20:21:32 >> debug : POST DATA > [cmd] : <login>
2024/12/27 20:21:32 >> debug : POST DATA > [f_id] : <aaaa>
2024/12/27 20:21:32 >> debug : POST DATA > [f_password] : <aaaa>
2024/12/27 20:21:32 >> debug : SESSION start ... OK
2024/12/27 20:21:32 >> info : Process set [index] ... OK
2024/12/27 20:21:32 >> info : Process Name [indexProcess] ... OK
2024/12/27 20:21:32 >> info : Include File [C:\xampp\htdocs\simplan\public_app\mod\admin/index/process/indexProcess.php]... OK
2024/12/27 20:21:32 >> info : Class Exists [indexProcess] ... OK
2024/12/27 20:21:32 >> debug : DB Connect ... OK
2024/12/27 20:21:32 >> debug : Entering precute ...
2024/12/27 20:21:32 >> debug : Entering execute ...
2024/12/27 20:21:32 >> debug : indexProcess Entering executeLogin ...
2024/12/27 20:21:32 >> debug : Entering executeLogin ...
2024/12/27 20:21:32 >> info : SimplanAbstractProcess::execCommand -> AbstractCommand::executeProcess > [ m_admin/login.sql ]
2024/12/27 20:21:32 >> debug : WideDB_SimplanInterface::QueryExecute >>SELECT ma.f_admin_id ,ma.f_name ,ma.f_mailaddress ,ma.f_id ,ma.f_password ,ma.f_admin_kbn ,ma.f_auth ,ma.f_auth_value ,ma.f_del_flg ,ma.f_reg_account ,ma.f_reg_time ,ma.f_upd_account ,ma.f_upd_time FROM m_admin ma WHERE ma.f_id = 'aaaa' AND ma.f_password = '11c6b15d8a138ea462dfeb23f6b7a39b1ceb5b0069a117c67c362b1b04548153' AND ma.f_del_flg = '0'
2024/12/27 20:21:32 >> error : WideDB_SimplanInterface::QueryExecute >>SELECT ma.f_admin_id ,ma.f_name ,ma.f_mailaddress ,ma.f_id ,ma.f_password ,ma.f_admin_kbn ,ma.f_auth ,ma.f_auth_value ,ma.f_del_flg ,ma.f_reg_account ,ma.f_reg_time ,ma.f_upd_account ,ma.f_upd_time FROM m_admin ma WHERE ma.f_id = 'aaaa' AND ma.f_password = '11c6b15d8a138ea462dfeb23f6b7a39b1ceb5b0069a117c67c362b1b04548153' AND ma.f_del_flg = '0'
::
2024/12/27 20:21:32 >> info : execQuery TIME : 0.00102 second
2024/12/27 20:21:32 >> error : SimplanAbstractProcess::execCommand -> AbstractCommand::executeProcess m_admin/login.sql.sql is  error.
::
2024/12/27 20:23:31 >> info : * ------------------------------------------------------------ *
2024/12/27 20:23:31 >> info : * Simplan Framework - PHP Web Application Framework
2024/12/27 20:23:31 >> info : * 
2024/12/27 20:23:31 >> info : * Version : 1.1.0
2024/12/27 20:23:31 >> info : * Copyright(c) 2003-2024 THREET CO.,LTD. All Rights Reserved.
2024/12/27 20:23:31 >> info : * http://www.threet.co.jp
2024/12/27 20:23:31 >> info : * ------------------------------------------------------------ *
2024/12/27 20:23:31 >> debug : HTTP_REFERER > https://localhost/simplan/public_html/admin/index.php?cmd=logout
2024/12/27 20:23:31 >> debug : SCRIPT_URI > 
2024/12/27 20:23:31 >> debug : REQUEST_URI > /simplan/public_html/admin/index.php
2024/12/27 20:23:31 >> debug : HTTPS > on
2024/12/27 20:23:31 >> debug : HTTPS MODE > on
2024/12/27 20:23:31 >> debug : DEF_COMMAND > cmd
2024/12/27 20:23:31 >> debug : DEF_PROCESS > prc
2024/12/27 20:23:31 >> debug : POST DATA > [prc] : <index>
2024/12/27 20:23:31 >> debug : POST DATA > [cmd] : <login>
2024/12/27 20:23:31 >> debug : POST DATA > [f_id] : <aaaa>
2024/12/27 20:23:31 >> debug : POST DATA > [f_password] : <aaaa>
2024/12/27 20:23:31 >> debug : SESSION start ... OK
2024/12/27 20:23:31 >> info : Process set [index] ... OK
2024/12/27 20:23:31 >> info : Process Name [indexProcess] ... OK
2024/12/27 20:23:31 >> info : Include File [C:\xampp\htdocs\simplan\public_app\mod\admin/index/process/indexProcess.php]... OK
2024/12/27 20:23:31 >> info : Class Exists [indexProcess] ... OK
2024/12/27 20:23:31 >> debug : DB Connect ... OK
2024/12/27 20:23:31 >> debug : Entering precute ...
2024/12/27 20:23:31 >> debug : Entering execute ...
2024/12/27 20:23:31 >> debug : indexProcess Entering executeLogin ...
2024/12/27 20:23:31 >> debug : Entering executeLogin ...
2024/12/27 20:23:31 >> info : SimplanAbstractProcess::execCommand -> AbstractCommand::executeProcess > [ m_admin/login.sql ]
2024/12/27 20:23:31 >> debug : WideDB_SimplanInterface::QueryExecute >>SELECT ma.f_admin_id ,ma.f_name ,ma.f_mailaddress ,ma.f_id ,ma.f_password ,ma.f_admin_kbn ,ma.f_auth ,ma.f_auth_value ,ma.f_del_flg ,ma.f_reg_account ,ma.f_reg_time ,ma.f_upd_account ,ma.f_upd_time FROM m_admin ma WHERE ma.f_id = 'aaaa' AND ma.f_password = '11c6b15d8a138ea462dfeb23f6b7a39b1ceb5b0069a117c67c362b1b04548153' AND ma.f_del_flg = '0'
2024/12/27 20:23:31 >> error : WideDB_SimplanInterface::QueryExecute >>SELECT ma.f_admin_id ,ma.f_name ,ma.f_mailaddress ,ma.f_id ,ma.f_password ,ma.f_admin_kbn ,ma.f_auth ,ma.f_auth_value ,ma.f_del_flg ,ma.f_reg_account ,ma.f_reg_time ,ma.f_upd_account ,ma.f_upd_time FROM m_admin ma WHERE ma.f_id = 'aaaa' AND ma.f_password = '11c6b15d8a138ea462dfeb23f6b7a39b1ceb5b0069a117c67c362b1b04548153' AND ma.f_del_flg = '0'
::
2024/12/27 20:23:31 >> info : execQuery TIME : 0.00104 second
2024/12/27 20:23:31 >> error : SimplanAbstractProcess::execCommand -> AbstractCommand::executeProcess m_admin/login.sql.sql is  error.
::
2024/12/27 20:31:09 >> info : * ------------------------------------------------------------ *
2024/12/27 20:31:09 >> info : * Simplan Framework - PHP Web Application Framework
2024/12/27 20:31:09 >> info : * 
2024/12/27 20:31:09 >> info : * Version : 1.1.0
2024/12/27 20:31:09 >> info : * Copyright(c) 2003-2024 THREET CO.,LTD. All Rights Reserved.
2024/12/27 20:31:09 >> info : * http://www.threet.co.jp
2024/12/27 20:31:09 >> info : * ------------------------------------------------------------ *
2024/12/27 20:31:09 >> debug : HTTP_REFERER > https://localhost/simplan/public_html/admin/index.php?cmd=logout
2024/12/27 20:31:09 >> debug : SCRIPT_URI > 
2024/12/27 20:31:09 >> debug : REQUEST_URI > /simplan/public_html/admin/index.php
2024/12/27 20:31:09 >> debug : HTTPS > on
2024/12/27 20:31:09 >> debug : HTTPS MODE > on
2024/12/27 20:31:09 >> debug : DEF_COMMAND > cmd
2024/12/27 20:31:09 >> debug : DEF_PROCESS > prc
2024/12/27 20:31:09 >> debug : POST DATA > [prc] : <index>
2024/12/27 20:31:09 >> debug : POST DATA > [cmd] : <login>
2024/12/27 20:31:09 >> debug : POST DATA > [f_id] : <aaaa>
2024/12/27 20:31:09 >> debug : POST DATA > [f_password] : <aaaa>
2024/12/27 20:31:09 >> debug : SESSION start ... OK
2024/12/27 20:31:09 >> info : Process set [index] ... OK
2024/12/27 20:31:09 >> info : Process Name [indexProcess] ... OK
2024/12/27 20:31:09 >> info : Include File [C:\xampp\htdocs\simplan\public_app\mod\admin/index/process/indexProcess.php]... OK
2024/12/27 20:31:09 >> info : Class Exists [indexProcess] ... OK
2024/12/27 20:31:09 >> debug : DB Connect ... OK
2024/12/27 20:31:09 >> debug : Entering precute ...
2024/12/27 20:31:09 >> debug : Entering execute ...
2024/12/27 20:31:09 >> debug : indexProcess Entering executeLogin ...
2024/12/27 20:31:09 >> debug : Entering executeLogin ...
2024/12/27 20:31:09 >> info : SimplanAbstractProcess::execCommand -> AbstractCommand::executeProcess > [ m_admin/login.sql ]
2024/12/27 20:31:09 >> debug : WideDB_SimplanInterface::QueryExecute >>SELECT ma.f_admin_id ,ma.f_name ,ma.f_mailaddress ,ma.f_id ,ma.f_password ,ma.f_admin_kbn ,ma.f_auth ,ma.f_auth_value ,ma.f_del_flg ,ma.f_reg_account ,ma.f_reg_time ,ma.f_upd_account ,ma.f_upd_time FROM m_admin ma WHERE ma.f_id = 'aaaa' AND ma.f_password = '11c6b15d8a138ea462dfeb23f6b7a39b1ceb5b0069a117c67c362b1b04548153' AND ma.f_del_flg = '0'
2024/12/27 20:31:09 >> error : WideDB_SimplanInterface::QueryExecute >>SELECT ma.f_admin_id ,ma.f_name ,ma.f_mailaddress ,ma.f_id ,ma.f_password ,ma.f_admin_kbn ,ma.f_auth ,ma.f_auth_value ,ma.f_del_flg ,ma.f_reg_account ,ma.f_reg_time ,ma.f_upd_account ,ma.f_upd_time FROM m_admin ma WHERE ma.f_id = 'aaaa' AND ma.f_password = '11c6b15d8a138ea462dfeb23f6b7a39b1ceb5b0069a117c67c362b1b04548153' AND ma.f_del_flg = '0'
::
2024/12/27 20:31:09 >> info : execQuery TIME : 0.00082 second
2024/12/27 20:31:09 >> error : SimplanAbstractProcess::execCommand -> AbstractCommand::executeProcess m_admin/login.sql.sql is  error.
::
2024/12/27 20:32:28 >> info : * ------------------------------------------------------------ *
2024/12/27 20:32:28 >> info : * Simplan Framework - PHP Web Application Framework
2024/12/27 20:32:28 >> info : * 
2024/12/27 20:32:28 >> info : * Version : 1.1.0
2024/12/27 20:32:28 >> info : * Copyright(c) 2003-2024 THREET CO.,LTD. All Rights Reserved.
2024/12/27 20:32:28 >> info : * http://www.threet.co.jp
2024/12/27 20:32:28 >> info : * ------------------------------------------------------------ *
2024/12/27 20:32:28 >> debug : HTTP_REFERER > https://localhost/simplan/public_html/admin/index.php
2024/12/27 20:32:28 >> debug : SCRIPT_URI > 
2024/12/27 20:32:28 >> debug : REQUEST_URI > /simplan/public_html/admin/index.php?cmd=logout
2024/12/27 20:32:28 >> debug : HTTPS > on
2024/12/27 20:32:28 >> debug : HTTPS MODE > on
2024/12/27 20:32:28 >> debug : DEF_COMMAND > cmd
2024/12/27 20:32:28 >> debug : DEF_PROCESS > prc
2024/12/27 20:32:28 >> debug : GET DATA > [cmd] : <logout>
2024/12/27 20:32:28 >> debug : SESSION start ... OK
2024/12/27 20:32:28 >> info : Process set [index] ... OK
2024/12/27 20:32:28 >> info : Process Name [indexProcess] ... OK
2024/12/27 20:32:28 >> info : Include File [C:\xampp\htdocs\simplan\public_app\mod\admin/index/process/indexProcess.php]... OK
2024/12/27 20:32:28 >> info : Class Exists [indexProcess] ... OK
2024/12/27 20:32:28 >> debug : DB Connect ... OK
2024/12/27 20:32:28 >> debug : Entering precute ...
2024/12/27 20:32:28 >> debug : Entering execute ...
2024/12/27 20:32:28 >> debug : indexProcess Entering executeLogout ...
2024/12/27 20:32:28 >> debug : Entering executeLogout ...
2024/12/27 20:32:28 >> debug : Entering postcute ...
2024/12/27 20:32:28 >> debug : DB Connect Close ... OK
2024/12/27 20:32:30 >> info : * ------------------------------------------------------------ *
2024/12/27 20:32:30 >> info : * Simplan Framework - PHP Web Application Framework
2024/12/27 20:32:30 >> info : * 
2024/12/27 20:32:30 >> info : * Version : 1.1.0
2024/12/27 20:32:30 >> info : * Copyright(c) 2003-2024 THREET CO.,LTD. All Rights Reserved.
2024/12/27 20:32:30 >> info : * http://www.threet.co.jp
2024/12/27 20:32:30 >> info : * ------------------------------------------------------------ *
2024/12/27 20:32:30 >> debug : HTTP_REFERER > https://localhost/simplan/public_html/admin/index.php
2024/12/27 20:32:30 >> debug : SCRIPT_URI > 
2024/12/27 20:32:30 >> debug : REQUEST_URI > /simplan/public_html/admin/index.php?cmd=logout
2024/12/27 20:32:30 >> debug : HTTPS > on
2024/12/27 20:32:30 >> debug : HTTPS MODE > on
2024/12/27 20:32:30 >> debug : DEF_COMMAND > cmd
2024/12/27 20:32:30 >> debug : DEF_PROCESS > prc
2024/12/27 20:32:30 >> debug : GET DATA > [cmd] : <logout>
2024/12/27 20:32:30 >> debug : SESSION start ... OK
2024/12/27 20:32:30 >> info : Process set [index] ... OK
2024/12/27 20:32:30 >> info : Process Name [indexProcess] ... OK
2024/12/27 20:32:30 >> info : Include File [C:\xampp\htdocs\simplan\public_app\mod\admin/index/process/indexProcess.php]... OK
2024/12/27 20:32:30 >> info : Class Exists [indexProcess] ... OK
2024/12/27 20:32:30 >> debug : DB Connect ... OK
2024/12/27 20:32:30 >> debug : Entering precute ...
2024/12/27 20:32:30 >> debug : Entering execute ...
2024/12/27 20:32:30 >> debug : indexProcess Entering executeLogout ...
2024/12/27 20:32:30 >> debug : Entering executeLogout ...
2024/12/27 20:32:30 >> debug : Entering postcute ...
2024/12/27 20:32:30 >> debug : DB Connect Close ... OK
2024/12/27 20:32:36 >> info : * ------------------------------------------------------------ *
2024/12/27 20:32:36 >> info : * Simplan Framework - PHP Web Application Framework
2024/12/27 20:32:36 >> info : * 
2024/12/27 20:32:36 >> info : * Version : 1.1.0
2024/12/27 20:32:36 >> info : * Copyright(c) 2003-2024 THREET CO.,LTD. All Rights Reserved.
2024/12/27 20:32:36 >> info : * http://www.threet.co.jp
2024/12/27 20:32:36 >> info : * ------------------------------------------------------------ *
2024/12/27 20:32:36 >> debug : HTTP_REFERER > https://localhost/simplan/public_html/admin/index.php?cmd=logout
2024/12/27 20:32:36 >> debug : SCRIPT_URI > 
2024/12/27 20:32:36 >> debug : REQUEST_URI > /simplan/public_html/admin/index.php
2024/12/27 20:32:36 >> debug : HTTPS > on
2024/12/27 20:32:36 >> debug : HTTPS MODE > on
2024/12/27 20:32:36 >> debug : DEF_COMMAND > cmd
2024/12/27 20:32:36 >> debug : DEF_PROCESS > prc
2024/12/27 20:32:36 >> debug : POST DATA > [prc] : <index>
2024/12/27 20:32:36 >> debug : POST DATA > [cmd] : <login>
2024/12/27 20:32:36 >> debug : POST DATA > [f_id] : <aaaa>
2024/12/27 20:32:36 >> debug : POST DATA > [f_password] : <aaaa>
2024/12/27 20:32:36 >> debug : SESSION start ... OK
2024/12/27 20:32:36 >> info : Process set [index] ... OK
2024/12/27 20:32:36 >> info : Process Name [indexProcess] ... OK
2024/12/27 20:32:36 >> info : Include File [C:\xampp\htdocs\simplan\public_app\mod\admin/index/process/indexProcess.php]... OK
2024/12/27 20:32:36 >> info : Class Exists [indexProcess] ... OK
2024/12/27 20:32:36 >> debug : DB Connect ... OK
2024/12/27 20:32:36 >> debug : Entering precute ...
2024/12/27 20:32:36 >> debug : Entering execute ...
2024/12/27 20:32:36 >> debug : indexProcess Entering executeLogin ...
2024/12/27 20:32:36 >> debug : Entering executeLogin ...
2024/12/27 20:32:36 >> info : SimplanAbstractProcess::execCommand -> AbstractCommand::executeProcess > [ m_admin/login.sql ]
2024/12/27 20:37:21 >> info : * ------------------------------------------------------------ *
2024/12/27 20:37:21 >> info : * Simplan Framework - PHP Web Application Framework
2024/12/27 20:37:21 >> info : * 
2024/12/27 20:37:21 >> info : * Version : 1.1.0
2024/12/27 20:37:21 >> info : * Copyright(c) 2003-2024 THREET CO.,LTD. All Rights Reserved.
2024/12/27 20:37:21 >> info : * http://www.threet.co.jp
2024/12/27 20:37:21 >> info : * ------------------------------------------------------------ *
2024/12/27 20:37:21 >> debug : HTTP_REFERER > https://localhost/simplan/public_html/admin/index.php?cmd=logout
2024/12/27 20:37:21 >> debug : SCRIPT_URI > 
2024/12/27 20:37:21 >> debug : REQUEST_URI > /simplan/public_html/admin/index.php
2024/12/27 20:37:21 >> debug : HTTPS > on
2024/12/27 20:37:21 >> debug : HTTPS MODE > on
2024/12/27 20:37:21 >> debug : DEF_COMMAND > cmd
2024/12/27 20:37:21 >> debug : DEF_PROCESS > prc
2024/12/27 20:37:21 >> debug : POST DATA > [prc] : <index>
2024/12/27 20:37:21 >> debug : POST DATA > [cmd] : <login>
2024/12/27 20:37:21 >> debug : POST DATA > [f_id] : <aaaa>
2024/12/27 20:37:21 >> debug : POST DATA > [f_password] : <aaaa>
2024/12/27 20:37:21 >> debug : SESSION start ... OK
2024/12/27 20:37:21 >> info : Process set [index] ... OK
2024/12/27 20:37:21 >> info : Process Name [indexProcess] ... OK
2024/12/27 20:37:21 >> info : Include File [C:\xampp\htdocs\simplan\public_app\mod\admin/index/process/indexProcess.php]... OK
2024/12/27 20:37:21 >> info : Class Exists [indexProcess] ... OK
2024/12/27 20:37:21 >> debug : DB Connect ... OK
2024/12/27 20:37:21 >> debug : Entering precute ...
2024/12/27 20:37:21 >> debug : Entering execute ...
2024/12/27 20:37:21 >> debug : indexProcess Entering executeLogin ...
2024/12/27 20:37:21 >> debug : Entering executeLogin ...
2024/12/27 20:37:21 >> info : SimplanAbstractProcess::execCommand -> AbstractCommand::executeProcess > [ m_admin/login.sql ]
2024/12/27 20:37:21 >> debug : WideDB_SimplanInterface::QueryExecute >>SELECT ma.f_admin_id ,ma.f_name ,ma.f_mailaddress ,ma.f_id ,ma.f_password ,ma.f_admin_kbn ,ma.f_auth ,ma.f_auth_value ,ma.f_del_flg ,ma.f_reg_account ,ma.f_reg_time ,ma.f_upd_account ,ma.f_upd_time FROM m_admin ma WHERE ma.f_id = 'aaaa' AND ma.f_password = '11c6b15d8a138ea462dfeb23f6b7a39b1ceb5b0069a117c67c362b1b04548153' AND ma.f_del_flg = '0'
2024/12/27 20:37:21 >> error : WideDB_SimplanInterface::QueryExecute >>SELECT ma.f_admin_id ,ma.f_name ,ma.f_mailaddress ,ma.f_id ,ma.f_password ,ma.f_admin_kbn ,ma.f_auth ,ma.f_auth_value ,ma.f_del_flg ,ma.f_reg_account ,ma.f_reg_time ,ma.f_upd_account ,ma.f_upd_time FROM m_admin ma WHERE ma.f_id = 'aaaa' AND ma.f_password = '11c6b15d8a138ea462dfeb23f6b7a39b1ceb5b0069a117c67c362b1b04548153' AND ma.f_del_flg = '0'
::
2024/12/27 20:37:21 >> info : execQuery TIME : 0.00080 second
2024/12/27 20:37:23 >> info : * ------------------------------------------------------------ *
2024/12/27 20:37:23 >> info : * Simplan Framework - PHP Web Application Framework
2024/12/27 20:37:23 >> info : * 
2024/12/27 20:37:23 >> info : * Version : 1.1.0
2024/12/27 20:37:23 >> info : * Copyright(c) 2003-2024 THREET CO.,LTD. All Rights Reserved.
2024/12/27 20:37:23 >> info : * http://www.threet.co.jp
2024/12/27 20:37:23 >> info : * ------------------------------------------------------------ *
2024/12/27 20:37:23 >> debug : HTTP_REFERER > https://localhost/simplan/public_html/admin/index.php
2024/12/27 20:37:23 >> debug : SCRIPT_URI > 
2024/12/27 20:37:23 >> debug : REQUEST_URI > /simplan/public_html/admin/index.php?cmd=logout
2024/12/27 20:37:23 >> debug : HTTPS > on
2024/12/27 20:37:23 >> debug : HTTPS MODE > on
2024/12/27 20:37:23 >> debug : DEF_COMMAND > cmd
2024/12/27 20:37:23 >> debug : DEF_PROCESS > prc
2024/12/27 20:37:23 >> debug : GET DATA > [cmd] : <logout>
2024/12/27 20:37:23 >> debug : SESSION start ... OK
2024/12/27 20:37:23 >> info : Process set [index] ... OK
2024/12/27 20:37:23 >> info : Process Name [indexProcess] ... OK
2024/12/27 20:37:23 >> info : Include File [C:\xampp\htdocs\simplan\public_app\mod\admin/index/process/indexProcess.php]... OK
2024/12/27 20:37:23 >> info : Class Exists [indexProcess] ... OK
2024/12/27 20:37:23 >> debug : DB Connect ... OK
2024/12/27 20:37:23 >> debug : Entering precute ...
2024/12/27 20:37:23 >> debug : Entering execute ...
2024/12/27 20:37:23 >> debug : indexProcess Entering executeLogout ...
2024/12/27 20:37:23 >> debug : Entering executeLogout ...
2024/12/27 20:37:23 >> debug : Entering postcute ...
2024/12/27 20:37:23 >> debug : DB Connect Close ... OK
2024/12/27 20:37:25 >> info : * ------------------------------------------------------------ *
2024/12/27 20:37:25 >> info : * Simplan Framework - PHP Web Application Framework
2024/12/27 20:37:25 >> info : * 
2024/12/27 20:37:25 >> info : * Version : 1.1.0
2024/12/27 20:37:25 >> info : * Copyright(c) 2003-2024 THREET CO.,LTD. All Rights Reserved.
2024/12/27 20:37:25 >> info : * http://www.threet.co.jp
2024/12/27 20:37:25 >> info : * ------------------------------------------------------------ *
2024/12/27 20:37:25 >> debug : HTTP_REFERER > https://localhost/simplan/public_html/admin/index.php
2024/12/27 20:37:25 >> debug : SCRIPT_URI > 
2024/12/27 20:37:25 >> debug : REQUEST_URI > /simplan/public_html/admin/index.php?cmd=logout
2024/12/27 20:37:25 >> debug : HTTPS > on
2024/12/27 20:37:25 >> debug : HTTPS MODE > on
2024/12/27 20:37:25 >> debug : DEF_COMMAND > cmd
2024/12/27 20:37:25 >> debug : DEF_PROCESS > prc
2024/12/27 20:37:25 >> debug : GET DATA > [cmd] : <logout>
2024/12/27 20:37:25 >> debug : SESSION start ... OK
2024/12/27 20:37:25 >> info : Process set [index] ... OK
2024/12/27 20:37:25 >> info : Process Name [indexProcess] ... OK
2024/12/27 20:37:25 >> info : Include File [C:\xampp\htdocs\simplan\public_app\mod\admin/index/process/indexProcess.php]... OK
2024/12/27 20:37:25 >> info : Class Exists [indexProcess] ... OK
2024/12/27 20:37:25 >> debug : DB Connect ... OK
2024/12/27 20:37:25 >> debug : Entering precute ...
2024/12/27 20:37:25 >> debug : Entering execute ...
2024/12/27 20:37:25 >> debug : indexProcess Entering executeLogout ...
2024/12/27 20:37:25 >> debug : Entering executeLogout ...
2024/12/27 20:37:25 >> debug : Entering postcute ...
2024/12/27 20:37:25 >> debug : DB Connect Close ... OK
2024/12/27 20:37:36 >> info : * ------------------------------------------------------------ *
2024/12/27 20:37:36 >> info : * Simplan Framework - PHP Web Application Framework
2024/12/27 20:37:36 >> info : * 
2024/12/27 20:37:36 >> info : * Version : 1.1.0
2024/12/27 20:37:36 >> info : * Copyright(c) 2003-2024 THREET CO.,LTD. All Rights Reserved.
2024/12/27 20:37:36 >> info : * http://www.threet.co.jp
2024/12/27 20:37:36 >> info : * ------------------------------------------------------------ *
2024/12/27 20:37:36 >> debug : HTTP_REFERER > https://localhost/simplan/public_html/admin/index.php?cmd=logout
2024/12/27 20:37:36 >> debug : SCRIPT_URI > 
2024/12/27 20:37:36 >> debug : REQUEST_URI > /simplan/public_html/admin/index.php
2024/12/27 20:37:36 >> debug : HTTPS > on
2024/12/27 20:37:36 >> debug : HTTPS MODE > on
2024/12/27 20:37:36 >> debug : DEF_COMMAND > cmd
2024/12/27 20:37:36 >> debug : DEF_PROCESS > prc
2024/12/27 20:37:36 >> debug : POST DATA > [prc] : <index>
2024/12/27 20:37:36 >> debug : POST DATA > [cmd] : <login>
2024/12/27 20:37:36 >> debug : POST DATA > [f_id] : <aaaa>
2024/12/27 20:37:36 >> debug : POST DATA > [f_password] : <aaaa>
2024/12/27 20:37:36 >> debug : SESSION start ... OK
2024/12/27 20:37:36 >> info : Process set [index] ... OK
2024/12/27 20:37:36 >> info : Process Name [indexProcess] ... OK
2024/12/27 20:37:36 >> info : Include File [C:\xampp\htdocs\simplan\public_app\mod\admin/index/process/indexProcess.php]... OK
2024/12/27 20:37:36 >> info : Class Exists [indexProcess] ... OK
2024/12/27 20:37:36 >> debug : DB Connect ... OK
2024/12/27 20:37:36 >> debug : Entering precute ...
2024/12/27 20:37:36 >> debug : Entering execute ...
2024/12/27 20:37:36 >> debug : indexProcess Entering executeLogin ...
2024/12/27 20:37:36 >> debug : Entering executeLogin ...
2024/12/27 20:37:36 >> info : SimplanAbstractProcess::execCommand -> AbstractCommand::executeProcess > [ m_admin/login.sql ]
2024/12/27 20:37:36 >> debug : WideDB_SimplanInterface::QueryExecute >>SELECT ma.f_admin_id ,ma.f_name ,ma.f_mailaddress ,ma.f_id ,ma.f_password ,ma.f_admin_kbn ,ma.f_auth ,ma.f_auth_value ,ma.f_del_flg ,ma.f_reg_account ,ma.f_reg_time ,ma.f_upd_account ,ma.f_upd_time FROM m_admin ma WHERE ma.f_id = 'aaaa' AND ma.f_password = '11c6b15d8a138ea462dfeb23f6b7a39b1ceb5b0069a117c67c362b1b04548153' AND ma.f_del_flg = '0'
2024/12/27 20:37:36 >> error : WideDB_SimplanInterface::QueryExecute >>SELECT ma.f_admin_id ,ma.f_name ,ma.f_mailaddress ,ma.f_id ,ma.f_password ,ma.f_admin_kbn ,ma.f_auth ,ma.f_auth_value ,ma.f_del_flg ,ma.f_reg_account ,ma.f_reg_time ,ma.f_upd_account ,ma.f_upd_time FROM m_admin ma WHERE ma.f_id = 'aaaa' AND ma.f_password = '11c6b15d8a138ea462dfeb23f6b7a39b1ceb5b0069a117c67c362b1b04548153' AND ma.f_del_flg = '0'
::
2024/12/27 20:37:36 >> info : execQuery TIME : 0.00071 second
2024/12/27 20:39:00 >> info : * ------------------------------------------------------------ *
2024/12/27 20:39:00 >> info : * Simplan Framework - PHP Web Application Framework
2024/12/27 20:39:00 >> info : * 
2024/12/27 20:39:00 >> info : * Version : 1.1.0
2024/12/27 20:39:00 >> info : * Copyright(c) 2003-2024 THREET CO.,LTD. All Rights Reserved.
2024/12/27 20:39:00 >> info : * http://www.threet.co.jp
2024/12/27 20:39:00 >> info : * ------------------------------------------------------------ *
2024/12/27 20:39:00 >> debug : HTTP_REFERER > https://localhost/simplan/public_html/admin/index.php?cmd=logout
2024/12/27 20:39:00 >> debug : SCRIPT_URI > 
2024/12/27 20:39:00 >> debug : REQUEST_URI > /simplan/public_html/admin/index.php
2024/12/27 20:39:00 >> debug : HTTPS > on
2024/12/27 20:39:00 >> debug : HTTPS MODE > on
2024/12/27 20:39:00 >> debug : DEF_COMMAND > cmd
2024/12/27 20:39:00 >> debug : DEF_PROCESS > prc
2024/12/27 20:39:00 >> debug : POST DATA > [prc] : <index>
2024/12/27 20:39:00 >> debug : POST DATA > [cmd] : <login>
2024/12/27 20:39:00 >> debug : POST DATA > [f_id] : <aaaa>
2024/12/27 20:39:00 >> debug : POST DATA > [f_password] : <aaaa>
2024/12/27 20:39:00 >> debug : SESSION start ... OK
2024/12/27 20:39:00 >> info : Process set [index] ... OK
2024/12/27 20:39:00 >> info : Process Name [indexProcess] ... OK
2024/12/27 20:39:00 >> info : Include File [C:\xampp\htdocs\simplan\public_app\mod\admin/index/process/indexProcess.php]... OK
2024/12/27 20:39:00 >> info : Class Exists [indexProcess] ... OK
2024/12/27 20:39:00 >> debug : DB Connect ... OK
2024/12/27 20:39:00 >> debug : Entering precute ...
2024/12/27 20:39:00 >> debug : Entering execute ...
2024/12/27 20:39:00 >> debug : indexProcess Entering executeLogin ...
2024/12/27 20:39:00 >> debug : Entering executeLogin ...
2024/12/27 20:40:19 >> info : * ------------------------------------------------------------ *
2024/12/27 20:40:19 >> info : * Simplan Framework - PHP Web Application Framework
2024/12/27 20:40:19 >> info : * 
2024/12/27 20:40:19 >> info : * Version : 1.1.0
2024/12/27 20:40:19 >> info : * Copyright(c) 2003-2024 THREET CO.,LTD. All Rights Reserved.
2024/12/27 20:40:19 >> info : * http://www.threet.co.jp
2024/12/27 20:40:19 >> info : * ------------------------------------------------------------ *
2024/12/27 20:40:19 >> debug : HTTP_REFERER > https://localhost/simplan/public_html/admin/index.php?cmd=logout
2024/12/27 20:40:19 >> debug : SCRIPT_URI > 
2024/12/27 20:40:19 >> debug : REQUEST_URI > /simplan/public_html/admin/index.php
2024/12/27 20:40:19 >> debug : HTTPS > on
2024/12/27 20:40:19 >> debug : HTTPS MODE > on
2024/12/27 20:40:19 >> debug : DEF_COMMAND > cmd
2024/12/27 20:40:19 >> debug : DEF_PROCESS > prc
2024/12/27 20:40:19 >> debug : POST DATA > [prc] : <index>
2024/12/27 20:40:19 >> debug : POST DATA > [cmd] : <login>
2024/12/27 20:40:19 >> debug : POST DATA > [f_id] : <aaaa>
2024/12/27 20:40:19 >> debug : POST DATA > [f_password] : <aaaa>
2024/12/27 20:40:19 >> debug : SESSION start ... OK
2024/12/27 20:40:19 >> info : Process set [index] ... OK
2024/12/27 20:40:19 >> info : Process Name [indexProcess] ... OK
2024/12/27 20:40:19 >> info : Include File [C:\xampp\htdocs\simplan\public_app\mod\admin/index/process/indexProcess.php]... OK
2024/12/27 20:40:19 >> info : Class Exists [indexProcess] ... OK
2024/12/27 20:40:19 >> debug : DB Connect ... OK
2024/12/27 20:40:19 >> debug : Entering precute ...
2024/12/27 20:40:19 >> debug : Entering execute ...
2024/12/27 20:40:19 >> debug : indexProcess Entering executeLogin ...
2024/12/27 20:40:19 >> debug : Entering executeLogin ...
2024/12/27 20:40:19 >> info : SimplanAbstractProcess::execCommand -> AbstractCommand::executeProcess > [ m_admin/login.sql ]
2024/12/27 20:40:22 >> info : * ------------------------------------------------------------ *
2024/12/27 20:40:22 >> info : * Simplan Framework - PHP Web Application Framework
2024/12/27 20:40:22 >> info : * 
2024/12/27 20:40:22 >> info : * Version : 1.1.0
2024/12/27 20:40:22 >> info : * Copyright(c) 2003-2024 THREET CO.,LTD. All Rights Reserved.
2024/12/27 20:40:22 >> info : * http://www.threet.co.jp
2024/12/27 20:40:22 >> info : * ------------------------------------------------------------ *
2024/12/27 20:40:22 >> debug : HTTP_REFERER > https://localhost/simplan/public_html/admin/index.php?cmd=logout
2024/12/27 20:40:22 >> debug : SCRIPT_URI > 
2024/12/27 20:40:22 >> debug : REQUEST_URI > /simplan/public_html/admin/index.php
2024/12/27 20:40:22 >> debug : HTTPS > on
2024/12/27 20:40:22 >> debug : HTTPS MODE > on
2024/12/27 20:40:22 >> debug : DEF_COMMAND > cmd
2024/12/27 20:40:22 >> debug : DEF_PROCESS > prc
2024/12/27 20:40:22 >> debug : POST DATA > [prc] : <index>
2024/12/27 20:40:22 >> debug : POST DATA > [cmd] : <login>
2024/12/27 20:40:22 >> debug : POST DATA > [f_id] : <aaaa>
2024/12/27 20:40:22 >> debug : POST DATA > [f_password] : <aaaa>
2024/12/27 20:40:22 >> debug : SESSION start ... OK
2024/12/27 20:40:22 >> info : Process set [index] ... OK
2024/12/27 20:40:22 >> info : Process Name [indexProcess] ... OK
2024/12/27 20:40:22 >> info : Include File [C:\xampp\htdocs\simplan\public_app\mod\admin/index/process/indexProcess.php]... OK
2024/12/27 20:40:22 >> info : Class Exists [indexProcess] ... OK
2024/12/27 20:40:22 >> debug : DB Connect ... OK
2024/12/27 20:40:22 >> debug : Entering precute ...
2024/12/27 20:40:22 >> debug : Entering execute ...
2024/12/27 20:40:22 >> debug : indexProcess Entering executeLogin ...
2024/12/27 20:40:22 >> debug : Entering executeLogin ...
2024/12/27 20:40:22 >> info : SimplanAbstractProcess::execCommand -> AbstractCommand::executeProcess > [ m_admin/login.sql ]
2024/12/27 20:41:37 >> info : * ------------------------------------------------------------ *
2024/12/27 20:41:37 >> info : * Simplan Framework - PHP Web Application Framework
2024/12/27 20:41:37 >> info : * 
2024/12/27 20:41:37 >> info : * Version : 1.1.0
2024/12/27 20:41:37 >> info : * Copyright(c) 2003-2024 THREET CO.,LTD. All Rights Reserved.
2024/12/27 20:41:37 >> info : * http://www.threet.co.jp
2024/12/27 20:41:37 >> info : * ------------------------------------------------------------ *
2024/12/27 20:41:37 >> debug : HTTP_REFERER > https://localhost/simplan/public_html/admin/index.php?cmd=logout
2024/12/27 20:41:37 >> debug : SCRIPT_URI > 
2024/12/27 20:41:37 >> debug : REQUEST_URI > /simplan/public_html/admin/index.php
2024/12/27 20:41:37 >> debug : HTTPS > on
2024/12/27 20:41:37 >> debug : HTTPS MODE > on
2024/12/27 20:41:37 >> debug : DEF_COMMAND > cmd
2024/12/27 20:41:37 >> debug : DEF_PROCESS > prc
2024/12/27 20:41:37 >> debug : POST DATA > [prc] : <index>
2024/12/27 20:41:37 >> debug : POST DATA > [cmd] : <login>
2024/12/27 20:41:37 >> debug : POST DATA > [f_id] : <aaaa>
2024/12/27 20:41:37 >> debug : POST DATA > [f_password] : <aaaa>
2024/12/27 20:41:37 >> debug : SESSION start ... OK
2024/12/27 20:41:37 >> info : Process set [index] ... OK
2024/12/27 20:41:37 >> info : Process Name [indexProcess] ... OK
2024/12/27 20:41:37 >> info : Include File [C:\xampp\htdocs\simplan\public_app\mod\admin/index/process/indexProcess.php]... OK
2024/12/27 20:41:37 >> info : Class Exists [indexProcess] ... OK
2024/12/27 20:41:37 >> debug : DB Connect ... OK
2024/12/27 20:41:37 >> debug : Entering precute ...
2024/12/27 20:41:37 >> debug : Entering execute ...
2024/12/27 20:41:37 >> debug : indexProcess Entering executeLogin ...
2024/12/27 20:41:37 >> debug : Entering executeLogin ...
2024/12/27 20:41:37 >> info : SimplanAbstractProcess::execCommand -> AbstractCommand::executeProcess > [ m_admin/login.sql ]
2024/12/27 20:41:56 >> info : * ------------------------------------------------------------ *
2024/12/27 20:41:56 >> info : * Simplan Framework - PHP Web Application Framework
2024/12/27 20:41:56 >> info : * 
2024/12/27 20:41:56 >> info : * Version : 1.1.0
2024/12/27 20:41:56 >> info : * Copyright(c) 2003-2024 THREET CO.,LTD. All Rights Reserved.
2024/12/27 20:41:56 >> info : * http://www.threet.co.jp
2024/12/27 20:41:56 >> info : * ------------------------------------------------------------ *
2024/12/27 20:41:56 >> debug : HTTP_REFERER > https://localhost/simplan/public_html/admin/index.php?cmd=logout
2024/12/27 20:41:56 >> debug : SCRIPT_URI > 
2024/12/27 20:41:56 >> debug : REQUEST_URI > /simplan/public_html/admin/index.php
2024/12/27 20:41:56 >> debug : HTTPS > on
2024/12/27 20:41:56 >> debug : HTTPS MODE > on
2024/12/27 20:41:56 >> debug : DEF_COMMAND > cmd
2024/12/27 20:41:56 >> debug : DEF_PROCESS > prc
2024/12/27 20:41:56 >> debug : POST DATA > [prc] : <index>
2024/12/27 20:41:56 >> debug : POST DATA > [cmd] : <login>
2024/12/27 20:41:56 >> debug : POST DATA > [f_id] : <aaaa>
2024/12/27 20:41:56 >> debug : POST DATA > [f_password] : <aaaa>
2024/12/27 20:41:56 >> debug : SESSION start ... OK
2024/12/27 20:41:56 >> info : Process set [index] ... OK
2024/12/27 20:41:56 >> info : Process Name [indexProcess] ... OK
2024/12/27 20:41:56 >> info : Include File [C:\xampp\htdocs\simplan\public_app\mod\admin/index/process/indexProcess.php]... OK
2024/12/27 20:41:56 >> info : Class Exists [indexProcess] ... OK
2024/12/27 20:41:56 >> debug : DB Connect ... OK
2024/12/27 20:41:56 >> debug : Entering precute ...
2024/12/27 20:41:56 >> debug : Entering execute ...
2024/12/27 20:41:56 >> debug : indexProcess Entering executeLogin ...
2024/12/27 20:41:56 >> debug : Entering executeLogin ...
2024/12/27 20:41:56 >> info : SimplanAbstractProcess::execCommand -> AbstractCommand::executeProcess > [ m_admin/login.sql ]
2024/12/27 20:41:56 >> debug : WideDB_SimplanInterface::QueryExecute >>SELECT ma.f_admin_id ,ma.f_name ,ma.f_mailaddress ,ma.f_id ,ma.f_password ,ma.f_admin_kbn ,ma.f_auth ,ma.f_auth_value ,ma.f_del_flg ,ma.f_reg_account ,ma.f_reg_time ,ma.f_upd_account ,ma.f_upd_time FROM m_admin ma WHERE ma.f_id = 'aaaa' AND ma.f_password = '11c6b15d8a138ea462dfeb23f6b7a39b1ceb5b0069a117c67c362b1b04548153' AND ma.f_del_flg = '0'
2024/12/27 20:41:56 >> info : execQuery TIME : 0.00119 second
2024/12/27 20:43:28 >> info : * ------------------------------------------------------------ *
2024/12/27 20:43:28 >> info : * Simplan Framework - PHP Web Application Framework
2024/12/27 20:43:28 >> info : * 
2024/12/27 20:43:28 >> info : * Version : 1.1.0
2024/12/27 20:43:28 >> info : * Copyright(c) 2003-2024 THREET CO.,LTD. All Rights Reserved.
2024/12/27 20:43:28 >> info : * http://www.threet.co.jp
2024/12/27 20:43:28 >> info : * ------------------------------------------------------------ *
2024/12/27 20:43:28 >> debug : HTTP_REFERER > https://localhost/simplan/public_html/admin/index.php?cmd=logout
2024/12/27 20:43:28 >> debug : SCRIPT_URI > 
2024/12/27 20:43:28 >> debug : REQUEST_URI > /simplan/public_html/admin/index.php
2024/12/27 20:43:28 >> debug : HTTPS > on
2024/12/27 20:43:28 >> debug : HTTPS MODE > on
2024/12/27 20:43:28 >> debug : DEF_COMMAND > cmd
2024/12/27 20:43:28 >> debug : DEF_PROCESS > prc
2024/12/27 20:43:28 >> debug : POST DATA > [prc] : <index>
2024/12/27 20:43:28 >> debug : POST DATA > [cmd] : <login>
2024/12/27 20:43:28 >> debug : POST DATA > [f_id] : <aaaa>
2024/12/27 20:43:28 >> debug : POST DATA > [f_password] : <aaaa>
2024/12/27 20:43:28 >> debug : SESSION start ... OK
2024/12/27 20:43:28 >> info : Process set [index] ... OK
2024/12/27 20:43:28 >> info : Process Name [indexProcess] ... OK
2024/12/27 20:43:28 >> info : Include File [C:\xampp\htdocs\simplan\public_app\mod\admin/index/process/indexProcess.php]... OK
2024/12/27 20:43:28 >> info : Class Exists [indexProcess] ... OK
2024/12/27 20:43:28 >> debug : DB Connect ... OK
2024/12/27 20:43:28 >> debug : Entering precute ...
2024/12/27 20:43:28 >> debug : Entering execute ...
2024/12/27 20:43:28 >> debug : indexProcess Entering executeLogin ...
2024/12/27 20:43:28 >> debug : Entering executeLogin ...
2024/12/27 20:43:28 >> info : SimplanAbstractProcess::execCommand -> AbstractCommand::executeProcess > [ m_admin/login.sql ]
2024/12/27 20:43:28 >> debug : WideDB_SimplanInterface::QueryExecute >>SELECT ma.f_admin_id ,ma.f_name ,ma.f_mailaddress ,ma.f_id ,ma.f_password ,ma.f_admin_kbn ,ma.f_auth ,ma.f_auth_value ,ma.f_del_flg ,ma.f_reg_account ,ma.f_reg_time ,ma.f_upd_account ,ma.f_upd_time FROM m_admin ma WHERE ma.f_id = 'aaaa' AND ma.f_password = '11c6b15d8a138ea462dfeb23f6b7a39b1ceb5b0069a117c67c362b1b04548153' AND ma.f_del_flg = '0'
2024/12/27 20:43:28 >> info : execQuery TIME : 0.00338 second
2024/12/27 20:44:29 >> info : * ------------------------------------------------------------ *
2024/12/27 20:44:29 >> info : * Simplan Framework - PHP Web Application Framework
2024/12/27 20:44:29 >> info : * 
2024/12/27 20:44:29 >> info : * Version : 1.1.0
2024/12/27 20:44:29 >> info : * Copyright(c) 2003-2024 THREET CO.,LTD. All Rights Reserved.
2024/12/27 20:44:29 >> info : * http://www.threet.co.jp
2024/12/27 20:44:29 >> info : * ------------------------------------------------------------ *
2024/12/27 20:44:29 >> debug : HTTP_REFERER > https://localhost/simplan/public_html/admin/index.php?cmd=logout
2024/12/27 20:44:29 >> debug : SCRIPT_URI > 
2024/12/27 20:44:29 >> debug : REQUEST_URI > /simplan/public_html/admin/index.php
2024/12/27 20:44:29 >> debug : HTTPS > on
2024/12/27 20:44:29 >> debug : HTTPS MODE > on
2024/12/27 20:44:29 >> debug : DEF_COMMAND > cmd
2024/12/27 20:44:29 >> debug : DEF_PROCESS > prc
2024/12/27 20:44:29 >> debug : POST DATA > [prc] : <index>
2024/12/27 20:44:29 >> debug : POST DATA > [cmd] : <login>
2024/12/27 20:44:29 >> debug : POST DATA > [f_id] : <aaaa>
2024/12/27 20:44:29 >> debug : POST DATA > [f_password] : <aaaa>
2024/12/27 20:44:29 >> debug : SESSION start ... OK
2024/12/27 20:44:29 >> info : Process set [index] ... OK
2024/12/27 20:44:29 >> info : Process Name [indexProcess] ... OK
2024/12/27 20:44:29 >> info : Include File [C:\xampp\htdocs\simplan\public_app\mod\admin/index/process/indexProcess.php]... OK
2024/12/27 20:44:29 >> info : Class Exists [indexProcess] ... OK
2024/12/27 20:44:29 >> debug : DB Connect ... OK
2024/12/27 20:44:29 >> debug : Entering precute ...
2024/12/27 20:44:29 >> debug : Entering execute ...
2024/12/27 20:44:29 >> debug : indexProcess Entering executeLogin ...
2024/12/27 20:44:29 >> debug : Entering executeLogin ...
2024/12/27 20:44:29 >> info : SimplanAbstractProcess::execCommand -> AbstractCommand::executeProcess > [ m_admin/login.sql ]
2024/12/27 20:44:29 >> debug : WideDB_SimplanInterface::QueryExecute >>SELECT ma.f_admin_id ,ma.f_name ,ma.f_mailaddress ,ma.f_id ,ma.f_password ,ma.f_admin_kbn ,ma.f_auth ,ma.f_auth_value ,ma.f_del_flg ,ma.f_reg_account ,ma.f_reg_time ,ma.f_upd_account ,ma.f_upd_time FROM m_admin ma WHERE ma.f_id = 'aaaa' AND ma.f_password = '11c6b15d8a138ea462dfeb23f6b7a39b1ceb5b0069a117c67c362b1b04548153' AND ma.f_del_flg = '0'
2024/12/27 20:44:29 >> info : execQuery TIME : 0.00084 second
2024/12/27 20:44:29 >> debug : Entering postcute ...
2024/12/27 20:44:29 >> debug : DB Connect Close ... OK
2024/12/27 20:44:31 >> info : * ------------------------------------------------------------ *
2024/12/27 20:44:31 >> info : * Simplan Framework - PHP Web Application Framework
2024/12/27 20:44:31 >> info : * 
2024/12/27 20:44:31 >> info : * Version : 1.1.0
2024/12/27 20:44:31 >> info : * Copyright(c) 2003-2024 THREET CO.,LTD. All Rights Reserved.
2024/12/27 20:44:31 >> info : * http://www.threet.co.jp
2024/12/27 20:44:31 >> info : * ------------------------------------------------------------ *
2024/12/27 20:44:31 >> debug : HTTP_REFERER > https://localhost/simplan/public_html/admin/index.php
2024/12/27 20:44:31 >> debug : SCRIPT_URI > 
2024/12/27 20:44:31 >> debug : REQUEST_URI > /simplan/public_html/admin/addemployee.php
2024/12/27 20:44:31 >> debug : HTTPS > on
2024/12/27 20:44:31 >> debug : HTTPS MODE > on
2024/12/27 20:44:31 >> debug : DEF_COMMAND > cmd
2024/12/27 20:44:31 >> debug : DEF_PROCESS > prc
2024/12/27 20:44:31 >> debug : SESSION start ... OK
2024/12/27 20:44:31 >> info : Process set [index] ... OK
2024/12/27 20:44:31 >> info : Process Name [listProcess] ... OK
2024/12/27 20:44:31 >> info : Include File [C:\xampp\htdocs\simplan\public_app\mod\admin/addemployee/process/listProcess.php]... OK
2024/12/27 20:44:31 >> info : Class Exists [listProcess] ... OK
2024/12/27 20:44:31 >> debug : DB Connect ... OK
2024/12/27 20:44:31 >> debug : Entering precute ...
2024/12/27 20:44:31 >> info : SimplanAbstractProcess::execCommand -> AbstractCommand::executeProcess > [ m_admin/is_login.sql ]
2024/12/27 20:44:31 >> debug : WideDB_SimplanInterface::QueryExecute >>SELECT ma.f_admin_id ,ma.f_name ,ma.f_mailaddress ,ma.f_id ,ma.f_password ,ma.f_admin_kbn ,ma.f_auth ,ma.f_auth_value ,ma.f_del_flg ,ma.f_reg_account ,ma.f_reg_time ,ma.f_upd_account ,ma.f_upd_time FROM m_admin ma WHERE ma.f_admin_id = 34
2024/12/27 20:44:31 >> info : execQuery TIME : 0.00096 second
2024/12/27 20:44:31 >> info : Session connection is OK ...
2024/12/27 20:47:43 >> info : * ------------------------------------------------------------ *
2024/12/27 20:47:43 >> info : * Simplan Framework - PHP Web Application Framework
2024/12/27 20:47:43 >> info : * 
2024/12/27 20:47:43 >> info : * Version : 1.1.0
2024/12/27 20:47:43 >> info : * Copyright(c) 2003-2024 THREET CO.,LTD. All Rights Reserved.
2024/12/27 20:47:43 >> info : * http://www.threet.co.jp
2024/12/27 20:47:43 >> info : * ------------------------------------------------------------ *
2024/12/27 20:47:43 >> debug : HTTP_REFERER > https://localhost/simplan/public_html/admin/index.php
2024/12/27 20:47:43 >> debug : SCRIPT_URI > 
2024/12/27 20:47:43 >> debug : REQUEST_URI > /simplan/public_html/admin/index.php?cmd=logout
2024/12/27 20:47:43 >> debug : HTTPS > on
2024/12/27 20:47:43 >> debug : HTTPS MODE > on
2024/12/27 20:47:43 >> debug : DEF_COMMAND > cmd
2024/12/27 20:47:43 >> debug : DEF_PROCESS > prc
2024/12/27 20:47:43 >> debug : GET DATA > [cmd] : <logout>
2024/12/27 20:47:43 >> debug : SESSION start ... OK
2024/12/27 20:47:43 >> info : Process set [index] ... OK
2024/12/27 20:47:43 >> info : Process Name [indexProcess] ... OK
2024/12/27 20:47:43 >> info : Include File [C:\xampp\htdocs\simplan\public_app\mod\admin/index/process/indexProcess.php]... OK
2024/12/27 20:47:43 >> info : Class Exists [indexProcess] ... OK
2024/12/27 20:47:43 >> debug : DB Connect ... OK
2024/12/27 20:47:43 >> debug : Entering precute ...
2024/12/27 20:47:43 >> debug : Entering execute ...
2024/12/27 20:47:43 >> debug : indexProcess Entering executeLogout ...
2024/12/27 20:47:43 >> debug : Entering executeLogout ...
2024/12/27 20:47:43 >> debug : Entering postcute ...
2024/12/27 20:47:43 >> debug : DB Connect Close ... OK
2024/12/27 20:47:44 >> info : * ------------------------------------------------------------ *
2024/12/27 20:47:44 >> info : * Simplan Framework - PHP Web Application Framework
2024/12/27 20:47:44 >> info : * 
2024/12/27 20:47:44 >> info : * Version : 1.1.0
2024/12/27 20:47:44 >> info : * Copyright(c) 2003-2024 THREET CO.,LTD. All Rights Reserved.
2024/12/27 20:47:44 >> info : * http://www.threet.co.jp
2024/12/27 20:47:44 >> info : * ------------------------------------------------------------ *
2024/12/27 20:47:44 >> debug : HTTP_REFERER > https://localhost/simplan/public_html/admin/index.php
2024/12/27 20:47:44 >> debug : SCRIPT_URI > 
2024/12/27 20:47:44 >> debug : REQUEST_URI > /simplan/public_html/admin/index.php?cmd=logout
2024/12/27 20:47:44 >> debug : HTTPS > on
2024/12/27 20:47:44 >> debug : HTTPS MODE > on
2024/12/27 20:47:44 >> debug : DEF_COMMAND > cmd
2024/12/27 20:47:44 >> debug : DEF_PROCESS > prc
2024/12/27 20:47:44 >> debug : GET DATA > [cmd] : <logout>
2024/12/27 20:47:44 >> debug : SESSION start ... OK
2024/12/27 20:47:44 >> info : Process set [index] ... OK
2024/12/27 20:47:44 >> info : Process Name [indexProcess] ... OK
2024/12/27 20:47:44 >> info : Include File [C:\xampp\htdocs\simplan\public_app\mod\admin/index/process/indexProcess.php]... OK
2024/12/27 20:47:44 >> info : Class Exists [indexProcess] ... OK
2024/12/27 20:47:45 >> debug : DB Connect ... OK
2024/12/27 20:47:45 >> debug : Entering precute ...
2024/12/27 20:47:45 >> debug : Entering execute ...
2024/12/27 20:47:45 >> debug : indexProcess Entering executeLogout ...
2024/12/27 20:47:45 >> debug : Entering executeLogout ...
2024/12/27 20:47:45 >> debug : Entering postcute ...
2024/12/27 20:47:45 >> debug : DB Connect Close ... OK
2024/12/27 20:47:50 >> info : * ------------------------------------------------------------ *
2024/12/27 20:47:50 >> info : * Simplan Framework - PHP Web Application Framework
2024/12/27 20:47:50 >> info : * 
2024/12/27 20:47:50 >> info : * Version : 1.1.0
2024/12/27 20:47:50 >> info : * Copyright(c) 2003-2024 THREET CO.,LTD. All Rights Reserved.
2024/12/27 20:47:50 >> info : * http://www.threet.co.jp
2024/12/27 20:47:50 >> info : * ------------------------------------------------------------ *
2024/12/27 20:47:50 >> debug : HTTP_REFERER > https://localhost/simplan/public_html/admin/index.php?cmd=logout
2024/12/27 20:47:50 >> debug : SCRIPT_URI > 
2024/12/27 20:47:50 >> debug : REQUEST_URI > /simplan/public_html/admin/index.php
2024/12/27 20:47:50 >> debug : HTTPS > on
2024/12/27 20:47:50 >> debug : HTTPS MODE > on
2024/12/27 20:47:50 >> debug : DEF_COMMAND > cmd
2024/12/27 20:47:50 >> debug : DEF_PROCESS > prc
2024/12/27 20:47:50 >> debug : POST DATA > [prc] : <index>
2024/12/27 20:47:50 >> debug : POST DATA > [cmd] : <login>
2024/12/27 20:47:50 >> debug : POST DATA > [f_id] : <aaaa>
2024/12/27 20:47:50 >> debug : POST DATA > [f_password] : <aaaa>
2024/12/27 20:47:50 >> debug : SESSION start ... OK
2024/12/27 20:47:50 >> info : Process set [index] ... OK
2024/12/27 20:47:50 >> info : Process Name [indexProcess] ... OK
2024/12/27 20:47:50 >> info : Include File [C:\xampp\htdocs\simplan\public_app\mod\admin/index/process/indexProcess.php]... OK
2024/12/27 20:47:50 >> info : Class Exists [indexProcess] ... OK
2024/12/27 20:47:50 >> debug : DB Connect ... OK
2024/12/27 20:47:50 >> debug : Entering precute ...
2024/12/27 20:47:50 >> debug : Entering execute ...
2024/12/27 20:47:50 >> debug : indexProcess Entering executeLogin ...
2024/12/27 20:47:50 >> debug : Entering executeLogin ...
2024/12/27 20:47:50 >> info : SimplanAbstractProcess::execCommand -> AbstractCommand::executeProcess > [ m_admin/login.sql ]
2024/12/27 20:47:50 >> debug : WideDB_SimplanInterface::QueryExecute >>SELECT ma.f_admin_id ,ma.f_name ,ma.f_mailaddress ,ma.f_id ,ma.f_password ,ma.f_admin_kbn ,ma.f_auth ,ma.f_auth_value ,ma.f_del_flg ,ma.f_reg_account ,ma.f_reg_time ,ma.f_upd_account ,ma.f_upd_time FROM m_admin ma WHERE ma.f_id = 'aaaa' AND ma.f_password = '11c6b15d8a138ea462dfeb23f6b7a39b1ceb5b0069a117c67c362b1b04548153' AND ma.f_del_flg = '0'
2024/12/27 20:47:50 >> info : execQuery TIME : 0.00103 second
2024/12/27 20:47:50 >> debug : Entering postcute ...
2024/12/27 20:47:50 >> debug : DB Connect Close ... OK
2024/12/27 20:47:54 >> info : * ------------------------------------------------------------ *
2024/12/27 20:47:54 >> info : * Simplan Framework - PHP Web Application Framework
2024/12/27 20:47:54 >> info : * 
2024/12/27 20:47:54 >> info : * Version : 1.1.0
2024/12/27 20:47:54 >> info : * Copyright(c) 2003-2024 THREET CO.,LTD. All Rights Reserved.
2024/12/27 20:47:54 >> info : * http://www.threet.co.jp
2024/12/27 20:47:54 >> info : * ------------------------------------------------------------ *
2024/12/27 20:47:54 >> debug : HTTP_REFERER > https://localhost/simplan/public_html/admin/index.php
2024/12/27 20:47:54 >> debug : SCRIPT_URI > 
2024/12/27 20:47:54 >> debug : REQUEST_URI > /simplan/public_html/admin/addemployee.php
2024/12/27 20:47:54 >> debug : HTTPS > on
2024/12/27 20:47:54 >> debug : HTTPS MODE > on
2024/12/27 20:47:54 >> debug : DEF_COMMAND > cmd
2024/12/27 20:47:54 >> debug : DEF_PROCESS > prc
2024/12/27 20:47:54 >> debug : SESSION start ... OK
2024/12/27 20:47:54 >> info : Process set [index] ... OK
2024/12/27 20:47:54 >> info : Process Name [listProcess] ... OK
2024/12/27 20:47:54 >> info : Include File [C:\xampp\htdocs\simplan\public_app\mod\admin/addemployee/process/listProcess.php]... OK
2024/12/27 20:47:54 >> info : Class Exists [listProcess] ... OK
2024/12/27 20:47:54 >> debug : DB Connect ... OK
2024/12/27 20:47:54 >> debug : Entering precute ...
2024/12/27 20:47:54 >> info : SimplanAbstractProcess::execCommand -> AbstractCommand::executeProcess > [ m_admin/is_login.sql ]
2024/12/27 20:47:54 >> debug : WideDB_SimplanInterface::QueryExecute >>SELECT ma.f_admin_id ,ma.f_name ,ma.f_mailaddress ,ma.f_id ,ma.f_password ,ma.f_admin_kbn ,ma.f_auth ,ma.f_auth_value ,ma.f_del_flg ,ma.f_reg_account ,ma.f_reg_time ,ma.f_upd_account ,ma.f_upd_time FROM m_admin ma WHERE ma.f_admin_id = 34
2024/12/27 20:47:54 >> info : execQuery TIME : 0.00077 second
2024/12/27 20:47:54 >> info : Session connection is OK ...
2024/12/27 20:47:54 >> debug : Entering execute ...
2024/12/27 20:47:54 >> debug : listProcess Entering executeDefault ...
2024/12/27 20:47:54 >> info : SimplanAbstractProcess::execCommand -> AbstractCommand::executeProcess > [ m_addemployee/select_list_count.sql ]
2024/12/27 20:52:18 >> info : * ------------------------------------------------------------ *
2024/12/27 20:52:18 >> info : * Simplan Framework - PHP Web Application Framework
2024/12/27 20:52:18 >> info : * 
2024/12/27 20:52:18 >> info : * Version : 1.1.0
2024/12/27 20:52:18 >> info : * Copyright(c) 2003-2024 THREET CO.,LTD. All Rights Reserved.
2024/12/27 20:52:18 >> info : * http://www.threet.co.jp
2024/12/27 20:52:18 >> info : * ------------------------------------------------------------ *
2024/12/27 20:52:18 >> debug : HTTP_REFERER > https://localhost/simplan/public_html/admin/index.php
2024/12/27 20:52:18 >> debug : SCRIPT_URI > 
2024/12/27 20:52:18 >> debug : REQUEST_URI > /simplan/public_html/admin/addemployee.php
2024/12/27 20:52:18 >> debug : HTTPS > on
2024/12/27 20:52:18 >> debug : HTTPS MODE > on
2024/12/27 20:52:18 >> debug : DEF_COMMAND > cmd
2024/12/27 20:52:18 >> debug : DEF_PROCESS > prc
2024/12/27 20:52:18 >> debug : SESSION start ... OK
2024/12/27 20:52:18 >> info : Process set [index] ... OK
2024/12/27 20:52:18 >> info : Process Name [listProcess] ... OK
2024/12/27 20:52:19 >> info : Include File [C:\xampp\htdocs\simplan\public_app\mod\admin/addemployee/process/listProcess.php]... OK
2024/12/27 20:52:19 >> info : Class Exists [listProcess] ... OK
2024/12/27 20:52:19 >> debug : DB Connect ... OK
2024/12/27 20:52:19 >> debug : Entering precute ...
2024/12/27 20:52:19 >> info : SimplanAbstractProcess::execCommand -> AbstractCommand::executeProcess > [ m_admin/is_login.sql ]
2024/12/27 20:52:19 >> debug : WideDB_SimplanInterface::QueryExecute >>SELECT ma.f_admin_id ,ma.f_name ,ma.f_mailaddress ,ma.f_id ,ma.f_password ,ma.f_admin_kbn ,ma.f_auth ,ma.f_auth_value ,ma.f_del_flg ,ma.f_reg_account ,ma.f_reg_time ,ma.f_upd_account ,ma.f_upd_time FROM m_admin ma WHERE ma.f_admin_id = 34
2024/12/27 20:52:19 >> info : execQuery TIME : 0.00085 second
2024/12/27 20:52:19 >> info : Session connection is OK ...
2024/12/27 20:52:19 >> debug : Entering execute ...
2024/12/27 20:52:19 >> debug : listProcess Entering executeDefault ...
2024/12/27 20:52:19 >> info : SimplanAbstractProcess::execCommand -> AbstractCommand::executeProcess > [ m_addemployee/select_list_count.sql ]
2024/12/27 20:52:19 >> debug : WideDB_SimplanInterface::QueryExecute >>SELECT count(addemployee.f_employee_id) as count FROM m_addemployee addemployee WHERE addemployee.f_del_flg = '0'
2024/12/27 20:52:19 >> info : execQuery TIME : 0.00071 second
2024/12/27 20:52:19 >> info : SimplanAbstractProcess::execCommand -> AbstractCommand::executeProcess > [ m_addemployee/select_list.sql ]
2024/12/27 20:52:19 >> debug : WideDB_SimplanInterface::QueryExecute >>SELECT addemployee.f_employee_id ,addemployee.f_emp_id ,addemployee.f_name ,addemployee.f_aadhar_number ,addemployee.f_pan_number ,addemployee.f_passport ,date_format(addemployee.f_issue_date, '%Y/%m/%d') as f_issue_date ,date_format(addemployee.f_expiry_date, '%Y/%m/%d') as f_expiry_date ,date_format(addemployee.f_date_of_birth, '%Y/%m/%d') as f_date_of_birth ,addemployee.f_mobile_number ,addemployee.f_image ,addemployee.f_emp_status ,addemployee.f_passport_alert FROM m_addemployee addemployee WHERE addemployee.f_del_flg = '0' ORDER BY addemployee.f_emp_status, addemployee.f_emp_id ASC LIMIT 0, 10
2024/12/27 20:52:19 >> info : execQuery TIME : 0.00218 second
2024/12/27 20:52:19 >> debug : Entering postcute ...
2024/12/27 20:52:20 >> debug : DB Connect Close ... OK
2024/12/30 12:46:50 >> info : * ------------------------------------------------------------ *
2024/12/30 12:46:50 >> info : * Simplan Framework - PHP Web Application Framework
2024/12/30 12:46:50 >> info : * 
2024/12/30 12:46:50 >> info : * Version : 1.1.0
2024/12/30 12:46:50 >> info : * Copyright(c) 2003-2024 THREET CO.,LTD. All Rights Reserved.
2024/12/30 12:46:50 >> info : * http://www.threet.co.jp
2024/12/30 12:46:50 >> info : * ------------------------------------------------------------ *
2024/12/30 12:46:50 >> debug : HTTP_REFERER > https://localhost/simplan/public_html/admin/index.php?cmd=logout
2024/12/30 12:46:50 >> debug : SCRIPT_URI > 
2024/12/30 12:46:50 >> debug : REQUEST_URI > /simplan/public_html/admin/index.php
2024/12/30 12:46:50 >> debug : HTTPS > on
2024/12/30 12:46:50 >> debug : HTTPS MODE > on
2024/12/30 12:46:50 >> debug : DEF_COMMAND > cmd
2024/12/30 12:46:50 >> debug : DEF_PROCESS > prc
2024/12/30 12:46:50 >> debug : SESSION start ... OK
2024/12/30 12:46:50 >> info : Process set [index] ... OK
2024/12/30 12:46:50 >> info : Process Name [indexProcess] ... OK
2024/12/30 12:46:51 >> info : Include File [C:\xampp\htdocs\simplan\public_app\mod\admin/index/process/indexProcess.php]... OK
2024/12/30 12:46:51 >> info : Class Exists [indexProcess] ... OK
2024/12/30 12:46:51 >> debug : DB Connect ... OK
2024/12/30 12:46:51 >> debug : Entering precute ...
2024/12/30 12:46:51 >> debug : Entering execute ...
2024/12/30 12:46:51 >> debug : indexProcess Entering executeDefault ...
2024/12/30 12:46:51 >> debug : Entering execDefualt ...
2024/12/30 12:46:51 >> info : Session connection is NG ...
2024/12/30 12:46:51 >> debug : Entering postcute ...
2024/12/30 12:46:51 >> debug : DB Connect Close ... OK
2024/12/30 12:46:58 >> info : * ------------------------------------------------------------ *
2024/12/30 12:46:58 >> info : * Simplan Framework - PHP Web Application Framework
2024/12/30 12:46:58 >> info : * 
2024/12/30 12:46:58 >> info : * Version : 1.1.0
2024/12/30 12:46:58 >> info : * Copyright(c) 2003-2024 THREET CO.,LTD. All Rights Reserved.
2024/12/30 12:46:58 >> info : * http://www.threet.co.jp
2024/12/30 12:46:58 >> info : * ------------------------------------------------------------ *
2024/12/30 12:46:58 >> debug : HTTP_REFERER > https://localhost/simplan/public_html/admin/index.php
2024/12/30 12:46:58 >> debug : SCRIPT_URI > 
2024/12/30 12:46:58 >> debug : REQUEST_URI > /simplan/public_html/admin/index.php
2024/12/30 12:46:58 >> debug : HTTPS > on
2024/12/30 12:46:58 >> debug : HTTPS MODE > on
2024/12/30 12:46:58 >> debug : DEF_COMMAND > cmd
2024/12/30 12:46:58 >> debug : DEF_PROCESS > prc
2024/12/30 12:46:58 >> debug : POST DATA > [prc] : <index>
2024/12/30 12:46:58 >> debug : POST DATA > [cmd] : <login>
2024/12/30 12:46:58 >> debug : POST DATA > [f_id] : <aaaa>
2024/12/30 12:46:58 >> debug : POST DATA > [f_password] : <aaaa>
2024/12/30 12:46:58 >> debug : SESSION start ... OK
2024/12/30 12:46:58 >> info : Process set [index] ... OK
2024/12/30 12:46:58 >> info : Process Name [indexProcess] ... OK
2024/12/30 12:46:58 >> info : Include File [C:\xampp\htdocs\simplan\public_app\mod\admin/index/process/indexProcess.php]... OK
2024/12/30 12:46:58 >> info : Class Exists [indexProcess] ... OK
2024/12/30 12:46:58 >> debug : DB Connect ... OK
2024/12/30 12:46:58 >> debug : Entering precute ...
2024/12/30 12:46:58 >> debug : Entering execute ...
2024/12/30 12:46:58 >> debug : indexProcess Entering executeLogin ...
2024/12/30 12:46:58 >> debug : Entering executeLogin ...
2024/12/30 12:46:58 >> info : SimplanAbstractProcess::execCommand -> AbstractCommand::executeProcess > [ m_admin/login.sql ]
2024/12/30 12:46:59 >> debug : WideDB_SimplanInterface::QueryExecute >>SELECT ma.f_admin_id ,ma.f_name ,ma.f_mailaddress ,ma.f_id ,ma.f_password ,ma.f_admin_kbn ,ma.f_auth ,ma.f_auth_value ,ma.f_del_flg ,ma.f_reg_account ,ma.f_reg_time ,ma.f_upd_account ,ma.f_upd_time FROM m_admin ma WHERE ma.f_id = 'aaaa' AND ma.f_password = '11c6b15d8a138ea462dfeb23f6b7a39b1ceb5b0069a117c67c362b1b04548153' AND ma.f_del_flg = '0'
2024/12/30 12:46:59 >> info : execQuery TIME : 0.06888 second
2024/12/30 12:46:59 >> debug : Entering postcute ...
2024/12/30 12:46:59 >> debug : DB Connect Close ... OK
2024/12/30 12:47:39 >> info : * ------------------------------------------------------------ *
2024/12/30 12:47:39 >> info : * Simplan Framework - PHP Web Application Framework
2024/12/30 12:47:39 >> info : * 
2024/12/30 12:47:39 >> info : * Version : 1.1.0
2024/12/30 12:47:39 >> info : * Copyright(c) 2003-2024 THREET CO.,LTD. All Rights Reserved.
2024/12/30 12:47:39 >> info : * http://www.threet.co.jp
2024/12/30 12:47:39 >> info : * ------------------------------------------------------------ *
2024/12/30 12:47:39 >> debug : HTTP_REFERER > https://localhost/simplan/public_html/admin/index.php
2024/12/30 12:47:39 >> debug : SCRIPT_URI > 
2024/12/30 12:47:39 >> debug : REQUEST_URI > /simplan/public_html/admin/addemployee.php
2024/12/30 12:47:39 >> debug : HTTPS > on
2024/12/30 12:47:39 >> debug : HTTPS MODE > on
2024/12/30 12:47:39 >> debug : DEF_COMMAND > cmd
2024/12/30 12:47:39 >> debug : DEF_PROCESS > prc
2024/12/30 12:47:39 >> debug : SESSION start ... OK
2024/12/30 12:47:39 >> info : Process set [index] ... OK
2024/12/30 12:47:39 >> info : Process Name [listProcess] ... OK
2024/12/30 12:47:39 >> info : Include File [C:\xampp\htdocs\simplan\public_app\mod\admin/addemployee/process/listProcess.php]... OK
2024/12/30 12:47:39 >> info : Class Exists [listProcess] ... OK
2024/12/30 12:47:39 >> debug : DB Connect ... OK
2024/12/30 12:47:39 >> debug : Entering precute ...
2024/12/30 12:47:39 >> info : SimplanAbstractProcess::execCommand -> AbstractCommand::executeProcess > [ m_admin/is_login.sql ]
2024/12/30 12:47:39 >> debug : WideDB_SimplanInterface::QueryExecute >>SELECT ma.f_admin_id ,ma.f_name ,ma.f_mailaddress ,ma.f_id ,ma.f_password ,ma.f_admin_kbn ,ma.f_auth ,ma.f_auth_value ,ma.f_del_flg ,ma.f_reg_account ,ma.f_reg_time ,ma.f_upd_account ,ma.f_upd_time FROM m_admin ma WHERE ma.f_admin_id = 34
2024/12/30 12:47:39 >> info : execQuery TIME : 0.00079 second
2024/12/30 12:47:39 >> info : Session connection is OK ...
2024/12/30 12:47:39 >> debug : Entering execute ...
2024/12/30 12:47:39 >> debug : listProcess Entering executeDefault ...
2024/12/30 12:47:39 >> info : SimplanAbstractProcess::execCommand -> AbstractCommand::executeProcess > [ m_addemployee/select_list_count.sql ]
2024/12/30 12:47:39 >> debug : WideDB_SimplanInterface::QueryExecute >>SELECT count(addemployee.f_employee_id) as count FROM m_addemployee addemployee WHERE addemployee.f_del_flg = '0'
2024/12/30 12:47:39 >> info : execQuery TIME : 0.00617 second
2024/12/30 12:47:39 >> info : SimplanAbstractProcess::execCommand -> AbstractCommand::executeProcess > [ m_addemployee/select_list.sql ]
2024/12/30 12:47:39 >> debug : WideDB_SimplanInterface::QueryExecute >>SELECT addemployee.f_employee_id ,addemployee.f_emp_id ,addemployee.f_name ,addemployee.f_aadhar_number ,addemployee.f_pan_number ,addemployee.f_passport ,date_format(addemployee.f_issue_date, '%Y/%m/%d') as f_issue_date ,date_format(addemployee.f_expiry_date, '%Y/%m/%d') as f_expiry_date ,date_format(addemployee.f_date_of_birth, '%Y/%m/%d') as f_date_of_birth ,addemployee.f_mobile_number ,addemployee.f_image ,addemployee.f_emp_status ,addemployee.f_passport_alert FROM m_addemployee addemployee WHERE addemployee.f_del_flg = '0' ORDER BY addemployee.f_emp_status, addemployee.f_emp_id ASC LIMIT 0, 10
2024/12/30 12:47:39 >> info : execQuery TIME : 0.00140 second
2024/12/30 12:47:39 >> debug : Entering postcute ...
2024/12/30 12:47:40 >> debug : DB Connect Close ... OK
2024/12/30 12:47:43 >> info : * ------------------------------------------------------------ *
2024/12/30 12:47:43 >> info : * Simplan Framework - PHP Web Application Framework
2024/12/30 12:47:43 >> info : * 
2024/12/30 12:47:43 >> info : * Version : 1.1.0
2024/12/30 12:47:43 >> info : * Copyright(c) 2003-2024 THREET CO.,LTD. All Rights Reserved.
2024/12/30 12:47:43 >> info : * http://www.threet.co.jp
2024/12/30 12:47:43 >> info : * ------------------------------------------------------------ *
2024/12/30 12:47:43 >> debug : HTTP_REFERER > https://localhost/simplan/public_html/admin/addemployee.php
2024/12/30 12:47:43 >> debug : SCRIPT_URI > 
2024/12/30 12:47:43 >> debug : REQUEST_URI > /simplan/public_html/admin/addemployee.php
2024/12/30 12:47:43 >> debug : HTTPS > on
2024/12/30 12:47:43 >> debug : HTTPS MODE > on
2024/12/30 12:47:43 >> debug : DEF_COMMAND > cmd
2024/12/30 12:47:43 >> debug : DEF_PROCESS > prc
2024/12/30 12:47:43 >> debug : POST DATA > [prc] : <list>
2024/12/30 12:47:43 >> debug : POST DATA > [cmd] : <change_page>
2024/12/30 12:47:43 >> debug : POST DATA > [sid] : <>
2024/12/30 12:47:43 >> debug : POST DATA > [pno] : <2>
2024/12/30 12:47:43 >> debug : POST DATA > [f_emp_id] : <>
2024/12/30 12:47:43 >> debug : POST DATA > [f_name] : <>
2024/12/30 12:47:43 >> debug : POST DATA > [f_emp_status] : <>
2024/12/30 12:47:43 >> debug : POST DATA > [onetime_ticket] : <>
2024/12/30 12:47:43 >> debug : SESSION start ... OK
2024/12/30 12:47:43 >> info : Process set [list] ... OK
2024/12/30 12:47:43 >> info : Process Name [listProcess] ... OK
2024/12/30 12:47:43 >> info : Include File [C:\xampp\htdocs\simplan\public_app\mod\admin/addemployee/process/listProcess.php]... OK
2024/12/30 12:47:43 >> info : Class Exists [listProcess] ... OK
2024/12/30 12:47:43 >> debug : DB Connect ... OK
2024/12/30 12:47:43 >> debug : Entering precute ...
2024/12/30 12:47:43 >> info : SimplanAbstractProcess::execCommand -> AbstractCommand::executeProcess > [ m_admin/is_login.sql ]
2024/12/30 12:47:43 >> debug : WideDB_SimplanInterface::QueryExecute >>SELECT ma.f_admin_id ,ma.f_name ,ma.f_mailaddress ,ma.f_id ,ma.f_password ,ma.f_admin_kbn ,ma.f_auth ,ma.f_auth_value ,ma.f_del_flg ,ma.f_reg_account ,ma.f_reg_time ,ma.f_upd_account ,ma.f_upd_time FROM m_admin ma WHERE ma.f_admin_id = 34
2024/12/30 12:47:43 >> info : execQuery TIME : 0.00072 second
2024/12/30 12:47:43 >> info : Session connection is OK ...
2024/12/30 12:47:43 >> debug : Entering execute ...
2024/12/30 12:47:43 >> debug : listProcess Entering executeChangePage ...
2024/12/30 12:47:43 >> info : SimplanAbstractProcess::execCommand -> AbstractCommand::executeProcess > [ m_addemployee/select_list_count.sql ]
2024/12/30 12:47:43 >> debug : WideDB_SimplanInterface::QueryExecute >>SELECT count(addemployee.f_employee_id) as count FROM m_addemployee addemployee WHERE addemployee.f_del_flg = '0'
2024/12/30 12:47:43 >> info : execQuery TIME : 0.00066 second
2024/12/30 12:47:43 >> info : SimplanAbstractProcess::execCommand -> AbstractCommand::executeProcess > [ m_addemployee/select_list.sql ]
2024/12/30 12:47:43 >> debug : WideDB_SimplanInterface::QueryExecute >>SELECT addemployee.f_employee_id ,addemployee.f_emp_id ,addemployee.f_name ,addemployee.f_aadhar_number ,addemployee.f_pan_number ,addemployee.f_passport ,date_format(addemployee.f_issue_date, '%Y/%m/%d') as f_issue_date ,date_format(addemployee.f_expiry_date, '%Y/%m/%d') as f_expiry_date ,date_format(addemployee.f_date_of_birth, '%Y/%m/%d') as f_date_of_birth ,addemployee.f_mobile_number ,addemployee.f_image ,addemployee.f_emp_status ,addemployee.f_passport_alert FROM m_addemployee addemployee WHERE addemployee.f_del_flg = '0' ORDER BY addemployee.f_emp_status, addemployee.f_emp_id ASC LIMIT 10, 10
2024/12/30 12:47:43 >> info : execQuery TIME : 0.00110 second
2024/12/30 12:47:43 >> debug : Entering postcute ...
2024/12/30 12:47:43 >> debug : DB Connect Close ... OK
2024/12/30 12:47:54 >> info : * ------------------------------------------------------------ *
2024/12/30 12:47:54 >> info : * Simplan Framework - PHP Web Application Framework
2024/12/30 12:47:54 >> info : * 
2024/12/30 12:47:54 >> info : * Version : 1.1.0
2024/12/30 12:47:54 >> info : * Copyright(c) 2003-2024 THREET CO.,LTD. All Rights Reserved.
2024/12/30 12:47:54 >> info : * http://www.threet.co.jp
2024/12/30 12:47:54 >> info : * ------------------------------------------------------------ *
2024/12/30 12:47:54 >> debug : HTTP_REFERER > https://localhost/simplan/public_html/admin/addemployee.php
2024/12/30 12:47:54 >> debug : SCRIPT_URI > 
2024/12/30 12:47:54 >> debug : REQUEST_URI > /simplan/public_html/admin/addemployee.php
2024/12/30 12:47:54 >> debug : HTTPS > on
2024/12/30 12:47:54 >> debug : HTTPS MODE > on
2024/12/30 12:47:54 >> debug : DEF_COMMAND > cmd
2024/12/30 12:47:54 >> debug : DEF_PROCESS > prc
2024/12/30 12:47:54 >> debug : POST DATA > [prc] : <list>
2024/12/30 12:47:54 >> debug : POST DATA > [cmd] : <search>
2024/12/30 12:47:54 >> debug : POST DATA > [sid] : <>
2024/12/30 12:47:54 >> debug : POST DATA > [pno] : <>
2024/12/30 12:47:54 >> debug : POST DATA > [f_emp_id] : <>
2024/12/30 12:47:54 >> debug : POST DATA > [f_name] : <prathap>
2024/12/30 12:47:54 >> debug : POST DATA > [f_emp_status] : <>
2024/12/30 12:47:54 >> debug : POST DATA > [onetime_ticket] : <>
2024/12/30 12:47:54 >> debug : SESSION start ... OK
2024/12/30 12:47:54 >> info : Process set [list] ... OK
2024/12/30 12:47:54 >> info : Process Name [listProcess] ... OK
2024/12/30 12:47:54 >> info : Include File [C:\xampp\htdocs\simplan\public_app\mod\admin/addemployee/process/listProcess.php]... OK
2024/12/30 12:47:54 >> info : Class Exists [listProcess] ... OK
2024/12/30 12:47:54 >> debug : DB Connect ... OK
2024/12/30 12:47:54 >> debug : Entering precute ...
2024/12/30 12:47:54 >> info : SimplanAbstractProcess::execCommand -> AbstractCommand::executeProcess > [ m_admin/is_login.sql ]
2024/12/30 12:47:54 >> debug : WideDB_SimplanInterface::QueryExecute >>SELECT ma.f_admin_id ,ma.f_name ,ma.f_mailaddress ,ma.f_id ,ma.f_password ,ma.f_admin_kbn ,ma.f_auth ,ma.f_auth_value ,ma.f_del_flg ,ma.f_reg_account ,ma.f_reg_time ,ma.f_upd_account ,ma.f_upd_time FROM m_admin ma WHERE ma.f_admin_id = 34
2024/12/30 12:47:54 >> info : execQuery TIME : 0.00074 second
2024/12/30 12:47:54 >> info : Session connection is OK ...
2024/12/30 12:47:54 >> debug : Entering execute ...
2024/12/30 12:47:54 >> debug : listProcess Entering executeSearch ...
2024/12/30 12:47:54 >> info : SimplanAbstractProcess::execCommand -> AbstractCommand::executeProcess > [ m_addemployee/select_list_count.sql ]
2024/12/30 12:47:54 >> debug : WideDB_SimplanInterface::QueryExecute >>SELECT count(addemployee.f_employee_id) as count FROM m_addemployee addemployee WHERE addemployee.f_del_flg = '0' AND addemployee.f_name collate utf8_unicode_ci LIKE '%prathap%'
2024/12/30 12:47:54 >> info : execQuery TIME : 0.00100 second
2024/12/30 12:47:54 >> info : SimplanAbstractProcess::execCommand -> AbstractCommand::executeProcess > [ m_addemployee/select_list.sql ]
2024/12/30 12:47:54 >> debug : WideDB_SimplanInterface::QueryExecute >>SELECT addemployee.f_employee_id ,addemployee.f_emp_id ,addemployee.f_name ,addemployee.f_aadhar_number ,addemployee.f_pan_number ,addemployee.f_passport ,date_format(addemployee.f_issue_date, '%Y/%m/%d') as f_issue_date ,date_format(addemployee.f_expiry_date, '%Y/%m/%d') as f_expiry_date ,date_format(addemployee.f_date_of_birth, '%Y/%m/%d') as f_date_of_birth ,addemployee.f_mobile_number ,addemployee.f_image ,addemployee.f_emp_status ,addemployee.f_passport_alert FROM m_addemployee addemployee WHERE addemployee.f_del_flg = '0' AND addemployee.f_name collate utf8_unicode_ci LIKE '%prathap%' ORDER BY addemployee.f_emp_status, addemployee.f_emp_id ASC LIMIT 0, 10
2024/12/30 12:47:54 >> info : execQuery TIME : 0.00097 second
2024/12/30 12:47:54 >> debug : Entering postcute ...
2024/12/30 12:47:54 >> debug : DB Connect Close ... OK
2024/12/30 12:47:57 >> info : * ------------------------------------------------------------ *
2024/12/30 12:47:57 >> info : * Simplan Framework - PHP Web Application Framework
2024/12/30 12:47:57 >> info : * 
2024/12/30 12:47:57 >> info : * Version : 1.1.0
2024/12/30 12:47:57 >> info : * Copyright(c) 2003-2024 THREET CO.,LTD. All Rights Reserved.
2024/12/30 12:47:57 >> info : * http://www.threet.co.jp
2024/12/30 12:47:57 >> info : * ------------------------------------------------------------ *
2024/12/30 12:47:57 >> debug : HTTP_REFERER > https://localhost/simplan/public_html/admin/addemployee.php
2024/12/30 12:47:57 >> debug : SCRIPT_URI > 
2024/12/30 12:47:57 >> debug : REQUEST_URI > /simplan/public_html/admin/addemployee.php
2024/12/30 12:47:57 >> debug : HTTPS > on
2024/12/30 12:47:57 >> debug : HTTPS MODE > on
2024/12/30 12:47:57 >> debug : DEF_COMMAND > cmd
2024/12/30 12:47:57 >> debug : DEF_PROCESS > prc
2024/12/30 12:47:57 >> debug : POST DATA > [prc] : <edit>
2024/12/30 12:47:57 >> debug : POST DATA > [cmd] : <>
2024/12/30 12:47:57 >> debug : POST DATA > [sid] : <34>
2024/12/30 12:47:57 >> debug : POST DATA > [pno] : <>
2024/12/30 12:47:57 >> debug : POST DATA > [f_emp_id] : <>
2024/12/30 12:47:57 >> debug : POST DATA > [f_name] : <prathap>
2024/12/30 12:47:57 >> debug : POST DATA > [f_emp_status] : <>
2024/12/30 12:47:57 >> debug : POST DATA > [onetime_ticket] : <>
2024/12/30 12:47:57 >> debug : SESSION start ... OK
2024/12/30 12:47:57 >> info : Process set [edit] ... OK
2024/12/30 12:47:57 >> info : Process Name [editProcess] ... OK
2024/12/30 12:47:57 >> info : Include File [C:\xampp\htdocs\simplan\public_app\mod\admin/addemployee/process/editProcess.php]... OK
2024/12/30 12:47:57 >> info : Class Exists [editProcess] ... OK
2024/12/30 12:47:57 >> debug : DB Connect ... OK
2024/12/30 12:47:57 >> debug : Entering precute ...
2024/12/30 12:47:57 >> info : SimplanAbstractProcess::execCommand -> AbstractCommand::executeProcess > [ m_admin/is_login.sql ]
2024/12/30 12:47:57 >> debug : WideDB_SimplanInterface::QueryExecute >>SELECT ma.f_admin_id ,ma.f_name ,ma.f_mailaddress ,ma.f_id ,ma.f_password ,ma.f_admin_kbn ,ma.f_auth ,ma.f_auth_value ,ma.f_del_flg ,ma.f_reg_account ,ma.f_reg_time ,ma.f_upd_account ,ma.f_upd_time FROM m_admin ma WHERE ma.f_admin_id = 34
2024/12/30 12:47:57 >> info : execQuery TIME : 0.00075 second
2024/12/30 12:47:57 >> info : Session connection is OK ...
2024/12/30 12:47:57 >> debug : Temp dir is [C:\xampp\htdocs\simplan\public_html\admin/img/img_temp/]
2024/12/30 12:47:57 >> debug : File dir is [C:\xampp\htdocs\simplan\public_html\admin/img/profile_photo/]
2024/12/30 12:47:57 >> debug : Entering execute ...
2024/12/30 12:47:57 >> debug : editProcess Entering executeDefault ...
2024/12/30 12:47:57 >> info : SimplanAbstractProcess::execCommand -> AbstractCommand::executeProcess > [ m_addemployee/select_one.sql ]
2024/12/30 12:47:58 >> debug : WideDB_SimplanInterface::QueryExecute >>SELECT addemployee.f_employee_id ,addemployee.f_emp_id ,addemployee.f_name ,addemployee.f_aadhar_number ,addemployee.f_pan_number ,addemployee.f_passport ,date_format(addemployee.f_issue_date, '%Y/%m/%d') as f_issue_date ,date_format(addemployee.f_expiry_date, '%Y/%m/%d') as f_expiry_date ,addemployee.f_gender ,date_format(addemployee.f_date_of_birth, '%Y/%m/%d') as f_date_of_birth ,addemployee.f_age ,addemployee.f_blood_group ,addemployee.f_status ,addemployee.f_address1 ,addemployee.f_address2 ,addemployee.f_city ,addemployee.f_state ,addemployee.f_pincode ,addemployee.f_country ,addemployee.f_mobile_number ,addemployee.f_office_telephone_number ,addemployee.f_office_email ,addemployee.f_personal_mail ,addemployee.f_relation_name ,addemployee.f_relationship ,addemployee.f_occupation ,addemployee.f_address ,addemployee.f_phone_number ,addemployee.f_emp_status ,addemployee.f_category ,addemployee.f_job_title ,addemployee.f_join_date ,addemployee.f_relive_date ,addemployee.f_location ,addemployee.f_experience ,addemployee.f_education_ug ,addemployee.f_degree_ug ,addemployee.f_university_ug ,addemployee.f_education_pg ,addemployee.f_degree_pg ,addemployee.f_university_pg ,addemployee.f_additional_skill ,addemployee.f_language ,addemployee.f_others ,addemployee.f_jlpt ,addemployee.f_bank_name ,addemployee.f_bank_branch ,addemployee.f_acc_no ,addemployee.f_ifsc_code ,addemployee.f_description ,addemployee.f_image ,addemployee.f_del_flg ,addemployee.f_reg_account ,addemployee.f_reg_time ,addemployee.f_upd_account ,addemployee.f_upd_time FROM m_addemployee addemployee WHERE addemployee.f_del_flg = '0' AND addemployee.f_employee_id = '34'
2024/12/30 12:47:58 >> info : execQuery TIME : 0.00139 second
2024/12/30 12:47:58 >> debug : File dir is [C:\xampp\htdocs\simplan\public_html\admin/img/profile_photo/]
2024/12/30 12:47:58 >> debug : Temp dir is [C:\xampp\htdocs\simplan\public_html\admin/img/img_temp/]
2024/12/30 12:47:58 >> debug : Copy from: C:\xampp\htdocs\simplan\public_html\admin/img/profile_photo/profile_photo_202312052134332097787077.jpg to C:\xampp\htdocs\simplan\public_html\admin/img/img_temp/profile_photo_v6jve8bbl5cue58mgs5e8tscqv2113176746.jpg
2024/12/30 12:47:58 >> debug : COPY OK
2024/12/30 12:47:58 >> debug : Entering postcute ...
2024/12/30 12:48:02 >> info : * ------------------------------------------------------------ *
2024/12/30 12:48:02 >> info : * Simplan Framework - PHP Web Application Framework
2024/12/30 12:48:02 >> info : * 
2024/12/30 12:48:02 >> info : * Version : 1.1.0
2024/12/30 12:48:02 >> info : * Copyright(c) 2003-2024 THREET CO.,LTD. All Rights Reserved.
2024/12/30 12:48:02 >> info : * http://www.threet.co.jp
2024/12/30 12:48:02 >> info : * ------------------------------------------------------------ *
2024/12/30 12:48:02 >> debug : HTTP_REFERER > https://localhost/simplan/public_html/admin/index.php
2024/12/30 12:48:02 >> debug : SCRIPT_URI > 
2024/12/30 12:48:02 >> debug : REQUEST_URI > /simplan/public_html/admin/addemployee.php
2024/12/30 12:48:02 >> debug : HTTPS > on
2024/12/30 12:48:02 >> debug : HTTPS MODE > on
2024/12/30 12:48:02 >> debug : DEF_COMMAND > cmd
2024/12/30 12:48:02 >> debug : DEF_PROCESS > prc
2024/12/30 12:48:02 >> debug : SESSION start ... OK
2024/12/30 12:48:02 >> info : Process set [index] ... OK
2024/12/30 12:48:02 >> info : Process Name [listProcess] ... OK
2024/12/30 12:48:02 >> info : Include File [C:\xampp\htdocs\simplan\public_app\mod\admin/addemployee/process/listProcess.php]... OK
2024/12/30 12:48:02 >> info : Class Exists [listProcess] ... OK
2024/12/30 12:48:02 >> debug : DB Connect ... OK
2024/12/30 12:48:02 >> debug : Entering precute ...
2024/12/30 12:48:02 >> info : SimplanAbstractProcess::execCommand -> AbstractCommand::executeProcess > [ m_admin/is_login.sql ]
2024/12/30 12:48:02 >> debug : WideDB_SimplanInterface::QueryExecute >>SELECT ma.f_admin_id ,ma.f_name ,ma.f_mailaddress ,ma.f_id ,ma.f_password ,ma.f_admin_kbn ,ma.f_auth ,ma.f_auth_value ,ma.f_del_flg ,ma.f_reg_account ,ma.f_reg_time ,ma.f_upd_account ,ma.f_upd_time FROM m_admin ma WHERE ma.f_admin_id = 34
2024/12/30 12:48:02 >> info : execQuery TIME : 0.00075 second
2024/12/30 12:48:02 >> info : Session connection is OK ...
2024/12/30 12:48:02 >> debug : Entering execute ...
2024/12/30 12:48:02 >> debug : listProcess Entering executeDefault ...
2024/12/30 12:48:02 >> info : SimplanAbstractProcess::execCommand -> AbstractCommand::executeProcess > [ m_addemployee/select_list_count.sql ]
2024/12/30 12:48:02 >> debug : WideDB_SimplanInterface::QueryExecute >>SELECT count(addemployee.f_employee_id) as count FROM m_addemployee addemployee WHERE addemployee.f_del_flg = '0'
2024/12/30 12:48:02 >> info : execQuery TIME : 0.00088 second
2024/12/30 12:48:02 >> info : SimplanAbstractProcess::execCommand -> AbstractCommand::executeProcess > [ m_addemployee/select_list.sql ]
2024/12/30 12:48:02 >> debug : WideDB_SimplanInterface::QueryExecute >>SELECT addemployee.f_employee_id ,addemployee.f_emp_id ,addemployee.f_name ,addemployee.f_aadhar_number ,addemployee.f_pan_number ,addemployee.f_passport ,date_format(addemployee.f_issue_date, '%Y/%m/%d') as f_issue_date ,date_format(addemployee.f_expiry_date, '%Y/%m/%d') as f_expiry_date ,date_format(addemployee.f_date_of_birth, '%Y/%m/%d') as f_date_of_birth ,addemployee.f_mobile_number ,addemployee.f_image ,addemployee.f_emp_status ,addemployee.f_passport_alert FROM m_addemployee addemployee WHERE addemployee.f_del_flg = '0' ORDER BY addemployee.f_emp_status, addemployee.f_emp_id ASC LIMIT 0, 10
2024/12/30 12:48:02 >> info : execQuery TIME : 0.00093 second
2024/12/30 12:48:02 >> debug : Entering postcute ...
2024/12/30 12:48:02 >> debug : DB Connect Close ... OK
2025/02/06 13:39:13 >> info : * ------------------------------------------------------------ *
2025/02/06 13:39:13 >> info : * Simplan Framework - PHP Web Application Framework
2025/02/06 13:39:13 >> info : * 
2025/02/06 13:39:13 >> info : * Version : 1.1.0
2025/02/06 13:39:13 >> info : * Copyright(c) 2003-2025 THREET CO.,LTD. All Rights Reserved.
2025/02/06 13:39:13 >> info : * http://www.threet.co.jp
2025/02/06 13:39:13 >> info : * ------------------------------------------------------------ *
2025/02/06 13:39:13 >> debug : HTTP_REFERER > https://localhost/simplan/public_html/admin/index.php
2025/02/06 13:39:13 >> debug : SCRIPT_URI > 
2025/02/06 13:39:13 >> debug : REQUEST_URI > /simplan/public_html/admin/addemployee.php
2025/02/06 13:39:13 >> debug : HTTPS > on
2025/02/06 13:39:13 >> debug : HTTPS MODE > on
2025/02/06 13:39:13 >> debug : DEF_COMMAND > cmd
2025/02/06 13:39:13 >> debug : DEF_PROCESS > prc
2025/02/06 13:39:13 >> debug : SESSION start ... OK
2025/02/06 13:39:13 >> info : Process set [index] ... OK
2025/02/06 13:39:13 >> info : Process Name [listProcess] ... OK
2025/02/06 13:39:14 >> info : Include File [C:\xampp\htdocs\simplan\public_app\mod\admin/addemployee/process/listProcess.php]... OK
2025/02/06 13:39:14 >> info : Class Exists [listProcess] ... OK
2025/02/06 13:39:14 >> debug : DB Connect ... OK
2025/02/06 13:39:14 >> debug : Entering precute ...
2025/02/06 13:39:14 >> info : Session connection is NG ...
2025/02/06 13:39:14 >> info : * ------------------------------------------------------------ *
2025/02/06 13:39:14 >> info : * Simplan Framework - PHP Web Application Framework
2025/02/06 13:39:14 >> info : * 
2025/02/06 13:39:14 >> info : * Version : 1.1.0
2025/02/06 13:39:14 >> info : * Copyright(c) 2003-2025 THREET CO.,LTD. All Rights Reserved.
2025/02/06 13:39:14 >> info : * http://www.threet.co.jp
2025/02/06 13:39:14 >> info : * ------------------------------------------------------------ *
2025/02/06 13:39:14 >> debug : HTTP_REFERER > https://localhost/simplan/public_html/admin/index.php
2025/02/06 13:39:14 >> debug : SCRIPT_URI > 
2025/02/06 13:39:14 >> debug : REQUEST_URI > /simplan/public_html/admin/index.php?cmd=timeout
2025/02/06 13:39:14 >> debug : HTTPS > on
2025/02/06 13:39:14 >> debug : HTTPS MODE > on
2025/02/06 13:39:14 >> debug : DEF_COMMAND > cmd
2025/02/06 13:39:14 >> debug : DEF_PROCESS > prc
2025/02/06 13:39:14 >> debug : GET DATA > [cmd] : <timeout>
2025/02/06 13:39:14 >> debug : SESSION start ... OK
2025/02/06 13:39:14 >> info : Process set [index] ... OK
2025/02/06 13:39:14 >> info : Process Name [indexProcess] ... OK
2025/02/06 13:39:14 >> info : Include File [C:\xampp\htdocs\simplan\public_app\mod\admin/index/process/indexProcess.php]... OK
2025/02/06 13:39:14 >> info : Class Exists [indexProcess] ... OK
2025/02/06 13:39:14 >> debug : DB Connect ... OK
2025/02/06 13:39:14 >> debug : Entering precute ...
2025/02/06 13:39:14 >> debug : Entering execute ...
2025/02/06 13:39:14 >> debug : indexProcess Entering executeTimeout ...
2025/02/06 13:39:14 >> debug : Entering executeTimeout ...
2025/02/06 13:39:14 >> debug : Entering postcute ...
2025/02/06 13:39:15 >> debug : DB Connect Close ... OK
2025/02/06 13:39:33 >> info : * ------------------------------------------------------------ *
2025/02/06 13:39:33 >> info : * Simplan Framework - PHP Web Application Framework
2025/02/06 13:39:33 >> info : * 
2025/02/06 13:39:33 >> info : * Version : 1.1.0
2025/02/06 13:39:33 >> info : * Copyright(c) 2003-2025 THREET CO.,LTD. All Rights Reserved.
2025/02/06 13:39:33 >> info : * http://www.threet.co.jp
2025/02/06 13:39:33 >> info : * ------------------------------------------------------------ *
2025/02/06 13:39:33 >> debug : HTTP_REFERER > https://localhost/simplan/public_html/admin/index.php?cmd=timeout
2025/02/06 13:39:33 >> debug : SCRIPT_URI > 
2025/02/06 13:39:33 >> debug : REQUEST_URI > /simplan/public_html/admin/index.php
2025/02/06 13:39:33 >> debug : HTTPS > on
2025/02/06 13:39:33 >> debug : HTTPS MODE > on
2025/02/06 13:39:33 >> debug : DEF_COMMAND > cmd
2025/02/06 13:39:33 >> debug : DEF_PROCESS > prc
2025/02/06 13:39:33 >> debug : POST DATA > [prc] : <index>
2025/02/06 13:39:33 >> debug : POST DATA > [cmd] : <login>
2025/02/06 13:39:33 >> debug : POST DATA > [f_id] : <adminadmin>
2025/02/06 13:39:33 >> debug : POST DATA > [f_password] : <adminadmin>
2025/02/06 13:39:33 >> debug : SESSION start ... OK
2025/02/06 13:39:33 >> info : Process set [index] ... OK
2025/02/06 13:39:33 >> info : Process Name [indexProcess] ... OK
2025/02/06 13:39:33 >> info : Include File [C:\xampp\htdocs\simplan\public_app\mod\admin/index/process/indexProcess.php]... OK
2025/02/06 13:39:33 >> info : Class Exists [indexProcess] ... OK
2025/02/06 13:39:33 >> debug : DB Connect ... OK
2025/02/06 13:39:33 >> debug : Entering precute ...
2025/02/06 13:39:33 >> debug : Entering execute ...
2025/02/06 13:39:33 >> debug : indexProcess Entering executeLogin ...
2025/02/06 13:39:33 >> debug : Entering executeLogin ...
2025/02/06 13:39:33 >> info : SimplanAbstractProcess::execCommand -> AbstractCommand::executeProcess > [ m_admin/login.sql ]
2025/02/06 13:39:33 >> debug : WideDB_SimplanInterface::QueryExecute >>SELECT ma.f_admin_id ,ma.f_name ,ma.f_mailaddress ,ma.f_id ,ma.f_password ,ma.f_admin_kbn ,ma.f_auth ,ma.f_auth_value ,ma.f_del_flg ,ma.f_reg_account ,ma.f_reg_time ,ma.f_upd_account ,ma.f_upd_time FROM m_admin ma WHERE ma.f_id = 'adminadmin' AND ma.f_password = '1ad8d701c0164b1134ad1e27fda710f189dcae372b4c8d05abacc43074f1eb5a' AND ma.f_del_flg = '0'
2025/02/06 13:39:33 >> info : execQuery TIME : 0.07310 second
2025/02/27 13:41:32 >> info : * ------------------------------------------------------------ *
2025/02/27 13:41:32 >> info : * Simplan Framework - PHP Web Application Framework
2025/02/27 13:41:32 >> info : * 
2025/02/27 13:41:32 >> info : * Version : 1.1.0
2025/02/27 13:41:32 >> info : * Copyright(c) 2003-2025 THREET CO.,LTD. All Rights Reserved.
2025/02/27 13:41:32 >> info : * http://www.threet.co.jp
2025/02/27 13:41:32 >> info : * ------------------------------------------------------------ *
2025/02/27 13:41:32 >> debug : HTTP_REFERER > https://localhost/simplan/public_html/admin/index.php
2025/02/27 13:41:32 >> debug : SCRIPT_URI > 
2025/02/27 13:41:32 >> debug : REQUEST_URI > /simplan/public_html/admin/index.php?cmd=timeout
2025/02/27 13:41:32 >> debug : HTTPS > on
2025/02/27 13:41:32 >> debug : HTTPS MODE > on
2025/02/27 13:41:32 >> debug : DEF_COMMAND > cmd
2025/02/27 13:41:32 >> debug : DEF_PROCESS > prc
2025/02/27 13:41:32 >> debug : GET DATA > [cmd] : <timeout>
2025/02/27 13:41:32 >> debug : SESSION start ... OK
2025/02/27 13:41:32 >> info : Process set [index] ... OK
2025/02/27 13:41:32 >> info : Process Name [indexProcess] ... OK
2025/02/27 13:41:33 >> info : Include File [C:\xampp\htdocs\simplan\public_app\mod\admin/index/process/indexProcess.php]... OK
2025/02/27 13:41:33 >> info : Class Exists [indexProcess] ... OK
2025/02/27 13:41:33 >> debug : DB Connect ... OK
2025/02/27 13:41:33 >> debug : Entering precute ...
2025/02/27 13:41:33 >> debug : Entering execute ...
2025/02/27 13:41:33 >> debug : indexProcess Entering executeTimeout ...
2025/02/27 13:41:33 >> debug : Entering executeTimeout ...
2025/02/27 13:41:33 >> debug : Entering postcute ...
2025/02/27 13:41:33 >> debug : DB Connect Close ... OK
2025/02/27 13:47:02 >> info : * ------------------------------------------------------------ *
2025/02/27 13:47:02 >> info : * Simplan Framework - PHP Web Application Framework
2025/02/27 13:47:02 >> info : * 
2025/02/27 13:47:02 >> info : * Version : 1.1.0
2025/02/27 13:47:02 >> info : * Copyright(c) 2003-2025 THREET CO.,LTD. All Rights Reserved.
2025/02/27 13:47:02 >> info : * http://www.threet.co.jp
2025/02/27 13:47:02 >> info : * ------------------------------------------------------------ *
2025/02/27 13:47:02 >> debug : HTTP_REFERER > https://localhost/simplan/public_html/admin/index.php?cmd=timeout
2025/02/27 13:47:02 >> debug : SCRIPT_URI > 
2025/02/27 13:47:02 >> debug : REQUEST_URI > /simplan/public_html/admin/index.php
2025/02/27 13:47:02 >> debug : HTTPS > on
2025/02/27 13:47:02 >> debug : HTTPS MODE > on
2025/02/27 13:47:02 >> debug : DEF_COMMAND > cmd
2025/02/27 13:47:02 >> debug : DEF_PROCESS > prc
2025/02/27 13:47:02 >> debug : POST DATA > [prc] : <index>
2025/02/27 13:47:02 >> debug : POST DATA > [cmd] : <login>
2025/02/27 13:47:02 >> debug : POST DATA > [f_id] : <adminela>
2025/02/27 13:47:02 >> debug : POST DATA > [f_password] : <12345>
2025/02/27 13:47:02 >> debug : SESSION start ... OK
2025/02/27 13:47:02 >> info : Process set [index] ... OK
2025/02/27 13:47:02 >> info : Process Name [indexProcess] ... OK
2025/02/27 13:47:02 >> info : Include File [C:\xampp\htdocs\simplan\public_app\mod\admin/index/process/indexProcess.php]... OK
2025/02/27 13:47:02 >> info : Class Exists [indexProcess] ... OK
2025/02/27 13:47:02 >> debug : DB Connect ... OK
2025/02/27 13:47:02 >> debug : Entering precute ...
2025/02/27 13:47:02 >> debug : Entering execute ...
2025/02/27 13:47:02 >> debug : indexProcess Entering executeLogin ...
2025/02/27 13:47:02 >> debug : Entering executeLogin ...
2025/02/27 13:47:02 >> info : SimplanAbstractProcess::execCommand -> AbstractCommand::executeProcess > [ m_admin/login.sql ]
2025/02/27 13:47:02 >> debug : WideDB_SimplanInterface::QueryExecute >>SELECT ma.f_admin_id ,ma.f_name ,ma.f_mailaddress ,ma.f_id ,ma.f_password ,ma.f_admin_kbn ,ma.f_auth ,ma.f_auth_value ,ma.f_del_flg ,ma.f_reg_account ,ma.f_reg_time ,ma.f_upd_account ,ma.f_upd_time FROM m_admin ma WHERE ma.f_id = 'adminela' AND ma.f_password = '7871ee3e6863e289fa6aa9e7b4fddfab275c2fbe0a843e8b9211b9c6d4792636' AND ma.f_del_flg = '0'
2025/02/27 13:47:02 >> info : execQuery TIME : 0.00183 second
2025/02/27 23:11:04 >> info : * ------------------------------------------------------------ *
2025/02/27 23:11:04 >> info : * Simplan Framework - PHP Web Application Framework
2025/02/27 23:11:04 >> info : * 
2025/02/27 23:11:04 >> info : * Version : 1.1.0
2025/02/27 23:11:04 >> info : * Copyright(c) 2003-2025 THREET CO.,LTD. All Rights Reserved.
2025/02/27 23:11:04 >> info : * http://www.threet.co.jp
2025/02/27 23:11:04 >> info : * ------------------------------------------------------------ *
2025/02/27 23:11:04 >> debug : HTTP_REFERER > 
2025/02/27 23:11:04 >> debug : SCRIPT_URI > 
2025/02/27 23:11:04 >> debug : REQUEST_URI > /simplan/public_html/
2025/02/27 23:11:04 >> debug : HTTPS > on
2025/02/27 23:11:04 >> debug : HTTPS MODE > on
2025/02/27 23:11:04 >> debug : DEF_COMMAND > cmd
2025/02/27 23:11:04 >> debug : DEF_PROCESS > prc
2025/02/27 23:11:04 >> debug : SESSION start ... OK
2025/02/27 23:11:04 >> info : Process set [index] ... OK
2025/02/27 23:11:04 >> info : Process Name [indexProcess] ... OK
2025/02/27 23:11:04 >> info : Include File [C:\xampp\htdocs\simplan\public_app\mod\user/index/process/indexProcess.php]... OK
2025/02/27 23:11:04 >> info : Class Exists [indexProcess] ... OK
2025/02/27 23:11:05 >> debug : DB Connect ... OK
2025/02/27 23:11:05 >> debug : Entering precute ...
2025/02/27 23:11:05 >> debug : Entering execute ...
2025/02/27 23:11:05 >> debug : indexProcess Entering executeDefault ...
2025/02/27 23:11:05 >> debug : Entering execDefualt ...
2025/02/27 23:11:05 >> info : Session connection is NG ...
2025/02/27 23:11:05 >> info : SimplanAbstractProcess::execCommand -> AbstractCommand::executeProcess > [ m_addemployee/select_one.sql ]
2025/02/27 23:11:05 >> debug : WideDB_SimplanInterface::QueryExecute >>SELECT addemployee.f_employee_id ,addemployee.f_emp_id ,addemployee.f_name ,addemployee.f_aadhar_number ,addemployee.f_pan_number ,addemployee.f_passport ,date_format(addemployee.f_issue_date, '%Y/%m/%d') as f_issue_date ,date_format(addemployee.f_expiry_date, '%Y/%m/%d') as f_expiry_date ,addemployee.f_gender ,date_format(addemployee.f_date_of_birth, '%Y/%m/%d') as f_date_of_birth ,addemployee.f_age ,addemployee.f_blood_group ,addemployee.f_status ,addemployee.f_address1 ,addemployee.f_address2 ,addemployee.f_city ,addemployee.f_state ,addemployee.f_pincode ,addemployee.f_country ,addemployee.f_mobile_number ,addemployee.f_office_telephone_number ,addemployee.f_office_email ,addemployee.f_personal_mail ,addemployee.f_relation_name ,addemployee.f_relationship ,addemployee.f_occupation ,addemployee.f_address ,addemployee.f_phone_number ,addemployee.f_emp_status ,addemployee.f_category ,addemployee.f_job_title ,addemployee.f_join_date ,addemployee.f_relive_date ,addemployee.f_location ,addemployee.f_experience ,addemployee.f_education_ug ,addemployee.f_degree_ug ,addemployee.f_university_ug ,addemployee.f_education_pg ,addemployee.f_degree_pg ,addemployee.f_university_pg ,addemployee.f_additional_skill ,addemployee.f_language ,addemployee.f_others ,addemployee.f_jlpt ,addemployee.f_bank_name ,addemployee.f_bank_branch ,addemployee.f_acc_no ,addemployee.f_ifsc_code ,addemployee.f_description ,addemployee.f_image ,addemployee.f_del_flg ,addemployee.f_reg_account ,addemployee.f_reg_time ,addemployee.f_upd_account ,addemployee.f_upd_time FROM m_addemployee addemployee WHERE addemployee.f_del_flg = '0'
2025/02/27 23:11:05 >> info : execQuery TIME : 0.00838 second
2025/02/27 23:11:05 >> debug : Entering postcute ...
2025/02/27 23:11:05 >> debug : DB Connect Close ... OK
2025/02/27 23:11:07 >> info : * ------------------------------------------------------------ *
2025/02/27 23:11:07 >> info : * Simplan Framework - PHP Web Application Framework
2025/02/27 23:11:07 >> info : * 
2025/02/27 23:11:07 >> info : * Version : 1.1.0
2025/02/27 23:11:07 >> info : * Copyright(c) 2003-2025 THREET CO.,LTD. All Rights Reserved.
2025/02/27 23:11:07 >> info : * http://www.threet.co.jp
2025/02/27 23:11:07 >> info : * ------------------------------------------------------------ *
2025/02/27 23:11:07 >> debug : HTTP_REFERER > https://localhost/simplan/public_html/admin/index.php?cmd=timeout
2025/02/27 23:11:07 >> debug : SCRIPT_URI > 
2025/02/27 23:11:07 >> debug : REQUEST_URI > /simplan/public_html/admin/index.php
2025/02/27 23:11:07 >> debug : HTTPS > on
2025/02/27 23:11:07 >> debug : HTTPS MODE > on
2025/02/27 23:11:07 >> debug : DEF_COMMAND > cmd
2025/02/27 23:11:07 >> debug : DEF_PROCESS > prc
2025/02/27 23:11:07 >> debug : POST DATA > [prc] : <index>
2025/02/27 23:11:07 >> debug : POST DATA > [cmd] : <login>
2025/02/27 23:11:07 >> debug : POST DATA > [f_id] : <adminela>
2025/02/27 23:11:07 >> debug : POST DATA > [f_password] : <12345>
2025/02/27 23:11:07 >> debug : SESSION start ... OK
2025/02/27 23:11:07 >> info : Process set [index] ... OK
2025/02/27 23:11:07 >> info : Process Name [indexProcess] ... OK
2025/02/27 23:11:07 >> info : Include File [C:\xampp\htdocs\simplan\public_app\mod\admin/index/process/indexProcess.php]... OK
2025/02/27 23:11:07 >> info : Class Exists [indexProcess] ... OK
2025/02/27 23:11:07 >> debug : DB Connect ... OK
2025/02/27 23:11:07 >> debug : Entering precute ...
2025/02/27 23:11:07 >> debug : Entering execute ...
2025/02/27 23:11:07 >> debug : indexProcess Entering executeLogin ...
2025/02/27 23:11:07 >> debug : Entering executeLogin ...
2025/02/27 23:11:07 >> info : SimplanAbstractProcess::execCommand -> AbstractCommand::executeProcess > [ m_admin/login.sql ]
2025/02/27 23:11:07 >> debug : WideDB_SimplanInterface::QueryExecute >>SELECT ma.f_admin_id ,ma.f_name ,ma.f_mailaddress ,ma.f_id ,ma.f_password ,ma.f_admin_kbn ,ma.f_auth ,ma.f_auth_value ,ma.f_del_flg ,ma.f_reg_account ,ma.f_reg_time ,ma.f_upd_account ,ma.f_upd_time FROM m_admin ma WHERE ma.f_id = 'adminela' AND ma.f_password = '7871ee3e6863e289fa6aa9e7b4fddfab275c2fbe0a843e8b9211b9c6d4792636' AND ma.f_del_flg = '0'
2025/02/27 23:11:07 >> info : execQuery TIME : 0.00467 second
2025/02/28 15:56:07 >> info : * ------------------------------------------------------------ *
2025/02/28 15:56:07 >> info : * Simplan Framework - PHP Web Application Framework
2025/02/28 15:56:07 >> info : * 
2025/02/28 15:56:07 >> info : * Version : 1.1.0
2025/02/28 15:56:07 >> info : * Copyright(c) 2003-2025 THREET CO.,LTD. All Rights Reserved.
2025/02/28 15:56:07 >> info : * http://www.threet.co.jp
2025/02/28 15:56:07 >> info : * ------------------------------------------------------------ *
2025/02/28 15:56:07 >> debug : HTTP_REFERER > 
2025/02/28 15:56:07 >> debug : SCRIPT_URI > 
2025/02/28 15:56:07 >> debug : REQUEST_URI > /simplan/public_html/
2025/02/28 15:56:07 >> debug : HTTPS > on
2025/02/28 15:56:07 >> debug : HTTPS MODE > on
2025/02/28 15:56:07 >> debug : DEF_COMMAND > cmd
2025/02/28 15:56:07 >> debug : DEF_PROCESS > prc
2025/02/28 15:56:07 >> debug : SESSION start ... OK
2025/02/28 15:56:07 >> info : Process set [index] ... OK
2025/02/28 15:56:07 >> info : Process Name [indexProcess] ... OK
2025/02/28 15:56:08 >> info : Include File [C:\xampp\htdocs\simplan\public_app\mod\user/index/process/indexProcess.php]... OK
2025/02/28 15:56:08 >> info : Class Exists [indexProcess] ... OK
2025/02/28 15:56:08 >> info : * ------------------------------------------------------------ *
2025/02/28 15:56:08 >> info : * Simplan Framework - PHP Web Application Framework
2025/02/28 15:56:08 >> info : * 
2025/02/28 15:56:08 >> info : * Version : 1.1.0
2025/02/28 15:56:08 >> info : * Copyright(c) 2003-2025 THREET CO.,LTD. All Rights Reserved.
2025/02/28 15:56:08 >> info : * http://www.threet.co.jp
2025/02/28 15:56:08 >> info : * ------------------------------------------------------------ *
2025/02/28 15:56:08 >> debug : HTTP_REFERER > https://localhost/simplan/public_html/admin/index.php?cmd=timeout
2025/02/28 15:56:08 >> debug : SCRIPT_URI > 
2025/02/28 15:56:08 >> debug : REQUEST_URI > /simplan/public_html/admin/index.php
2025/02/28 15:56:08 >> debug : HTTPS > on
2025/02/28 15:56:08 >> debug : HTTPS MODE > on
2025/02/28 15:56:08 >> debug : DEF_COMMAND > cmd
2025/02/28 15:56:08 >> debug : DEF_PROCESS > prc
2025/02/28 15:56:08 >> debug : POST DATA > [prc] : <index>
2025/02/28 15:56:08 >> debug : POST DATA > [cmd] : <login>
2025/02/28 15:56:08 >> debug : POST DATA > [f_id] : <adminela>
2025/02/28 15:56:08 >> debug : POST DATA > [f_password] : <12345>
2025/02/28 15:56:08 >> debug : DB Connect ... OK
2025/02/28 15:56:08 >> debug : Entering precute ...
2025/02/28 15:56:08 >> debug : Entering execute ...
2025/02/28 15:56:08 >> debug : indexProcess Entering executeDefault ...
2025/02/28 15:56:08 >> debug : Entering execDefualt ...
2025/02/28 15:56:08 >> info : Session connection is NG ...
2025/02/28 15:56:08 >> info : SimplanAbstractProcess::execCommand -> AbstractCommand::executeProcess > [ m_addemployee/select_one.sql ]
2025/02/28 15:56:08 >> debug : WideDB_SimplanInterface::QueryExecute >>SELECT addemployee.f_employee_id ,addemployee.f_emp_id ,addemployee.f_name ,addemployee.f_aadhar_number ,addemployee.f_pan_number ,addemployee.f_passport ,date_format(addemployee.f_issue_date, '%Y/%m/%d') as f_issue_date ,date_format(addemployee.f_expiry_date, '%Y/%m/%d') as f_expiry_date ,addemployee.f_gender ,date_format(addemployee.f_date_of_birth, '%Y/%m/%d') as f_date_of_birth ,addemployee.f_age ,addemployee.f_blood_group ,addemployee.f_status ,addemployee.f_address1 ,addemployee.f_address2 ,addemployee.f_city ,addemployee.f_state ,addemployee.f_pincode ,addemployee.f_country ,addemployee.f_mobile_number ,addemployee.f_office_telephone_number ,addemployee.f_office_email ,addemployee.f_personal_mail ,addemployee.f_relation_name ,addemployee.f_relationship ,addemployee.f_occupation ,addemployee.f_address ,addemployee.f_phone_number ,addemployee.f_emp_status ,addemployee.f_category ,addemployee.f_job_title ,addemployee.f_join_date ,addemployee.f_relive_date ,addemployee.f_location ,addemployee.f_experience ,addemployee.f_education_ug ,addemployee.f_degree_ug ,addemployee.f_university_ug ,addemployee.f_education_pg ,addemployee.f_degree_pg ,addemployee.f_university_pg ,addemployee.f_additional_skill ,addemployee.f_language ,addemployee.f_others ,addemployee.f_jlpt ,addemployee.f_bank_name ,addemployee.f_bank_branch ,addemployee.f_acc_no ,addemployee.f_ifsc_code ,addemployee.f_description ,addemployee.f_image ,addemployee.f_del_flg ,addemployee.f_reg_account ,addemployee.f_reg_time ,addemployee.f_upd_account ,addemployee.f_upd_time FROM m_addemployee addemployee WHERE addemployee.f_del_flg = '0'
2025/02/28 15:56:08 >> info : execQuery TIME : 0.04468 second
2025/02/28 15:56:08 >> debug : Entering postcute ...
2025/02/28 15:56:09 >> debug : DB Connect Close ... OK
2025/02/28 15:56:09 >> debug : SESSION start ... OK
2025/02/28 15:56:09 >> info : Process set [index] ... OK
2025/02/28 15:56:09 >> info : Process Name [indexProcess] ... OK
2025/02/28 15:56:09 >> info : Include File [C:\xampp\htdocs\simplan\public_app\mod\admin/index/process/indexProcess.php]... OK
2025/02/28 15:56:09 >> info : Class Exists [indexProcess] ... OK
2025/02/28 15:56:09 >> debug : DB Connect ... OK
2025/02/28 15:56:09 >> debug : Entering precute ...
2025/02/28 15:56:09 >> debug : Entering execute ...
2025/02/28 15:56:09 >> debug : indexProcess Entering executeLogin ...
2025/02/28 15:56:09 >> debug : Entering executeLogin ...
2025/02/28 15:56:09 >> info : SimplanAbstractProcess::execCommand -> AbstractCommand::executeProcess > [ m_admin/login.sql ]
2025/02/28 15:56:09 >> debug : WideDB_SimplanInterface::QueryExecute >>SELECT ma.f_admin_id ,ma.f_name ,ma.f_mailaddress ,ma.f_id ,ma.f_password ,ma.f_admin_kbn ,ma.f_auth ,ma.f_auth_value ,ma.f_del_flg ,ma.f_reg_account ,ma.f_reg_time ,ma.f_upd_account ,ma.f_upd_time FROM m_admin ma WHERE ma.f_id = 'adminela' AND ma.f_password = '7871ee3e6863e289fa6aa9e7b4fddfab275c2fbe0a843e8b9211b9c6d4792636' AND ma.f_del_flg = '0'
2025/02/28 15:56:09 >> info : execQuery TIME : 0.00572 second
2025/02/28 15:56:12 >> info : * ------------------------------------------------------------ *
2025/02/28 15:56:12 >> info : * Simplan Framework - PHP Web Application Framework
2025/02/28 15:56:12 >> info : * 
2025/02/28 15:56:12 >> info : * Version : 1.1.0
2025/02/28 15:56:12 >> info : * Copyright(c) 2003-2025 THREET CO.,LTD. All Rights Reserved.
2025/02/28 15:56:12 >> info : * http://www.threet.co.jp
2025/02/28 15:56:12 >> info : * ------------------------------------------------------------ *
2025/02/28 15:56:12 >> debug : HTTP_REFERER > https://localhost/simplan/public_html/admin/index.php
2025/02/28 15:56:12 >> debug : SCRIPT_URI > 
2025/02/28 15:56:12 >> debug : REQUEST_URI > /simplan/public_html/admin/index.php?cmd=timeout
2025/02/28 15:56:12 >> debug : HTTPS > on
2025/02/28 15:56:12 >> debug : HTTPS MODE > on
2025/02/28 15:56:12 >> debug : DEF_COMMAND > cmd
2025/02/28 15:56:12 >> debug : DEF_PROCESS > prc
2025/02/28 15:56:12 >> debug : GET DATA > [cmd] : <timeout>
2025/02/28 15:56:12 >> debug : SESSION start ... OK
2025/02/28 15:56:12 >> info : Process set [index] ... OK
2025/02/28 15:56:12 >> info : Process Name [indexProcess] ... OK
2025/02/28 15:56:12 >> info : Include File [C:\xampp\htdocs\simplan\public_app\mod\admin/index/process/indexProcess.php]... OK
2025/02/28 15:56:12 >> info : Class Exists [indexProcess] ... OK
2025/02/28 15:56:12 >> debug : DB Connect ... OK
2025/02/28 15:56:12 >> debug : Entering precute ...
2025/02/28 15:56:12 >> debug : Entering execute ...
2025/02/28 15:56:12 >> debug : indexProcess Entering executeTimeout ...
2025/02/28 15:56:12 >> debug : Entering executeTimeout ...
2025/02/28 15:56:12 >> debug : Entering postcute ...
2025/02/28 15:56:12 >> debug : DB Connect Close ... OK
2025/02/28 16:24:11 >> info : * ------------------------------------------------------------ *
2025/02/28 16:24:11 >> info : * Simplan Framework - PHP Web Application Framework
2025/02/28 16:24:11 >> info : * 
2025/02/28 16:24:11 >> info : * Version : 1.1.0
2025/02/28 16:24:11 >> info : * Copyright(c) 2003-2025 THREET CO.,LTD. All Rights Reserved.
2025/02/28 16:24:11 >> info : * http://www.threet.co.jp
2025/02/28 16:24:11 >> info : * ------------------------------------------------------------ *
2025/02/28 16:24:11 >> debug : HTTP_REFERER > https://localhost/simplan/public_html/admin/index.php?cmd=timeout
2025/02/28 16:24:11 >> debug : SCRIPT_URI > 
2025/02/28 16:24:11 >> debug : REQUEST_URI > /simplan/public_html/admin/index.php
2025/02/28 16:24:11 >> debug : HTTPS > on
2025/02/28 16:24:11 >> debug : HTTPS MODE > on
2025/02/28 16:24:11 >> debug : DEF_COMMAND > cmd
2025/02/28 16:24:11 >> debug : DEF_PROCESS > prc
2025/02/28 16:24:11 >> debug : POST DATA > [prc] : <index>
2025/02/28 16:24:11 >> debug : POST DATA > [cmd] : <login>
2025/02/28 16:24:11 >> debug : POST DATA > [f_id] : <adminela>
2025/02/28 16:24:11 >> debug : POST DATA > [f_password] : <12345>
2025/02/28 16:24:11 >> debug : SESSION start ... OK
2025/02/28 16:24:11 >> info : Process set [index] ... OK
2025/02/28 16:24:11 >> info : Process Name [indexProcess] ... OK
2025/02/28 16:24:11 >> info : Include File [C:\xampp\htdocs\simplan\public_app\mod\admin/index/process/indexProcess.php]... OK
2025/02/28 16:24:11 >> info : Class Exists [indexProcess] ... OK
2025/02/28 16:24:11 >> debug : DB Connect ... OK
2025/02/28 16:24:11 >> debug : Entering precute ...
2025/02/28 16:24:11 >> debug : Entering execute ...
2025/02/28 16:24:11 >> debug : indexProcess Entering executeLogin ...
2025/02/28 16:24:11 >> debug : Entering executeLogin ...
2025/02/28 16:24:11 >> info : SimplanAbstractProcess::execCommand -> AbstractCommand::executeProcess > [ m_admin/login.sql ]
2025/02/28 16:24:11 >> debug : WideDB_SimplanInterface::QueryExecute >>SELECT ma.f_admin_id ,ma.f_name ,ma.f_mailaddress ,ma.f_id ,ma.f_password ,ma.f_admin_kbn ,ma.f_auth ,ma.f_auth_value ,ma.f_del_flg ,ma.f_reg_account ,ma.f_reg_time ,ma.f_upd_account ,ma.f_upd_time FROM m_admin ma WHERE ma.f_id = 'adminela' AND ma.f_password = '7871ee3e6863e289fa6aa9e7b4fddfab275c2fbe0a843e8b9211b9c6d4792636' AND ma.f_del_flg = '0'
2025/02/28 16:24:11 >> info : execQuery TIME : 0.00115 second
2025/02/28 16:24:11 >> debug : indexProcessError executeLogin ... NG
2025/02/28 16:24:11 >> debug : Entering postcute ...
2025/02/28 16:24:11 >> debug : DB Connect Close ... OK
2025/02/28 16:25:10 >> info : * ------------------------------------------------------------ *
2025/02/28 16:25:10 >> info : * Simplan Framework - PHP Web Application Framework
2025/02/28 16:25:10 >> info : * 
2025/02/28 16:25:10 >> info : * Version : 1.1.0
2025/02/28 16:25:10 >> info : * Copyright(c) 2003-2025 THREET CO.,LTD. All Rights Reserved.
2025/02/28 16:25:10 >> info : * http://www.threet.co.jp
2025/02/28 16:25:10 >> info : * ------------------------------------------------------------ *
2025/02/28 16:25:10 >> debug : HTTP_REFERER > https://localhost/simplan/public_html/admin/index.php
2025/02/28 16:25:10 >> debug : SCRIPT_URI > 
2025/02/28 16:25:10 >> debug : REQUEST_URI > /simplan/public_html/admin/index.php
2025/02/28 16:25:10 >> debug : HTTPS > on
2025/02/28 16:25:10 >> debug : HTTPS MODE > on
2025/02/28 16:25:10 >> debug : DEF_COMMAND > cmd
2025/02/28 16:25:10 >> debug : DEF_PROCESS > prc
2025/02/28 16:25:10 >> debug : POST DATA > [prc] : <index>
2025/02/28 16:25:10 >> debug : POST DATA > [cmd] : <login>
2025/02/28 16:25:10 >> debug : POST DATA > [f_id] : <adminela>
2025/02/28 16:25:10 >> debug : POST DATA > [f_password] : <12345>
2025/02/28 16:25:10 >> debug : SESSION start ... OK
2025/02/28 16:25:10 >> info : Process set [index] ... OK
2025/02/28 16:25:10 >> info : Process Name [indexProcess] ... OK
2025/02/28 16:25:10 >> info : Include File [C:\xampp\htdocs\simplan\public_app\mod\admin/index/process/indexProcess.php]... OK
2025/02/28 16:25:10 >> info : Class Exists [indexProcess] ... OK
2025/02/28 16:25:10 >> debug : DB Connect ... OK
2025/02/28 16:25:10 >> debug : Entering precute ...
2025/02/28 16:25:10 >> debug : Entering execute ...
2025/02/28 16:25:10 >> debug : indexProcess Entering executeLogin ...
2025/02/28 16:25:10 >> debug : Entering executeLogin ...
2025/02/28 16:25:10 >> info : SimplanAbstractProcess::execCommand -> AbstractCommand::executeProcess > [ m_admin/login.sql ]
2025/02/28 16:25:10 >> debug : WideDB_SimplanInterface::QueryExecute >>SELECT ma.f_admin_id ,ma.f_name ,ma.f_mailaddress ,ma.f_id ,ma.f_password ,ma.f_admin_kbn ,ma.f_auth ,ma.f_auth_value ,ma.f_del_flg ,ma.f_reg_account ,ma.f_reg_time ,ma.f_upd_account ,ma.f_upd_time FROM m_admin ma WHERE ma.f_id = 'adminela' AND ma.f_password = '7871ee3e6863e289fa6aa9e7b4fddfab275c2fbe0a843e8b9211b9c6d4792636' AND ma.f_del_flg = '0'
2025/02/28 16:25:10 >> info : execQuery TIME : 0.00096 second
2025/02/28 16:25:10 >> debug : indexProcessError executeLogin ... NG
2025/02/28 16:25:10 >> debug : Entering postcute ...
2025/02/28 16:25:10 >> debug : DB Connect Close ... OK
2025/02/28 16:25:19 >> info : * ------------------------------------------------------------ *
2025/02/28 16:25:19 >> info : * Simplan Framework - PHP Web Application Framework
2025/02/28 16:25:19 >> info : * 
2025/02/28 16:25:19 >> info : * Version : 1.1.0
2025/02/28 16:25:19 >> info : * Copyright(c) 2003-2025 THREET CO.,LTD. All Rights Reserved.
2025/02/28 16:25:19 >> info : * http://www.threet.co.jp
2025/02/28 16:25:19 >> info : * ------------------------------------------------------------ *
2025/02/28 16:25:19 >> debug : HTTP_REFERER > 
2025/02/28 16:25:19 >> debug : SCRIPT_URI > 
2025/02/28 16:25:19 >> debug : REQUEST_URI > /simplan/public_html/index.php
2025/02/28 16:25:19 >> debug : HTTPS > on
2025/02/28 16:25:19 >> debug : HTTPS MODE > on
2025/02/28 16:25:19 >> debug : DEF_COMMAND > cmd
2025/02/28 16:25:19 >> debug : DEF_PROCESS > prc
2025/02/28 16:25:19 >> debug : SESSION start ... OK
2025/02/28 16:25:19 >> info : Process set [index] ... OK
2025/02/28 16:25:19 >> info : Process Name [indexProcess] ... OK
2025/02/28 16:25:19 >> info : Include File [C:\xampp\htdocs\simplan\public_app\mod\user/index/process/indexProcess.php]... OK
2025/02/28 16:25:19 >> info : Class Exists [indexProcess] ... OK
2025/02/28 16:25:19 >> debug : DB Connect ... OK
2025/02/28 16:25:19 >> debug : Entering precute ...
2025/02/28 16:25:19 >> debug : Entering execute ...
2025/02/28 16:25:19 >> debug : indexProcess Entering executeDefault ...
2025/02/28 16:25:19 >> debug : Entering execDefualt ...
2025/02/28 16:25:19 >> info : Session connection is NG ...
2025/02/28 16:25:19 >> info : SimplanAbstractProcess::execCommand -> AbstractCommand::executeProcess > [ m_addemployee/select_one.sql ]
2025/02/28 16:25:19 >> debug : WideDB_SimplanInterface::QueryExecute >>SELECT addemployee.f_employee_id ,addemployee.f_emp_id ,addemployee.f_name ,addemployee.f_aadhar_number ,addemployee.f_pan_number ,addemployee.f_passport ,date_format(addemployee.f_issue_date, '%Y/%m/%d') as f_issue_date ,date_format(addemployee.f_expiry_date, '%Y/%m/%d') as f_expiry_date ,addemployee.f_gender ,date_format(addemployee.f_date_of_birth, '%Y/%m/%d') as f_date_of_birth ,addemployee.f_age ,addemployee.f_blood_group ,addemployee.f_status ,addemployee.f_address1 ,addemployee.f_address2 ,addemployee.f_city ,addemployee.f_state ,addemployee.f_pincode ,addemployee.f_country ,addemployee.f_mobile_number ,addemployee.f_office_telephone_number ,addemployee.f_office_email ,addemployee.f_personal_mail ,addemployee.f_relation_name ,addemployee.f_relationship ,addemployee.f_occupation ,addemployee.f_address ,addemployee.f_phone_number ,addemployee.f_emp_status ,addemployee.f_category ,addemployee.f_job_title ,addemployee.f_join_date ,addemployee.f_relive_date ,addemployee.f_location ,addemployee.f_experience ,addemployee.f_education_ug ,addemployee.f_degree_ug ,addemployee.f_university_ug ,addemployee.f_education_pg ,addemployee.f_degree_pg ,addemployee.f_university_pg ,addemployee.f_additional_skill ,addemployee.f_language ,addemployee.f_others ,addemployee.f_jlpt ,addemployee.f_bank_name ,addemployee.f_bank_branch ,addemployee.f_acc_no ,addemployee.f_ifsc_code ,addemployee.f_description ,addemployee.f_image ,addemployee.f_del_flg ,addemployee.f_reg_account ,addemployee.f_reg_time ,addemployee.f_upd_account ,addemployee.f_upd_time FROM m_addemployee addemployee WHERE addemployee.f_del_flg = '0'
2025/02/28 16:25:19 >> info : execQuery TIME : 0.00149 second
2025/02/28 16:25:19 >> debug : Entering postcute ...
2025/02/28 16:25:19 >> debug : DB Connect Close ... OK
2025/02/28 16:25:50 >> info : * ------------------------------------------------------------ *
2025/02/28 16:25:50 >> info : * Simplan Framework - PHP Web Application Framework
2025/02/28 16:25:50 >> info : * 
2025/02/28 16:25:50 >> info : * Version : 1.1.0
2025/02/28 16:25:50 >> info : * Copyright(c) 2003-2025 THREET CO.,LTD. All Rights Reserved.
2025/02/28 16:25:50 >> info : * http://www.threet.co.jp
2025/02/28 16:25:50 >> info : * ------------------------------------------------------------ *
2025/02/28 16:25:50 >> debug : HTTP_REFERER > https://localhost/simplan/public_html/index.php
2025/02/28 16:25:50 >> debug : SCRIPT_URI > 
2025/02/28 16:25:50 >> debug : REQUEST_URI > /simplan/public_html/index.php
2025/02/28 16:25:50 >> debug : HTTPS > on
2025/02/28 16:25:50 >> debug : HTTPS MODE > on
2025/02/28 16:25:50 >> debug : DEF_COMMAND > cmd
2025/02/28 16:25:50 >> debug : DEF_PROCESS > prc
2025/02/28 16:25:50 >> debug : POST DATA > [prc] : <index>
2025/02/28 16:25:50 >> debug : POST DATA > [cmd] : <login>
2025/02/28 16:25:50 >> debug : POST DATA > [f_login_id] : <mela15>
2025/02/28 16:25:50 >> debug : POST DATA > [f_password] : <mela15>
2025/02/28 16:25:50 >> debug : SESSION start ... OK
2025/02/28 16:25:50 >> info : Process set [index] ... OK
2025/02/28 16:25:50 >> info : Process Name [indexProcess] ... OK
2025/02/28 16:25:50 >> info : Include File [C:\xampp\htdocs\simplan\public_app\mod\user/index/process/indexProcess.php]... OK
2025/02/28 16:25:50 >> info : Class Exists [indexProcess] ... OK
2025/02/28 16:25:50 >> debug : DB Connect ... OK
2025/02/28 16:25:50 >> debug : Entering precute ...
2025/02/28 16:25:50 >> debug : Entering execute ...
2025/02/28 16:25:50 >> debug : indexProcess Entering executeLogin ...
2025/02/28 16:25:50 >> debug : Entering executeLogin ...
2025/02/28 16:25:50 >> info : SimplanAbstractProcess::execCommand -> AbstractCommand::executeProcess > [ m_user/login.sql ]
2025/02/28 16:27:11 >> info : * ------------------------------------------------------------ *
2025/02/28 16:27:11 >> info : * Simplan Framework - PHP Web Application Framework
2025/02/28 16:27:11 >> info : * 
2025/02/28 16:27:11 >> info : * Version : 1.1.0
2025/02/28 16:27:11 >> info : * Copyright(c) 2003-2025 THREET CO.,LTD. All Rights Reserved.
2025/02/28 16:27:11 >> info : * http://www.threet.co.jp
2025/02/28 16:27:11 >> info : * ------------------------------------------------------------ *
2025/02/28 16:27:11 >> debug : HTTP_REFERER > https://localhost/simplan/public_html/index.php
2025/02/28 16:27:11 >> debug : SCRIPT_URI > 
2025/02/28 16:27:11 >> debug : REQUEST_URI > /simplan/public_html/index.php
2025/02/28 16:27:11 >> debug : HTTPS > on
2025/02/28 16:27:11 >> debug : HTTPS MODE > on
2025/02/28 16:27:11 >> debug : DEF_COMMAND > cmd
2025/02/28 16:27:11 >> debug : DEF_PROCESS > prc
2025/02/28 16:27:11 >> debug : POST DATA > [prc] : <index>
2025/02/28 16:27:11 >> debug : POST DATA > [cmd] : <login>
2025/02/28 16:27:11 >> debug : POST DATA > [f_login_id] : <mela15>
2025/02/28 16:27:11 >> debug : POST DATA > [f_password] : <mela15>
2025/02/28 16:27:11 >> debug : SESSION start ... OK
2025/02/28 16:27:11 >> info : Process set [index] ... OK
2025/02/28 16:27:11 >> info : Process Name [indexProcess] ... OK
2025/02/28 16:27:12 >> info : Include File [C:\xampp\htdocs\simplan\public_app\mod\user/index/process/indexProcess.php]... OK
2025/02/28 16:27:12 >> info : Class Exists [indexProcess] ... OK
2025/02/28 16:27:12 >> debug : DB Connect ... OK
2025/02/28 16:27:12 >> debug : Entering precute ...
2025/02/28 16:27:12 >> debug : Entering execute ...
2025/02/28 16:27:12 >> debug : indexProcess Entering executeLogin ...
2025/02/28 16:27:12 >> debug : Entering executeLogin ...
2025/02/28 16:27:12 >> info : SimplanAbstractProcess::execCommand -> AbstractCommand::executeProcess > [ m_user/login.sql ]
2025/02/28 16:27:13 >> info : * ------------------------------------------------------------ *
2025/02/28 16:27:13 >> info : * Simplan Framework - PHP Web Application Framework
2025/02/28 16:27:13 >> info : * 
2025/02/28 16:27:13 >> info : * Version : 1.1.0
2025/02/28 16:27:13 >> info : * Copyright(c) 2003-2025 THREET CO.,LTD. All Rights Reserved.
2025/02/28 16:27:13 >> info : * http://www.threet.co.jp
2025/02/28 16:27:13 >> info : * ------------------------------------------------------------ *
2025/02/28 16:27:13 >> debug : HTTP_REFERER > 
2025/02/28 16:27:13 >> debug : SCRIPT_URI > 
2025/02/28 16:27:13 >> debug : REQUEST_URI > /simplan/public_html/index.php
2025/02/28 16:27:13 >> debug : HTTPS > on
2025/02/28 16:27:13 >> debug : HTTPS MODE > on
2025/02/28 16:27:13 >> debug : DEF_COMMAND > cmd
2025/02/28 16:27:13 >> debug : DEF_PROCESS > prc
2025/02/28 16:27:13 >> debug : SESSION start ... OK
2025/02/28 16:27:13 >> info : Process set [index] ... OK
2025/02/28 16:27:13 >> info : Process Name [indexProcess] ... OK
2025/02/28 16:27:13 >> info : Include File [C:\xampp\htdocs\simplan\public_app\mod\user/index/process/indexProcess.php]... OK
2025/02/28 16:27:13 >> info : Class Exists [indexProcess] ... OK
2025/02/28 16:27:13 >> debug : DB Connect ... OK
2025/02/28 16:27:13 >> debug : Entering precute ...
2025/02/28 16:27:13 >> debug : Entering execute ...
2025/02/28 16:27:13 >> debug : indexProcess Entering executeDefault ...
2025/02/28 16:27:13 >> debug : Entering execDefualt ...
2025/02/28 16:27:13 >> info : Session connection is NG ...
2025/02/28 16:27:13 >> info : SimplanAbstractProcess::execCommand -> AbstractCommand::executeProcess > [ m_addemployee/select_one.sql ]
2025/02/28 16:27:13 >> debug : WideDB_SimplanInterface::QueryExecute >>SELECT addemployee.f_employee_id ,addemployee.f_emp_id ,addemployee.f_name ,addemployee.f_aadhar_number ,addemployee.f_pan_number ,addemployee.f_passport ,date_format(addemployee.f_issue_date, '%Y/%m/%d') as f_issue_date ,date_format(addemployee.f_expiry_date, '%Y/%m/%d') as f_expiry_date ,addemployee.f_gender ,date_format(addemployee.f_date_of_birth, '%Y/%m/%d') as f_date_of_birth ,addemployee.f_age ,addemployee.f_blood_group ,addemployee.f_status ,addemployee.f_address1 ,addemployee.f_address2 ,addemployee.f_city ,addemployee.f_state ,addemployee.f_pincode ,addemployee.f_country ,addemployee.f_mobile_number ,addemployee.f_office_telephone_number ,addemployee.f_office_email ,addemployee.f_personal_mail ,addemployee.f_relation_name ,addemployee.f_relationship ,addemployee.f_occupation ,addemployee.f_address ,addemployee.f_phone_number ,addemployee.f_emp_status ,addemployee.f_category ,addemployee.f_job_title ,addemployee.f_join_date ,addemployee.f_relive_date ,addemployee.f_location ,addemployee.f_experience ,addemployee.f_education_ug ,addemployee.f_degree_ug ,addemployee.f_university_ug ,addemployee.f_education_pg ,addemployee.f_degree_pg ,addemployee.f_university_pg ,addemployee.f_additional_skill ,addemployee.f_language ,addemployee.f_others ,addemployee.f_jlpt ,addemployee.f_bank_name ,addemployee.f_bank_branch ,addemployee.f_acc_no ,addemployee.f_ifsc_code ,addemployee.f_description ,addemployee.f_image ,addemployee.f_del_flg ,addemployee.f_reg_account ,addemployee.f_reg_time ,addemployee.f_upd_account ,addemployee.f_upd_time FROM m_addemployee addemployee WHERE addemployee.f_del_flg = '0'
2025/02/28 16:27:13 >> info : execQuery TIME : 0.00119 second
2025/02/28 16:27:13 >> debug : Entering postcute ...
2025/02/28 16:27:13 >> debug : DB Connect Close ... OK
2025/02/28 16:27:17 >> info : * ------------------------------------------------------------ *
2025/02/28 16:27:17 >> info : * Simplan Framework - PHP Web Application Framework
2025/02/28 16:27:17 >> info : * 
2025/02/28 16:27:17 >> info : * Version : 1.1.0
2025/02/28 16:27:17 >> info : * Copyright(c) 2003-2025 THREET CO.,LTD. All Rights Reserved.
2025/02/28 16:27:17 >> info : * http://www.threet.co.jp
2025/02/28 16:27:17 >> info : * ------------------------------------------------------------ *
2025/02/28 16:27:17 >> debug : HTTP_REFERER > https://localhost/simplan/public_html/index.php
2025/02/28 16:27:17 >> debug : SCRIPT_URI > 
2025/02/28 16:27:17 >> debug : REQUEST_URI > /simplan/public_html/index.php
2025/02/28 16:27:17 >> debug : HTTPS > on
2025/02/28 16:27:17 >> debug : HTTPS MODE > on
2025/02/28 16:27:17 >> debug : DEF_COMMAND > cmd
2025/02/28 16:27:17 >> debug : DEF_PROCESS > prc
2025/02/28 16:27:17 >> debug : POST DATA > [prc] : <index>
2025/02/28 16:27:17 >> debug : POST DATA > [cmd] : <login>
2025/02/28 16:27:17 >> debug : POST DATA > [f_login_id] : <mela15>
2025/02/28 16:27:17 >> debug : POST DATA > [f_password] : <mela15>
2025/02/28 16:27:17 >> debug : SESSION start ... OK
2025/02/28 16:27:17 >> info : Process set [index] ... OK
2025/02/28 16:27:17 >> info : Process Name [indexProcess] ... OK
2025/02/28 16:27:17 >> info : Include File [C:\xampp\htdocs\simplan\public_app\mod\user/index/process/indexProcess.php]... OK
2025/02/28 16:27:17 >> info : Class Exists [indexProcess] ... OK
2025/02/28 16:27:17 >> debug : DB Connect ... OK
2025/02/28 16:27:17 >> debug : Entering precute ...
2025/02/28 16:27:17 >> debug : Entering execute ...
2025/02/28 16:27:17 >> debug : indexProcess Entering executeLogin ...
2025/02/28 16:27:17 >> debug : Entering executeLogin ...
2025/02/28 16:27:17 >> info : SimplanAbstractProcess::execCommand -> AbstractCommand::executeProcess > [ m_user/login.sql ]
2025/02/28 16:27:45 >> info : * ------------------------------------------------------------ *
2025/02/28 16:27:45 >> info : * Simplan Framework - PHP Web Application Framework
2025/02/28 16:27:45 >> info : * 
2025/02/28 16:27:45 >> info : * Version : 1.1.0
2025/02/28 16:27:45 >> info : * Copyright(c) 2003-2025 THREET CO.,LTD. All Rights Reserved.
2025/02/28 16:27:45 >> info : * http://www.threet.co.jp
2025/02/28 16:27:45 >> info : * ------------------------------------------------------------ *
2025/02/28 16:27:45 >> debug : HTTP_REFERER > 
2025/02/28 16:27:45 >> debug : SCRIPT_URI > 
2025/02/28 16:27:45 >> debug : REQUEST_URI > /simplan/public_html/index.php
2025/02/28 16:27:45 >> debug : HTTPS > on
2025/02/28 16:27:45 >> debug : HTTPS MODE > on
2025/02/28 16:27:45 >> debug : DEF_COMMAND > cmd
2025/02/28 16:27:45 >> debug : DEF_PROCESS > prc
2025/02/28 16:27:45 >> debug : SESSION start ... OK
2025/02/28 16:27:45 >> info : Process set [index] ... OK
2025/02/28 16:27:45 >> info : Process Name [indexProcess] ... OK
2025/02/28 16:27:45 >> info : Include File [C:\xampp\htdocs\simplan\public_app\mod\user/index/process/indexProcess.php]... OK
2025/02/28 16:27:45 >> info : Class Exists [indexProcess] ... OK
2025/02/28 16:27:45 >> debug : DB Connect ... OK
2025/02/28 16:27:45 >> debug : Entering precute ...
2025/02/28 16:27:45 >> debug : Entering execute ...
2025/02/28 16:27:45 >> debug : indexProcess Entering executeDefault ...
2025/02/28 16:27:45 >> debug : Entering execDefualt ...
2025/02/28 16:27:49 >> info : * ------------------------------------------------------------ *
2025/02/28 16:27:49 >> info : * Simplan Framework - PHP Web Application Framework
2025/02/28 16:27:49 >> info : * 
2025/02/28 16:27:49 >> info : * Version : 1.1.0
2025/02/28 16:27:49 >> info : * Copyright(c) 2003-2025 THREET CO.,LTD. All Rights Reserved.
2025/02/28 16:27:49 >> info : * http://www.threet.co.jp
2025/02/28 16:27:49 >> info : * ------------------------------------------------------------ *
2025/02/28 16:27:49 >> debug : HTTP_REFERER > 
2025/02/28 16:27:49 >> debug : SCRIPT_URI > 
2025/02/28 16:27:49 >> debug : REQUEST_URI > /simplan/public_html/index.php
2025/02/28 16:27:49 >> debug : HTTPS > on
2025/02/28 16:27:49 >> debug : HTTPS MODE > on
2025/02/28 16:27:49 >> debug : DEF_COMMAND > cmd
2025/02/28 16:27:49 >> debug : DEF_PROCESS > prc
2025/02/28 16:27:49 >> debug : SESSION start ... OK
2025/02/28 16:27:49 >> info : Process set [index] ... OK
2025/02/28 16:27:49 >> info : Process Name [indexProcess] ... OK
2025/02/28 16:27:49 >> info : Include File [C:\xampp\htdocs\simplan\public_app\mod\user/index/process/indexProcess.php]... OK
2025/02/28 16:27:49 >> info : Class Exists [indexProcess] ... OK
2025/02/28 16:27:49 >> debug : DB Connect ... OK
2025/02/28 16:27:49 >> debug : Entering precute ...
2025/02/28 16:27:49 >> debug : Entering execute ...
2025/02/28 16:27:49 >> debug : indexProcess Entering executeDefault ...
2025/02/28 16:27:49 >> debug : Entering execDefualt ...
2025/02/28 16:27:59 >> info : * ------------------------------------------------------------ *
2025/02/28 16:27:59 >> info : * Simplan Framework - PHP Web Application Framework
2025/02/28 16:27:59 >> info : * 
2025/02/28 16:27:59 >> info : * Version : 1.1.0
2025/02/28 16:27:59 >> info : * Copyright(c) 2003-2025 THREET CO.,LTD. All Rights Reserved.
2025/02/28 16:27:59 >> info : * http://www.threet.co.jp
2025/02/28 16:27:59 >> info : * ------------------------------------------------------------ *
2025/02/28 16:27:59 >> debug : HTTP_REFERER > 
2025/02/28 16:27:59 >> debug : SCRIPT_URI > 
2025/02/28 16:27:59 >> debug : REQUEST_URI > /simplan/public_html/index.php
2025/02/28 16:27:59 >> debug : HTTPS > on
2025/02/28 16:27:59 >> debug : HTTPS MODE > on
2025/02/28 16:27:59 >> debug : DEF_COMMAND > cmd
2025/02/28 16:27:59 >> debug : DEF_PROCESS > prc
2025/02/28 16:27:59 >> debug : SESSION start ... OK
2025/02/28 16:27:59 >> info : Process set [index] ... OK
2025/02/28 16:27:59 >> info : Process Name [indexProcess] ... OK
2025/02/28 16:27:59 >> info : Include File [C:\xampp\htdocs\simplan\public_app\mod\user/index/process/indexProcess.php]... OK
2025/02/28 16:27:59 >> info : Class Exists [indexProcess] ... OK
2025/02/28 16:27:59 >> debug : DB Connect ... OK
2025/02/28 16:27:59 >> debug : Entering precute ...
2025/02/28 16:27:59 >> debug : Entering execute ...
2025/02/28 16:27:59 >> debug : indexProcess Entering executeDefault ...
2025/02/28 16:27:59 >> debug : Entering execDefualt ...
2025/02/28 16:27:59 >> info : Session connection is NG ...
2025/02/28 16:27:59 >> info : SimplanAbstractProcess::execCommand -> AbstractCommand::executeProcess > [ m_addemployee/select_one.sql ]
2025/02/28 16:27:59 >> debug : WideDB_SimplanInterface::QueryExecute >>SELECT addemployee.f_employee_id ,addemployee.f_emp_id ,addemployee.f_name ,addemployee.f_aadhar_number ,addemployee.f_pan_number ,addemployee.f_passport ,date_format(addemployee.f_issue_date, '%Y/%m/%d') as f_issue_date ,date_format(addemployee.f_expiry_date, '%Y/%m/%d') as f_expiry_date ,addemployee.f_gender ,date_format(addemployee.f_date_of_birth, '%Y/%m/%d') as f_date_of_birth ,addemployee.f_age ,addemployee.f_blood_group ,addemployee.f_status ,addemployee.f_address1 ,addemployee.f_address2 ,addemployee.f_city ,addemployee.f_state ,addemployee.f_pincode ,addemployee.f_country ,addemployee.f_mobile_number ,addemployee.f_office_telephone_number ,addemployee.f_office_email ,addemployee.f_personal_mail ,addemployee.f_relation_name ,addemployee.f_relationship ,addemployee.f_occupation ,addemployee.f_address ,addemployee.f_phone_number ,addemployee.f_emp_status ,addemployee.f_category ,addemployee.f_job_title ,addemployee.f_join_date ,addemployee.f_relive_date ,addemployee.f_location ,addemployee.f_experience ,addemployee.f_education_ug ,addemployee.f_degree_ug ,addemployee.f_university_ug ,addemployee.f_education_pg ,addemployee.f_degree_pg ,addemployee.f_university_pg ,addemployee.f_additional_skill ,addemployee.f_language ,addemployee.f_others ,addemployee.f_jlpt ,addemployee.f_bank_name ,addemployee.f_bank_branch ,addemployee.f_acc_no ,addemployee.f_ifsc_code ,addemployee.f_description ,addemployee.f_image ,addemployee.f_del_flg ,addemployee.f_reg_account ,addemployee.f_reg_time ,addemployee.f_upd_account ,addemployee.f_upd_time FROM m_addemployee addemployee WHERE addemployee.f_del_flg = '0'
2025/02/28 16:27:59 >> info : execQuery TIME : 0.00150 second
2025/02/28 16:27:59 >> debug : Entering postcute ...
2025/02/28 16:27:59 >> debug : DB Connect Close ... OK
2025/02/28 16:28:06 >> info : * ------------------------------------------------------------ *
2025/02/28 16:28:06 >> info : * Simplan Framework - PHP Web Application Framework
2025/02/28 16:28:06 >> info : * 
2025/02/28 16:28:06 >> info : * Version : 1.1.0
2025/02/28 16:28:06 >> info : * Copyright(c) 2003-2025 THREET CO.,LTD. All Rights Reserved.
2025/02/28 16:28:06 >> info : * http://www.threet.co.jp
2025/02/28 16:28:06 >> info : * ------------------------------------------------------------ *
2025/02/28 16:28:06 >> debug : HTTP_REFERER > https://localhost/simplan/public_html/index.php
2025/02/28 16:28:06 >> debug : SCRIPT_URI > 
2025/02/28 16:28:06 >> debug : REQUEST_URI > /simplan/public_html/index.php
2025/02/28 16:28:06 >> debug : HTTPS > on
2025/02/28 16:28:06 >> debug : HTTPS MODE > on
2025/02/28 16:28:06 >> debug : DEF_COMMAND > cmd
2025/02/28 16:28:06 >> debug : DEF_PROCESS > prc
2025/02/28 16:28:06 >> debug : POST DATA > [prc] : <index>
2025/02/28 16:28:06 >> debug : POST DATA > [cmd] : <login>
2025/02/28 16:28:06 >> debug : POST DATA > [f_login_id] : <mela15>
2025/02/28 16:28:06 >> debug : POST DATA > [f_password] : <mela15>
2025/02/28 16:28:06 >> debug : SESSION start ... OK
2025/02/28 16:28:06 >> info : Process set [index] ... OK
2025/02/28 16:28:06 >> info : Process Name [indexProcess] ... OK
2025/02/28 16:28:06 >> info : Include File [C:\xampp\htdocs\simplan\public_app\mod\user/index/process/indexProcess.php]... OK
2025/02/28 16:28:06 >> info : Class Exists [indexProcess] ... OK
2025/02/28 16:28:06 >> debug : DB Connect ... OK
2025/02/28 16:28:06 >> debug : Entering precute ...
2025/02/28 16:28:06 >> debug : Entering execute ...
2025/02/28 16:28:06 >> debug : indexProcess Entering executeLogin ...
2025/02/28 16:28:06 >> debug : Entering executeLogin ...
2025/02/28 16:28:06 >> info : SimplanAbstractProcess::execCommand -> AbstractCommand::executeProcess > [ m_user/login.sql ]
2025/02/28 16:28:18 >> info : * ------------------------------------------------------------ *
2025/02/28 16:28:18 >> info : * Simplan Framework - PHP Web Application Framework
2025/02/28 16:28:18 >> info : * 
2025/02/28 16:28:18 >> info : * Version : 1.1.0
2025/02/28 16:28:18 >> info : * Copyright(c) 2003-2025 THREET CO.,LTD. All Rights Reserved.
2025/02/28 16:28:18 >> info : * http://www.threet.co.jp
2025/02/28 16:28:18 >> info : * ------------------------------------------------------------ *
2025/02/28 16:28:18 >> debug : HTTP_REFERER > 
2025/02/28 16:28:18 >> debug : SCRIPT_URI > 
2025/02/28 16:28:18 >> debug : REQUEST_URI > /simplan/public_html/index.php
2025/02/28 16:28:18 >> debug : HTTPS > on
2025/02/28 16:28:18 >> debug : HTTPS MODE > on
2025/02/28 16:28:18 >> debug : DEF_COMMAND > cmd
2025/02/28 16:28:18 >> debug : DEF_PROCESS > prc
2025/02/28 16:28:18 >> debug : SESSION start ... OK
2025/02/28 16:28:18 >> info : Process set [index] ... OK
2025/02/28 16:28:18 >> info : Process Name [indexProcess] ... OK
2025/02/28 16:28:18 >> info : Include File [C:\xampp\htdocs\simplan\public_app\mod\user/index/process/indexProcess.php]... OK
2025/02/28 16:28:18 >> info : Class Exists [indexProcess] ... OK
2025/02/28 16:28:18 >> debug : DB Connect ... OK
2025/02/28 16:28:18 >> debug : Entering precute ...
2025/02/28 16:28:18 >> debug : Entering execute ...
2025/02/28 16:28:18 >> debug : indexProcess Entering executeDefault ...
2025/02/28 16:28:18 >> debug : Entering execDefualt ...
2025/02/28 16:28:31 >> info : * ------------------------------------------------------------ *
2025/02/28 16:28:31 >> info : * Simplan Framework - PHP Web Application Framework
2025/02/28 16:28:31 >> info : * 
2025/02/28 16:28:31 >> info : * Version : 1.1.0
2025/02/28 16:28:31 >> info : * Copyright(c) 2003-2025 THREET CO.,LTD. All Rights Reserved.
2025/02/28 16:28:31 >> info : * http://www.threet.co.jp
2025/02/28 16:28:31 >> info : * ------------------------------------------------------------ *
2025/02/28 16:28:31 >> debug : HTTP_REFERER > 
2025/02/28 16:28:31 >> debug : SCRIPT_URI > 
2025/02/28 16:28:31 >> debug : REQUEST_URI > /simplan/public_html/
2025/02/28 16:28:31 >> debug : HTTPS > on
2025/02/28 16:28:31 >> debug : HTTPS MODE > on
2025/02/28 16:28:31 >> debug : DEF_COMMAND > cmd
2025/02/28 16:28:31 >> debug : DEF_PROCESS > prc
2025/02/28 16:28:31 >> debug : SESSION start ... OK
2025/02/28 16:28:31 >> info : Process set [index] ... OK
2025/02/28 16:28:31 >> info : Process Name [indexProcess] ... OK
2025/02/28 16:28:31 >> info : Include File [C:\xampp\htdocs\simplan\public_app\mod\user/index/process/indexProcess.php]... OK
2025/02/28 16:28:31 >> info : Class Exists [indexProcess] ... OK
2025/02/28 16:28:31 >> debug : DB Connect ... OK
2025/02/28 16:28:31 >> debug : Entering precute ...
2025/02/28 16:28:31 >> debug : Entering execute ...
2025/02/28 16:28:31 >> debug : indexProcess Entering executeDefault ...
2025/02/28 16:28:31 >> debug : Entering execDefualt ...
2025/02/28 16:28:31 >> info : Session connection is NG ...
2025/02/28 16:28:31 >> info : SimplanAbstractProcess::execCommand -> AbstractCommand::executeProcess > [ m_addemployee/select_one.sql ]
2025/02/28 16:28:31 >> debug : WideDB_SimplanInterface::QueryExecute >>SELECT addemployee.f_employee_id ,addemployee.f_emp_id ,addemployee.f_name ,addemployee.f_aadhar_number ,addemployee.f_pan_number ,addemployee.f_passport ,date_format(addemployee.f_issue_date, '%Y/%m/%d') as f_issue_date ,date_format(addemployee.f_expiry_date, '%Y/%m/%d') as f_expiry_date ,addemployee.f_gender ,date_format(addemployee.f_date_of_birth, '%Y/%m/%d') as f_date_of_birth ,addemployee.f_age ,addemployee.f_blood_group ,addemployee.f_status ,addemployee.f_address1 ,addemployee.f_address2 ,addemployee.f_city ,addemployee.f_state ,addemployee.f_pincode ,addemployee.f_country ,addemployee.f_mobile_number ,addemployee.f_office_telephone_number ,addemployee.f_office_email ,addemployee.f_personal_mail ,addemployee.f_relation_name ,addemployee.f_relationship ,addemployee.f_occupation ,addemployee.f_address ,addemployee.f_phone_number ,addemployee.f_emp_status ,addemployee.f_category ,addemployee.f_job_title ,addemployee.f_join_date ,addemployee.f_relive_date ,addemployee.f_location ,addemployee.f_experience ,addemployee.f_education_ug ,addemployee.f_degree_ug ,addemployee.f_university_ug ,addemployee.f_education_pg ,addemployee.f_degree_pg ,addemployee.f_university_pg ,addemployee.f_additional_skill ,addemployee.f_language ,addemployee.f_others ,addemployee.f_jlpt ,addemployee.f_bank_name ,addemployee.f_bank_branch ,addemployee.f_acc_no ,addemployee.f_ifsc_code ,addemployee.f_description ,addemployee.f_image ,addemployee.f_del_flg ,addemployee.f_reg_account ,addemployee.f_reg_time ,addemployee.f_upd_account ,addemployee.f_upd_time FROM m_addemployee addemployee WHERE addemployee.f_del_flg = '0'
2025/02/28 16:28:31 >> info : execQuery TIME : 0.00099 second
2025/02/28 16:28:31 >> debug : Entering postcute ...
2025/02/28 16:28:31 >> debug : DB Connect Close ... OK
2025/02/28 16:28:38 >> info : * ------------------------------------------------------------ *
2025/02/28 16:28:38 >> info : * Simplan Framework - PHP Web Application Framework
2025/02/28 16:28:38 >> info : * 
2025/02/28 16:28:38 >> info : * Version : 1.1.0
2025/02/28 16:28:38 >> info : * Copyright(c) 2003-2025 THREET CO.,LTD. All Rights Reserved.
2025/02/28 16:28:38 >> info : * http://www.threet.co.jp
2025/02/28 16:28:38 >> info : * ------------------------------------------------------------ *
2025/02/28 16:28:38 >> debug : HTTP_REFERER > https://localhost/simplan/public_html/
2025/02/28 16:28:38 >> debug : SCRIPT_URI > 
2025/02/28 16:28:38 >> debug : REQUEST_URI > /simplan/public_html/index.php
2025/02/28 16:28:38 >> debug : HTTPS > on
2025/02/28 16:28:38 >> debug : HTTPS MODE > on
2025/02/28 16:28:38 >> debug : DEF_COMMAND > cmd
2025/02/28 16:28:38 >> debug : DEF_PROCESS > prc
2025/02/28 16:28:38 >> debug : POST DATA > [prc] : <index>
2025/02/28 16:28:38 >> debug : POST DATA > [cmd] : <login>
2025/02/28 16:28:38 >> debug : POST DATA > [f_login_id] : <mela15>
2025/02/28 16:28:38 >> debug : POST DATA > [f_password] : <mela15>
2025/02/28 16:28:38 >> debug : SESSION start ... OK
2025/02/28 16:28:38 >> info : Process set [index] ... OK
2025/02/28 16:28:38 >> info : Process Name [indexProcess] ... OK
2025/02/28 16:28:38 >> info : Include File [C:\xampp\htdocs\simplan\public_app\mod\user/index/process/indexProcess.php]... OK
2025/02/28 16:28:38 >> info : Class Exists [indexProcess] ... OK
2025/02/28 16:28:38 >> debug : DB Connect ... OK
2025/02/28 16:28:38 >> debug : Entering precute ...
2025/02/28 16:28:38 >> debug : Entering execute ...
2025/02/28 16:28:38 >> debug : indexProcess Entering executeLogin ...
2025/02/28 16:28:38 >> debug : Entering executeLogin ...
2025/02/28 16:28:38 >> info : SimplanAbstractProcess::execCommand -> AbstractCommand::executeProcess > [ m_user/login.sql ]
2025/02/28 16:28:53 >> info : * ------------------------------------------------------------ *
2025/02/28 16:28:53 >> info : * Simplan Framework - PHP Web Application Framework
2025/02/28 16:28:53 >> info : * 
2025/02/28 16:28:53 >> info : * Version : 1.1.0
2025/02/28 16:28:53 >> info : * Copyright(c) 2003-2025 THREET CO.,LTD. All Rights Reserved.
2025/02/28 16:28:53 >> info : * http://www.threet.co.jp
2025/02/28 16:28:53 >> info : * ------------------------------------------------------------ *
2025/02/28 16:28:53 >> debug : HTTP_REFERER > 
2025/02/28 16:28:53 >> debug : SCRIPT_URI > 
2025/02/28 16:28:53 >> debug : REQUEST_URI > /simplan/public_html/
2025/02/28 16:28:53 >> debug : HTTPS > on
2025/02/28 16:28:53 >> debug : HTTPS MODE > on
2025/02/28 16:28:53 >> debug : DEF_COMMAND > cmd
2025/02/28 16:28:53 >> debug : DEF_PROCESS > prc
2025/02/28 16:28:53 >> debug : SESSION start ... OK
2025/02/28 16:28:53 >> info : Process set [index] ... OK
2025/02/28 16:28:53 >> info : Process Name [indexProcess] ... OK
2025/02/28 16:28:53 >> info : Include File [C:\xampp\htdocs\simplan\public_app\mod\user/index/process/indexProcess.php]... OK
2025/02/28 16:28:53 >> info : Class Exists [indexProcess] ... OK
2025/02/28 16:28:53 >> debug : DB Connect ... OK
2025/02/28 16:28:53 >> debug : Entering precute ...
2025/02/28 16:28:53 >> debug : Entering execute ...
2025/02/28 16:28:53 >> debug : indexProcess Entering executeDefault ...
2025/02/28 16:28:53 >> debug : Entering execDefualt ...
2025/02/28 16:28:58 >> info : * ------------------------------------------------------------ *
2025/02/28 16:28:58 >> info : * Simplan Framework - PHP Web Application Framework
2025/02/28 16:28:58 >> info : * 
2025/02/28 16:28:58 >> info : * Version : 1.1.0
2025/02/28 16:28:58 >> info : * Copyright(c) 2003-2025 THREET CO.,LTD. All Rights Reserved.
2025/02/28 16:28:58 >> info : * http://www.threet.co.jp
2025/02/28 16:28:58 >> info : * ------------------------------------------------------------ *
2025/02/28 16:28:58 >> debug : HTTP_REFERER > 
2025/02/28 16:28:58 >> debug : SCRIPT_URI > 
2025/02/28 16:28:58 >> debug : REQUEST_URI > /simplan/public_html/
2025/02/28 16:28:58 >> debug : HTTPS > on
2025/02/28 16:28:58 >> debug : HTTPS MODE > on
2025/02/28 16:28:58 >> debug : DEF_COMMAND > cmd
2025/02/28 16:28:58 >> debug : DEF_PROCESS > prc
2025/02/28 16:28:58 >> debug : SESSION start ... OK
2025/02/28 16:28:58 >> info : Process set [index] ... OK
2025/02/28 16:28:58 >> info : Process Name [indexProcess] ... OK
2025/02/28 16:28:58 >> info : Include File [C:\xampp\htdocs\simplan\public_app\mod\user/index/process/indexProcess.php]... OK
2025/02/28 16:28:58 >> info : Class Exists [indexProcess] ... OK
2025/02/28 16:28:58 >> debug : DB Connect ... OK
2025/02/28 16:28:58 >> debug : Entering precute ...
2025/02/28 16:28:58 >> debug : Entering execute ...
2025/02/28 16:28:58 >> debug : indexProcess Entering executeDefault ...
2025/02/28 16:28:58 >> debug : Entering execDefualt ...
2025/02/28 16:28:58 >> info : Session connection is NG ...
2025/02/28 16:28:58 >> info : SimplanAbstractProcess::execCommand -> AbstractCommand::executeProcess > [ m_addemployee/select_one.sql ]
2025/02/28 16:28:58 >> debug : WideDB_SimplanInterface::QueryExecute >>SELECT addemployee.f_employee_id ,addemployee.f_emp_id ,addemployee.f_name ,addemployee.f_aadhar_number ,addemployee.f_pan_number ,addemployee.f_passport ,date_format(addemployee.f_issue_date, '%Y/%m/%d') as f_issue_date ,date_format(addemployee.f_expiry_date, '%Y/%m/%d') as f_expiry_date ,addemployee.f_gender ,date_format(addemployee.f_date_of_birth, '%Y/%m/%d') as f_date_of_birth ,addemployee.f_age ,addemployee.f_blood_group ,addemployee.f_status ,addemployee.f_address1 ,addemployee.f_address2 ,addemployee.f_city ,addemployee.f_state ,addemployee.f_pincode ,addemployee.f_country ,addemployee.f_mobile_number ,addemployee.f_office_telephone_number ,addemployee.f_office_email ,addemployee.f_personal_mail ,addemployee.f_relation_name ,addemployee.f_relationship ,addemployee.f_occupation ,addemployee.f_address ,addemployee.f_phone_number ,addemployee.f_emp_status ,addemployee.f_category ,addemployee.f_job_title ,addemployee.f_join_date ,addemployee.f_relive_date ,addemployee.f_location ,addemployee.f_experience ,addemployee.f_education_ug ,addemployee.f_degree_ug ,addemployee.f_university_ug ,addemployee.f_education_pg ,addemployee.f_degree_pg ,addemployee.f_university_pg ,addemployee.f_additional_skill ,addemployee.f_language ,addemployee.f_others ,addemployee.f_jlpt ,addemployee.f_bank_name ,addemployee.f_bank_branch ,addemployee.f_acc_no ,addemployee.f_ifsc_code ,addemployee.f_description ,addemployee.f_image ,addemployee.f_del_flg ,addemployee.f_reg_account ,addemployee.f_reg_time ,addemployee.f_upd_account ,addemployee.f_upd_time FROM m_addemployee addemployee WHERE addemployee.f_del_flg = '0'
2025/02/28 16:28:58 >> info : execQuery TIME : 0.00109 second
2025/02/28 16:28:58 >> debug : Entering postcute ...
2025/02/28 16:28:58 >> debug : DB Connect Close ... OK
2025/02/28 16:29:08 >> info : * ------------------------------------------------------------ *
2025/02/28 16:29:08 >> info : * Simplan Framework - PHP Web Application Framework
2025/02/28 16:29:08 >> info : * 
2025/02/28 16:29:08 >> info : * Version : 1.1.0
2025/02/28 16:29:08 >> info : * Copyright(c) 2003-2025 THREET CO.,LTD. All Rights Reserved.
2025/02/28 16:29:08 >> info : * http://www.threet.co.jp
2025/02/28 16:29:08 >> info : * ------------------------------------------------------------ *
2025/02/28 16:29:08 >> debug : HTTP_REFERER > https://localhost/simplan/public_html/
2025/02/28 16:29:08 >> debug : SCRIPT_URI > 
2025/02/28 16:29:08 >> debug : REQUEST_URI > /simplan/public_html/index.php
2025/02/28 16:29:08 >> debug : HTTPS > on
2025/02/28 16:29:08 >> debug : HTTPS MODE > on
2025/02/28 16:29:08 >> debug : DEF_COMMAND > cmd
2025/02/28 16:29:08 >> debug : DEF_PROCESS > prc
2025/02/28 16:29:08 >> debug : POST DATA > [prc] : <index>
2025/02/28 16:29:08 >> debug : POST DATA > [cmd] : <login>
2025/02/28 16:29:08 >> debug : POST DATA > [f_login_id] : <mela15>
2025/02/28 16:29:08 >> debug : POST DATA > [f_password] : <mela15>
2025/02/28 16:29:08 >> debug : SESSION start ... OK
2025/02/28 16:29:08 >> info : Process set [index] ... OK
2025/02/28 16:29:08 >> info : Process Name [indexProcess] ... OK
2025/02/28 16:29:09 >> info : Include File [C:\xampp\htdocs\simplan\public_app\mod\user/index/process/indexProcess.php]... OK
2025/02/28 16:29:09 >> info : Class Exists [indexProcess] ... OK
2025/02/28 16:29:09 >> debug : DB Connect ... OK
2025/02/28 16:29:09 >> debug : Entering precute ...
2025/02/28 16:29:09 >> debug : Entering execute ...
2025/02/28 16:29:09 >> debug : indexProcess Entering executeLogin ...
2025/02/28 16:29:09 >> debug : Entering executeLogin ...
2025/02/28 16:29:09 >> info : SimplanAbstractProcess::execCommand -> AbstractCommand::executeProcess > [ m_user/login.sql ]
2025/02/28 16:42:57 >> info : * ------------------------------------------------------------ *
2025/02/28 16:42:57 >> info : * Simplan Framework - PHP Web Application Framework
2025/02/28 16:42:57 >> info : * 
2025/02/28 16:42:57 >> info : * Version : 1.1.0
2025/02/28 16:42:57 >> info : * Copyright(c) 2003-2025 THREET CO.,LTD. All Rights Reserved.
2025/02/28 16:42:57 >> info : * http://www.threet.co.jp
2025/02/28 16:42:57 >> info : * ------------------------------------------------------------ *
2025/02/28 16:42:57 >> debug : HTTP_REFERER > https://localhost/simplan/public_html/
2025/02/28 16:42:57 >> debug : SCRIPT_URI > 
2025/02/28 16:42:57 >> debug : REQUEST_URI > /simplan/public_html/index.php
2025/02/28 16:42:57 >> debug : HTTPS > on
2025/02/28 16:42:57 >> debug : HTTPS MODE > on
2025/02/28 16:42:57 >> debug : DEF_COMMAND > cmd
2025/02/28 16:42:57 >> debug : DEF_PROCESS > prc
2025/02/28 16:42:57 >> debug : POST DATA > [prc] : <index>
2025/02/28 16:42:57 >> debug : POST DATA > [cmd] : <login>
2025/02/28 16:42:57 >> debug : POST DATA > [f_login_id] : <mela15>
2025/02/28 16:42:57 >> debug : POST DATA > [f_password] : <mela15>
2025/02/28 16:42:57 >> debug : SESSION start ... OK
2025/02/28 16:42:57 >> info : Process set [index] ... OK
2025/02/28 16:42:57 >> info : Process Name [indexProcess] ... OK
2025/02/28 16:42:57 >> info : Include File [C:\xampp\htdocs\simplan\public_app\mod\user/index/process/indexProcess.php]... OK
2025/02/28 16:42:57 >> info : Class Exists [indexProcess] ... OK
2025/02/28 16:42:57 >> debug : DB Connect ... OK
2025/02/28 16:42:57 >> debug : Entering precute ...
2025/02/28 16:42:57 >> debug : Entering execute ...
2025/02/28 16:42:57 >> debug : indexProcess Entering executeLogin ...
2025/02/28 16:42:57 >> debug : Entering executeLogin ...
2025/02/28 16:42:57 >> info : SimplanAbstractProcess::execCommand -> AbstractCommand::executeProcess > [ m_user/login.sql ]
2025/02/28 16:43:29 >> info : * ------------------------------------------------------------ *
2025/02/28 16:43:29 >> info : * Simplan Framework - PHP Web Application Framework
2025/02/28 16:43:29 >> info : * 
2025/02/28 16:43:29 >> info : * Version : 1.1.0
2025/02/28 16:43:29 >> info : * Copyright(c) 2003-2025 THREET CO.,LTD. All Rights Reserved.
2025/02/28 16:43:29 >> info : * http://www.threet.co.jp
2025/02/28 16:43:29 >> info : * ------------------------------------------------------------ *
2025/02/28 16:43:29 >> debug : HTTP_REFERER > https://localhost/simplan/public_html/
2025/02/28 16:43:29 >> debug : SCRIPT_URI > 
2025/02/28 16:43:29 >> debug : REQUEST_URI > /simplan/public_html/index.php
2025/02/28 16:43:29 >> debug : HTTPS > on
2025/02/28 16:43:29 >> debug : HTTPS MODE > on
2025/02/28 16:43:29 >> debug : DEF_COMMAND > cmd
2025/02/28 16:43:29 >> debug : DEF_PROCESS > prc
2025/02/28 16:43:29 >> debug : POST DATA > [prc] : <index>
2025/02/28 16:43:29 >> debug : POST DATA > [cmd] : <login>
2025/02/28 16:43:29 >> debug : POST DATA > [f_login_id] : <mela15>
2025/02/28 16:43:29 >> debug : POST DATA > [f_password] : <mela15>
2025/02/28 16:43:29 >> debug : SESSION start ... OK
2025/02/28 16:43:29 >> info : Process set [index] ... OK
2025/02/28 16:43:29 >> info : Process Name [indexProcess] ... OK
2025/02/28 16:43:29 >> info : Include File [C:\xampp\htdocs\simplan\public_app\mod\user/index/process/indexProcess.php]... OK
2025/02/28 16:43:29 >> info : Class Exists [indexProcess] ... OK
2025/02/28 16:43:29 >> debug : DB Connect ... OK
2025/02/28 16:43:30 >> debug : Entering precute ...
2025/02/28 16:43:30 >> debug : Entering execute ...
2025/02/28 16:43:30 >> debug : indexProcess Entering executeLogin ...
2025/02/28 16:43:30 >> debug : Entering executeLogin ...
2025/02/28 16:43:30 >> info : SimplanAbstractProcess::execCommand -> AbstractCommand::executeProcess > [ m_user/login.sql ]
2025/02/28 16:43:32 >> info : * ------------------------------------------------------------ *
2025/02/28 16:43:32 >> info : * Simplan Framework - PHP Web Application Framework
2025/02/28 16:43:32 >> info : * 
2025/02/28 16:43:32 >> info : * Version : 1.1.0
2025/02/28 16:43:32 >> info : * Copyright(c) 2003-2025 THREET CO.,LTD. All Rights Reserved.
2025/02/28 16:43:32 >> info : * http://www.threet.co.jp
2025/02/28 16:43:32 >> info : * ------------------------------------------------------------ *
2025/02/28 16:43:32 >> debug : HTTP_REFERER > 
2025/02/28 16:43:32 >> debug : SCRIPT_URI > 
2025/02/28 16:43:32 >> debug : REQUEST_URI > /simplan/public_html/
2025/02/28 16:43:32 >> debug : HTTPS > on
2025/02/28 16:43:32 >> debug : HTTPS MODE > on
2025/02/28 16:43:32 >> debug : DEF_COMMAND > cmd
2025/02/28 16:43:32 >> debug : DEF_PROCESS > prc
2025/02/28 16:43:32 >> debug : SESSION start ... OK
2025/02/28 16:43:32 >> info : Process set [index] ... OK
2025/02/28 16:43:32 >> info : Process Name [indexProcess] ... OK
2025/02/28 16:43:32 >> info : Include File [C:\xampp\htdocs\simplan\public_app\mod\user/index/process/indexProcess.php]... OK
2025/02/28 16:43:32 >> info : Class Exists [indexProcess] ... OK
2025/02/28 16:43:32 >> debug : DB Connect ... OK
2025/02/28 16:43:32 >> debug : Entering precute ...
2025/02/28 16:43:32 >> debug : Entering execute ...
2025/02/28 16:43:32 >> debug : indexProcess Entering executeDefault ...
2025/02/28 16:43:58 >> info : * ------------------------------------------------------------ *
2025/02/28 16:43:58 >> info : * Simplan Framework - PHP Web Application Framework
2025/02/28 16:43:58 >> info : * 
2025/02/28 16:43:58 >> info : * Version : 1.1.0
2025/02/28 16:43:58 >> info : * Copyright(c) 2003-2025 THREET CO.,LTD. All Rights Reserved.
2025/02/28 16:43:58 >> info : * http://www.threet.co.jp
2025/02/28 16:43:58 >> info : * ------------------------------------------------------------ *
2025/02/28 16:43:58 >> debug : HTTP_REFERER > 
2025/02/28 16:43:58 >> debug : SCRIPT_URI > 
2025/02/28 16:43:58 >> debug : REQUEST_URI > /simplan/public_html/
2025/02/28 16:43:58 >> debug : HTTPS > on
2025/02/28 16:43:58 >> debug : HTTPS MODE > on
2025/02/28 16:43:58 >> debug : DEF_COMMAND > cmd
2025/02/28 16:43:58 >> debug : DEF_PROCESS > prc
2025/02/28 16:43:58 >> debug : SESSION start ... OK
2025/02/28 16:43:58 >> info : Process set [index] ... OK
2025/02/28 16:43:58 >> info : Process Name [indexProcess] ... OK
2025/02/28 16:43:58 >> info : Include File [C:\xampp\htdocs\simplan\public_app\mod\user/index/process/indexProcess.php]... OK
2025/02/28 16:43:58 >> info : Class Exists [indexProcess] ... OK
2025/02/28 16:43:58 >> debug : DB Connect ... OK
2025/02/28 16:43:58 >> debug : Entering precute ...
2025/02/28 16:43:58 >> debug : Entering execute ...
2025/02/28 16:43:58 >> debug : indexProcess Entering executeDefault ...
2025/02/28 16:43:58 >> debug : Entering execDefualt ...
2025/02/28 16:44:13 >> info : * ------------------------------------------------------------ *
2025/02/28 16:44:13 >> info : * Simplan Framework - PHP Web Application Framework
2025/02/28 16:44:13 >> info : * 
2025/02/28 16:44:13 >> info : * Version : 1.1.0
2025/02/28 16:44:13 >> info : * Copyright(c) 2003-2025 THREET CO.,LTD. All Rights Reserved.
2025/02/28 16:44:13 >> info : * http://www.threet.co.jp
2025/02/28 16:44:13 >> info : * ------------------------------------------------------------ *
2025/02/28 16:44:13 >> debug : HTTP_REFERER > 
2025/02/28 16:44:13 >> debug : SCRIPT_URI > 
2025/02/28 16:44:13 >> debug : REQUEST_URI > /simplan/public_html/
2025/02/28 16:44:13 >> debug : HTTPS > on
2025/02/28 16:44:13 >> debug : HTTPS MODE > on
2025/02/28 16:44:13 >> debug : DEF_COMMAND > cmd
2025/02/28 16:44:13 >> debug : DEF_PROCESS > prc
2025/02/28 16:44:13 >> debug : SESSION start ... OK
2025/02/28 16:44:13 >> info : Process set [index] ... OK
2025/02/28 16:44:13 >> info : Process Name [indexProcess] ... OK
2025/02/28 16:44:13 >> info : Include File [C:\xampp\htdocs\simplan\public_app\mod\user/index/process/indexProcess.php]... OK
2025/02/28 16:44:13 >> info : Class Exists [indexProcess] ... OK
2025/02/28 16:44:13 >> debug : DB Connect ... OK
2025/02/28 16:44:13 >> debug : Entering precute ...
2025/02/28 16:44:13 >> debug : Entering execute ...
2025/02/28 16:44:13 >> debug : indexProcess Entering executeDefault ...
2025/02/28 16:44:13 >> debug : Entering execDefualt ...
2025/02/28 16:44:13 >> info : Session connection is NG ...
2025/02/28 16:44:13 >> info : SimplanAbstractProcess::execCommand -> AbstractCommand::executeProcess > [ m_addemployee/select_one.sql ]
2025/02/28 16:44:13 >> debug : WideDB_SimplanInterface::QueryExecute >>SELECT addemployee.f_employee_id ,addemployee.f_emp_id ,addemployee.f_name ,addemployee.f_aadhar_number ,addemployee.f_pan_number ,addemployee.f_passport ,date_format(addemployee.f_issue_date, '%Y/%m/%d') as f_issue_date ,date_format(addemployee.f_expiry_date, '%Y/%m/%d') as f_expiry_date ,addemployee.f_gender ,date_format(addemployee.f_date_of_birth, '%Y/%m/%d') as f_date_of_birth ,addemployee.f_age ,addemployee.f_blood_group ,addemployee.f_status ,addemployee.f_address1 ,addemployee.f_address2 ,addemployee.f_city ,addemployee.f_state ,addemployee.f_pincode ,addemployee.f_country ,addemployee.f_mobile_number ,addemployee.f_office_telephone_number ,addemployee.f_office_email ,addemployee.f_personal_mail ,addemployee.f_relation_name ,addemployee.f_relationship ,addemployee.f_occupation ,addemployee.f_address ,addemployee.f_phone_number ,addemployee.f_emp_status ,addemployee.f_category ,addemployee.f_job_title ,addemployee.f_join_date ,addemployee.f_relive_date ,addemployee.f_location ,addemployee.f_experience ,addemployee.f_education_ug ,addemployee.f_degree_ug ,addemployee.f_university_ug ,addemployee.f_education_pg ,addemployee.f_degree_pg ,addemployee.f_university_pg ,addemployee.f_additional_skill ,addemployee.f_language ,addemployee.f_others ,addemployee.f_jlpt ,addemployee.f_bank_name ,addemployee.f_bank_branch ,addemployee.f_acc_no ,addemployee.f_ifsc_code ,addemployee.f_description ,addemployee.f_image ,addemployee.f_del_flg ,addemployee.f_reg_account ,addemployee.f_reg_time ,addemployee.f_upd_account ,addemployee.f_upd_time FROM m_addemployee addemployee WHERE addemployee.f_del_flg = '0'
2025/02/28 16:44:13 >> info : execQuery TIME : 0.00148 second
2025/02/28 16:44:13 >> debug : Entering postcute ...
2025/02/28 16:44:13 >> debug : DB Connect Close ... OK
2025/02/28 16:44:21 >> info : * ------------------------------------------------------------ *
2025/02/28 16:44:21 >> info : * Simplan Framework - PHP Web Application Framework
2025/02/28 16:44:21 >> info : * 
2025/02/28 16:44:21 >> info : * Version : 1.1.0
2025/02/28 16:44:21 >> info : * Copyright(c) 2003-2025 THREET CO.,LTD. All Rights Reserved.
2025/02/28 16:44:21 >> info : * http://www.threet.co.jp
2025/02/28 16:44:21 >> info : * ------------------------------------------------------------ *
2025/02/28 16:44:21 >> debug : HTTP_REFERER > https://localhost/simplan/public_html/
2025/02/28 16:44:21 >> debug : SCRIPT_URI > 
2025/02/28 16:44:21 >> debug : REQUEST_URI > /simplan/public_html/index.php
2025/02/28 16:44:21 >> debug : HTTPS > on
2025/02/28 16:44:21 >> debug : HTTPS MODE > on
2025/02/28 16:44:21 >> debug : DEF_COMMAND > cmd
2025/02/28 16:44:21 >> debug : DEF_PROCESS > prc
2025/02/28 16:44:21 >> debug : POST DATA > [prc] : <index>
2025/02/28 16:44:21 >> debug : POST DATA > [cmd] : <login>
2025/02/28 16:44:21 >> debug : POST DATA > [f_login_id] : <mela15>
2025/02/28 16:44:21 >> debug : POST DATA > [f_password] : < mela15>
2025/02/28 16:44:21 >> debug : SESSION start ... OK
2025/02/28 16:44:21 >> info : Process set [index] ... OK
2025/02/28 16:44:21 >> info : Process Name [indexProcess] ... OK
2025/02/28 16:44:21 >> info : Include File [C:\xampp\htdocs\simplan\public_app\mod\user/index/process/indexProcess.php]... OK
2025/02/28 16:44:21 >> info : Class Exists [indexProcess] ... OK
2025/02/28 16:44:21 >> debug : DB Connect ... OK
2025/02/28 16:44:21 >> debug : Entering precute ...
2025/02/28 16:44:21 >> debug : Entering execute ...
2025/02/28 16:44:21 >> debug : indexProcess Entering executeLogin ...
2025/02/28 16:44:21 >> debug : Entering executeLogin ...
2025/02/28 16:44:21 >> info : SimplanAbstractProcess::execCommand -> AbstractCommand::executeProcess > [ m_user/login.sql ]
2025/02/28 16:46:16 >> info : * ------------------------------------------------------------ *
2025/02/28 16:46:16 >> info : * Simplan Framework - PHP Web Application Framework
2025/02/28 16:46:16 >> info : * 
2025/02/28 16:46:16 >> info : * Version : 1.1.0
2025/02/28 16:46:16 >> info : * Copyright(c) 2003-2025 THREET CO.,LTD. All Rights Reserved.
2025/02/28 16:46:16 >> info : * http://www.threet.co.jp
2025/02/28 16:46:16 >> info : * ------------------------------------------------------------ *
2025/02/28 16:46:16 >> debug : HTTP_REFERER > https://localhost/simplan/public_html/
2025/02/28 16:46:16 >> debug : SCRIPT_URI > 
2025/02/28 16:46:16 >> debug : REQUEST_URI > /simplan/public_html/index.php
2025/02/28 16:46:16 >> debug : HTTPS > on
2025/02/28 16:46:16 >> debug : HTTPS MODE > on
2025/02/28 16:46:16 >> debug : DEF_COMMAND > cmd
2025/02/28 16:46:16 >> debug : DEF_PROCESS > prc
2025/02/28 16:46:16 >> debug : POST DATA > [prc] : <index>
2025/02/28 16:46:16 >> debug : POST DATA > [cmd] : <login>
2025/02/28 16:46:16 >> debug : POST DATA > [f_login_id] : <mela15>
2025/02/28 16:46:16 >> debug : POST DATA > [f_password] : < mela15>
2025/02/28 16:46:16 >> debug : SESSION start ... OK
2025/02/28 16:46:16 >> info : Process set [index] ... OK
2025/02/28 16:46:16 >> info : Process Name [indexProcess] ... OK
2025/02/28 16:46:16 >> info : Include File [C:\xampp\htdocs\simplan\public_app\mod\user/index/process/indexProcess.php]... OK
2025/02/28 16:46:16 >> info : Class Exists [indexProcess] ... OK
2025/02/28 16:46:16 >> debug : DB Connect ... OK
2025/02/28 16:46:16 >> debug : Entering precute ...
2025/02/28 16:46:16 >> debug : Entering execute ...
2025/02/28 16:46:16 >> debug : indexProcess Entering executeLogin ...
2025/02/28 16:46:16 >> debug : Entering executeLogin ...
2025/02/28 16:46:16 >> info : SimplanAbstractProcess::execCommand -> AbstractCommand::executeProcess > [ m_user/login.sql ]
2025/02/28 16:50:11 >> info : * ------------------------------------------------------------ *
2025/02/28 16:50:11 >> info : * Simplan Framework - PHP Web Application Framework
2025/02/28 16:50:11 >> info : * 
2025/02/28 16:50:11 >> info : * Version : 1.1.0
2025/02/28 16:50:11 >> info : * Copyright(c) 2003-2025 THREET CO.,LTD. All Rights Reserved.
2025/02/28 16:50:11 >> info : * http://www.threet.co.jp
2025/02/28 16:50:11 >> info : * ------------------------------------------------------------ *
2025/02/28 16:50:11 >> debug : HTTP_REFERER > https://localhost/simplan/public_html/
2025/02/28 16:50:11 >> debug : SCRIPT_URI > 
2025/02/28 16:50:11 >> debug : REQUEST_URI > /simplan/public_html/index.php
2025/02/28 16:50:11 >> debug : HTTPS > on
2025/02/28 16:50:11 >> debug : HTTPS MODE > on
2025/02/28 16:50:11 >> debug : DEF_COMMAND > cmd
2025/02/28 16:50:11 >> debug : DEF_PROCESS > prc
2025/02/28 16:50:11 >> debug : POST DATA > [prc] : <index>
2025/02/28 16:50:11 >> debug : POST DATA > [cmd] : <login>
2025/02/28 16:50:11 >> debug : POST DATA > [f_login_id] : <mela15>
2025/02/28 16:50:11 >> debug : POST DATA > [f_password] : < mela15>
2025/02/28 16:50:11 >> debug : SESSION start ... OK
2025/02/28 16:50:11 >> info : Process set [index] ... OK
2025/02/28 16:50:11 >> info : Process Name [indexProcess] ... OK
2025/02/28 16:50:11 >> info : Include File [C:\xampp\htdocs\simplan\public_app\mod\user/index/process/indexProcess.php]... OK
2025/02/28 16:50:11 >> info : Class Exists [indexProcess] ... OK
2025/02/28 16:50:11 >> debug : DB Connect ... OK
2025/02/28 16:50:11 >> debug : Entering precute ...
2025/02/28 16:50:11 >> debug : Entering execute ...
2025/02/28 16:50:11 >> debug : indexProcess Entering executeLogin ...
2025/02/28 16:50:11 >> debug : Entering executeLogin ...
2025/02/28 16:50:11 >> info : SimplanAbstractProcess::execCommand -> AbstractCommand::executeProcess > [ m_user/login.sql ]
2025/02/28 16:50:11 >> debug : WideDB_SimplanInterface::QueryExecute >>SELECT user.f_user_id ,user.f_name ,user.f_surname_kana ,user.f_mailaddress ,user.f_login_id ,user.f_password ,user.f_del_flg ,user.f_reg_account ,user.f_reg_time ,user.f_upd_account ,user.f_upd_time FROM m_user user WHERE user.f_login_id = 'mela15' AND user.f_password = ' mela15' AND user.f_del_flg = '0'
2025/02/28 16:50:11 >> info : execQuery TIME : 0.00116 second
2025/02/28 16:50:11 >> debug : indexProcessError executeLogin ... NG
2025/02/28 16:50:11 >> debug : Entering postcute ...
2025/02/28 16:50:11 >> debug : DB Connect Close ... OK
2025/02/28 16:50:17 >> info : * ------------------------------------------------------------ *
2025/02/28 16:50:17 >> info : * Simplan Framework - PHP Web Application Framework
2025/02/28 16:50:17 >> info : * 
2025/02/28 16:50:17 >> info : * Version : 1.1.0
2025/02/28 16:50:17 >> info : * Copyright(c) 2003-2025 THREET CO.,LTD. All Rights Reserved.
2025/02/28 16:50:17 >> info : * http://www.threet.co.jp
2025/02/28 16:50:17 >> info : * ------------------------------------------------------------ *
2025/02/28 16:50:17 >> debug : HTTP_REFERER > https://localhost/simplan/public_html/index.php
2025/02/28 16:50:17 >> debug : SCRIPT_URI > 
2025/02/28 16:50:17 >> debug : REQUEST_URI > /simplan/public_html/index.php
2025/02/28 16:50:17 >> debug : HTTPS > on
2025/02/28 16:50:17 >> debug : HTTPS MODE > on
2025/02/28 16:50:17 >> debug : DEF_COMMAND > cmd
2025/02/28 16:50:17 >> debug : DEF_PROCESS > prc
2025/02/28 16:50:17 >> debug : POST DATA > [prc] : <index>
2025/02/28 16:50:17 >> debug : POST DATA > [cmd] : <login>
2025/02/28 16:50:17 >> debug : POST DATA > [f_login_id] : <mela15>
2025/02/28 16:50:17 >> debug : POST DATA > [f_password] : <mela15>
2025/02/28 16:50:17 >> debug : SESSION start ... OK
2025/02/28 16:50:17 >> info : Process set [index] ... OK
2025/02/28 16:50:17 >> info : Process Name [indexProcess] ... OK
2025/02/28 16:50:17 >> info : Include File [C:\xampp\htdocs\simplan\public_app\mod\user/index/process/indexProcess.php]... OK
2025/02/28 16:50:17 >> info : Class Exists [indexProcess] ... OK
2025/02/28 16:50:17 >> debug : DB Connect ... OK
2025/02/28 16:50:17 >> debug : Entering precute ...
2025/02/28 16:50:17 >> debug : Entering execute ...
2025/02/28 16:50:17 >> debug : indexProcess Entering executeLogin ...
2025/02/28 16:50:17 >> debug : Entering executeLogin ...
2025/02/28 16:50:17 >> info : SimplanAbstractProcess::execCommand -> AbstractCommand::executeProcess > [ m_user/login.sql ]
2025/02/28 16:50:17 >> debug : WideDB_SimplanInterface::QueryExecute >>SELECT user.f_user_id ,user.f_name ,user.f_surname_kana ,user.f_mailaddress ,user.f_login_id ,user.f_password ,user.f_del_flg ,user.f_reg_account ,user.f_reg_time ,user.f_upd_account ,user.f_upd_time FROM m_user user WHERE user.f_login_id = 'mela15' AND user.f_password = 'mela15' AND user.f_del_flg = '0'
2025/02/28 16:50:17 >> info : execQuery TIME : 0.00084 second
2025/02/28 16:50:17 >> info : SimplanAbstractProcess::execCommand -> AbstractCommand::executeProcess > [ m_addemployee/select_one.sql ]
2025/02/28 16:50:17 >> debug : WideDB_SimplanInterface::QueryExecute >>SELECT addemployee.f_employee_id ,addemployee.f_emp_id ,addemployee.f_name ,addemployee.f_aadhar_number ,addemployee.f_pan_number ,addemployee.f_passport ,date_format(addemployee.f_issue_date, '%Y/%m/%d') as f_issue_date ,date_format(addemployee.f_expiry_date, '%Y/%m/%d') as f_expiry_date ,addemployee.f_gender ,date_format(addemployee.f_date_of_birth, '%Y/%m/%d') as f_date_of_birth ,addemployee.f_age ,addemployee.f_blood_group ,addemployee.f_status ,addemployee.f_address1 ,addemployee.f_address2 ,addemployee.f_city ,addemployee.f_state ,addemployee.f_pincode ,addemployee.f_country ,addemployee.f_mobile_number ,addemployee.f_office_telephone_number ,addemployee.f_office_email ,addemployee.f_personal_mail ,addemployee.f_relation_name ,addemployee.f_relationship ,addemployee.f_occupation ,addemployee.f_address ,addemployee.f_phone_number ,addemployee.f_emp_status ,addemployee.f_category ,addemployee.f_job_title ,addemployee.f_join_date ,addemployee.f_relive_date ,addemployee.f_location ,addemployee.f_experience ,addemployee.f_education_ug ,addemployee.f_degree_ug ,addemployee.f_university_ug ,addemployee.f_education_pg ,addemployee.f_degree_pg ,addemployee.f_university_pg ,addemployee.f_additional_skill ,addemployee.f_language ,addemployee.f_others ,addemployee.f_jlpt ,addemployee.f_bank_name ,addemployee.f_bank_branch ,addemployee.f_acc_no ,addemployee.f_ifsc_code ,addemployee.f_description ,addemployee.f_image ,addemployee.f_del_flg ,addemployee.f_reg_account ,addemployee.f_reg_time ,addemployee.f_upd_account ,addemployee.f_upd_time FROM m_addemployee addemployee WHERE addemployee.f_del_flg = '0'
2025/02/28 16:50:17 >> info : execQuery TIME : 0.00104 second
2025/02/28 16:50:17 >> debug : DB Start Transaction ... OK
2025/02/28 16:54:01 >> info : * ------------------------------------------------------------ *
2025/02/28 16:54:01 >> info : * Simplan Framework - PHP Web Application Framework
2025/02/28 16:54:01 >> info : * 
2025/02/28 16:54:01 >> info : * Version : 1.1.0
2025/02/28 16:54:01 >> info : * Copyright(c) 2003-2025 THREET CO.,LTD. All Rights Reserved.
2025/02/28 16:54:01 >> info : * http://www.threet.co.jp
2025/02/28 16:54:01 >> info : * ------------------------------------------------------------ *
2025/02/28 16:54:01 >> debug : HTTP_REFERER > https://localhost/simplan/public_html/index.php
2025/02/28 16:54:01 >> debug : SCRIPT_URI > 
2025/02/28 16:54:01 >> debug : REQUEST_URI > /simplan/public_html/index.php
2025/02/28 16:54:01 >> debug : HTTPS > on
2025/02/28 16:54:01 >> debug : HTTPS MODE > on
2025/02/28 16:54:01 >> debug : DEF_COMMAND > cmd
2025/02/28 16:54:01 >> debug : DEF_PROCESS > prc
2025/02/28 16:54:01 >> debug : POST DATA > [prc] : <index>
2025/02/28 16:54:01 >> debug : POST DATA > [cmd] : <login>
2025/02/28 16:54:01 >> debug : POST DATA > [f_login_id] : <mela15>
2025/02/28 16:54:01 >> debug : POST DATA > [f_password] : <mela15>
2025/02/28 16:54:01 >> debug : SESSION start ... OK
2025/02/28 16:54:01 >> info : Process set [index] ... OK
2025/02/28 16:54:01 >> info : Process Name [indexProcess] ... OK
2025/02/28 16:54:01 >> info : Include File [C:\xampp\htdocs\simplan\public_app\mod\user/index/process/indexProcess.php]... OK
2025/02/28 16:54:01 >> info : Class Exists [indexProcess] ... OK
2025/02/28 16:54:01 >> debug : DB Connect ... OK
2025/02/28 16:54:01 >> debug : Entering precute ...
2025/02/28 16:54:01 >> debug : Entering execute ...
2025/02/28 16:54:01 >> debug : indexProcess Entering executeLogin ...
2025/02/28 16:54:01 >> debug : Entering executeLogin ...
2025/02/28 16:54:01 >> info : SimplanAbstractProcess::execCommand -> AbstractCommand::executeProcess > [ m_user/login.sql ]
2025/02/28 16:54:01 >> debug : WideDB_SimplanInterface::QueryExecute >>SELECT user.f_user_id ,user.f_name ,user.f_surname_kana ,user.f_mailaddress ,user.f_login_id ,user.f_password ,user.f_del_flg ,user.f_reg_account ,user.f_reg_time ,user.f_upd_account ,user.f_upd_time FROM m_user user WHERE user.f_login_id = 'mela15' AND user.f_password = 'mela15' AND user.f_del_flg = '0'
2025/02/28 16:54:01 >> info : execQuery TIME : 0.00094 second
2025/02/28 16:54:01 >> info : SimplanAbstractProcess::execCommand -> AbstractCommand::executeProcess > [ m_addemployee/select_one.sql ]
2025/02/28 16:54:01 >> debug : WideDB_SimplanInterface::QueryExecute >>SELECT addemployee.f_employee_id ,addemployee.f_emp_id ,addemployee.f_name ,addemployee.f_aadhar_number ,addemployee.f_pan_number ,addemployee.f_passport ,date_format(addemployee.f_issue_date, '%Y/%m/%d') as f_issue_date ,date_format(addemployee.f_expiry_date, '%Y/%m/%d') as f_expiry_date ,addemployee.f_gender ,date_format(addemployee.f_date_of_birth, '%Y/%m/%d') as f_date_of_birth ,addemployee.f_age ,addemployee.f_blood_group ,addemployee.f_status ,addemployee.f_address1 ,addemployee.f_address2 ,addemployee.f_city ,addemployee.f_state ,addemployee.f_pincode ,addemployee.f_country ,addemployee.f_mobile_number ,addemployee.f_office_telephone_number ,addemployee.f_office_email ,addemployee.f_personal_mail ,addemployee.f_relation_name ,addemployee.f_relationship ,addemployee.f_occupation ,addemployee.f_address ,addemployee.f_phone_number ,addemployee.f_emp_status ,addemployee.f_category ,addemployee.f_job_title ,addemployee.f_join_date ,addemployee.f_relive_date ,addemployee.f_location ,addemployee.f_experience ,addemployee.f_education_ug ,addemployee.f_degree_ug ,addemployee.f_university_ug ,addemployee.f_education_pg ,addemployee.f_degree_pg ,addemployee.f_university_pg ,addemployee.f_additional_skill ,addemployee.f_language ,addemployee.f_others ,addemployee.f_jlpt ,addemployee.f_bank_name ,addemployee.f_bank_branch ,addemployee.f_acc_no ,addemployee.f_ifsc_code ,addemployee.f_description ,addemployee.f_image ,addemployee.f_del_flg ,addemployee.f_reg_account ,addemployee.f_reg_time ,addemployee.f_upd_account ,addemployee.f_upd_time FROM m_addemployee addemployee WHERE addemployee.f_del_flg = '0'
2025/02/28 16:54:01 >> info : execQuery TIME : 0.00086 second
2025/02/28 16:54:01 >> debug : DB Start Transaction ... OK
2025/02/28 16:54:18 >> info : * ------------------------------------------------------------ *
2025/02/28 16:54:18 >> info : * Simplan Framework - PHP Web Application Framework
2025/02/28 16:54:18 >> info : * 
2025/02/28 16:54:18 >> info : * Version : 1.1.0
2025/02/28 16:54:18 >> info : * Copyright(c) 2003-2025 THREET CO.,LTD. All Rights Reserved.
2025/02/28 16:54:18 >> info : * http://www.threet.co.jp
2025/02/28 16:54:18 >> info : * ------------------------------------------------------------ *
2025/02/28 16:54:18 >> debug : HTTP_REFERER > 
2025/02/28 16:54:18 >> debug : SCRIPT_URI > 
2025/02/28 16:54:18 >> debug : REQUEST_URI > /simplan/public_html/admin/
2025/02/28 16:54:18 >> debug : HTTPS > on
2025/02/28 16:54:18 >> debug : HTTPS MODE > on
2025/02/28 16:54:18 >> debug : DEF_COMMAND > cmd
2025/02/28 16:54:18 >> debug : DEF_PROCESS > prc
2025/02/28 16:54:18 >> debug : SESSION start ... OK
2025/02/28 16:54:18 >> info : Process set [index] ... OK
2025/02/28 16:54:18 >> info : Process Name [indexProcess] ... OK
2025/02/28 16:54:18 >> info : Include File [C:\xampp\htdocs\simplan\public_app\mod\admin/index/process/indexProcess.php]... OK
2025/02/28 16:54:18 >> info : Class Exists [indexProcess] ... OK
2025/02/28 16:54:18 >> debug : DB Connect ... OK
2025/02/28 16:54:18 >> debug : Entering precute ...
2025/02/28 16:54:18 >> debug : Entering execute ...
2025/02/28 16:54:18 >> debug : indexProcess Entering executeDefault ...
2025/02/28 16:54:18 >> debug : Entering execDefualt ...
2025/02/28 16:54:18 >> info : Session connection is NG ...
2025/02/28 16:54:18 >> debug : Entering postcute ...
2025/02/28 16:54:18 >> debug : DB Connect Close ... OK
2025/02/28 16:54:29 >> info : * ------------------------------------------------------------ *
2025/02/28 16:54:29 >> info : * Simplan Framework - PHP Web Application Framework
2025/02/28 16:54:29 >> info : * 
2025/02/28 16:54:29 >> info : * Version : 1.1.0
2025/02/28 16:54:29 >> info : * Copyright(c) 2003-2025 THREET CO.,LTD. All Rights Reserved.
2025/02/28 16:54:29 >> info : * http://www.threet.co.jp
2025/02/28 16:54:29 >> info : * ------------------------------------------------------------ *
2025/02/28 16:54:29 >> debug : HTTP_REFERER > https://localhost/simplan/public_html/admin/
2025/02/28 16:54:29 >> debug : SCRIPT_URI > 
2025/02/28 16:54:29 >> debug : REQUEST_URI > /simplan/public_html/admin/index.php
2025/02/28 16:54:29 >> debug : HTTPS > on
2025/02/28 16:54:29 >> debug : HTTPS MODE > on
2025/02/28 16:54:29 >> debug : DEF_COMMAND > cmd
2025/02/28 16:54:29 >> debug : DEF_PROCESS > prc
2025/02/28 16:54:29 >> debug : POST DATA > [prc] : <index>
2025/02/28 16:54:29 >> debug : POST DATA > [cmd] : <login>
2025/02/28 16:54:29 >> debug : POST DATA > [f_id] : <adminela>
2025/02/28 16:54:29 >> debug : POST DATA > [f_password] : <adminela>
2025/02/28 16:54:29 >> debug : SESSION start ... OK
2025/02/28 16:54:29 >> info : Process set [index] ... OK
2025/02/28 16:54:29 >> info : Process Name [indexProcess] ... OK
2025/02/28 16:54:29 >> info : Include File [C:\xampp\htdocs\simplan\public_app\mod\admin/index/process/indexProcess.php]... OK
2025/02/28 16:54:29 >> info : Class Exists [indexProcess] ... OK
2025/02/28 16:54:29 >> debug : DB Connect ... OK
2025/02/28 16:54:29 >> debug : Entering precute ...
2025/02/28 16:54:29 >> debug : Entering execute ...
2025/02/28 16:54:29 >> debug : indexProcess Entering executeLogin ...
2025/02/28 16:54:29 >> debug : Entering executeLogin ...
2025/02/28 16:54:29 >> info : SimplanAbstractProcess::execCommand -> AbstractCommand::executeProcess > [ m_admin/login.sql ]
2025/02/28 16:54:29 >> debug : WideDB_SimplanInterface::QueryExecute >>SELECT ma.f_admin_id ,ma.f_name ,ma.f_mailaddress ,ma.f_id ,ma.f_password ,ma.f_admin_kbn ,ma.f_auth ,ma.f_auth_value ,ma.f_del_flg ,ma.f_reg_account ,ma.f_reg_time ,ma.f_upd_account ,ma.f_upd_time FROM m_admin ma WHERE ma.f_id = 'adminela' AND ma.f_password = '50c901d357969fe080766df910dfb0984fb04b38f4f3005edddc817e329ce453' AND ma.f_del_flg = '0'
2025/02/28 16:54:29 >> info : execQuery TIME : 0.00098 second
2025/02/28 16:54:29 >> debug : indexProcessError executeLogin ... NG
2025/02/28 16:54:29 >> debug : Entering postcute ...
2025/02/28 16:54:29 >> debug : DB Connect Close ... OK
2025/02/28 16:54:59 >> info : * ------------------------------------------------------------ *
2025/02/28 16:54:59 >> info : * Simplan Framework - PHP Web Application Framework
2025/02/28 16:54:59 >> info : * 
2025/02/28 16:54:59 >> info : * Version : 1.1.0
2025/02/28 16:54:59 >> info : * Copyright(c) 2003-2025 THREET CO.,LTD. All Rights Reserved.
2025/02/28 16:54:59 >> info : * http://www.threet.co.jp
2025/02/28 16:54:59 >> info : * ------------------------------------------------------------ *
2025/02/28 16:54:59 >> debug : HTTP_REFERER > https://localhost/simplan/public_html/admin/index.php
2025/02/28 16:54:59 >> debug : SCRIPT_URI > 
2025/02/28 16:54:59 >> debug : REQUEST_URI > /simplan/public_html/admin/index.php
2025/02/28 16:54:59 >> debug : HTTPS > on
2025/02/28 16:54:59 >> debug : HTTPS MODE > on
2025/02/28 16:54:59 >> debug : DEF_COMMAND > cmd
2025/02/28 16:54:59 >> debug : DEF_PROCESS > prc
2025/02/28 16:54:59 >> debug : POST DATA > [prc] : <index>
2025/02/28 16:54:59 >> debug : POST DATA > [cmd] : <login>
2025/02/28 16:54:59 >> debug : POST DATA > [f_id] : <adminela>
2025/02/28 16:54:59 >> debug : POST DATA > [f_password] : <12345>
2025/02/28 16:54:59 >> debug : SESSION start ... OK
2025/02/28 16:54:59 >> info : Process set [index] ... OK
2025/02/28 16:54:59 >> info : Process Name [indexProcess] ... OK
2025/02/28 16:54:59 >> info : Include File [C:\xampp\htdocs\simplan\public_app\mod\admin/index/process/indexProcess.php]... OK
2025/02/28 16:54:59 >> info : Class Exists [indexProcess] ... OK
2025/02/28 16:54:59 >> debug : DB Connect ... OK
2025/02/28 16:54:59 >> debug : Entering precute ...
2025/02/28 16:54:59 >> debug : Entering execute ...
2025/02/28 16:54:59 >> debug : indexProcess Entering executeLogin ...
2025/02/28 16:54:59 >> debug : Entering executeLogin ...
2025/02/28 16:54:59 >> info : SimplanAbstractProcess::execCommand -> AbstractCommand::executeProcess > [ m_admin/login.sql ]
2025/02/28 16:54:59 >> debug : WideDB_SimplanInterface::QueryExecute >>SELECT ma.f_admin_id ,ma.f_name ,ma.f_mailaddress ,ma.f_id ,ma.f_password ,ma.f_admin_kbn ,ma.f_auth ,ma.f_auth_value ,ma.f_del_flg ,ma.f_reg_account ,ma.f_reg_time ,ma.f_upd_account ,ma.f_upd_time FROM m_admin ma WHERE ma.f_id = 'adminela' AND ma.f_password = '7871ee3e6863e289fa6aa9e7b4fddfab275c2fbe0a843e8b9211b9c6d4792636' AND ma.f_del_flg = '0'
2025/02/28 16:54:59 >> info : execQuery TIME : 0.00075 second
2025/02/28 16:54:59 >> debug : indexProcessError executeLogin ... NG
2025/02/28 16:54:59 >> debug : Entering postcute ...
2025/02/28 16:54:59 >> debug : DB Connect Close ... OK
2025/02/28 16:56:12 >> info : * ------------------------------------------------------------ *
2025/02/28 16:56:12 >> info : * Simplan Framework - PHP Web Application Framework
2025/02/28 16:56:12 >> info : * 
2025/02/28 16:56:12 >> info : * Version : 1.1.0
2025/02/28 16:56:12 >> info : * Copyright(c) 2003-2025 THREET CO.,LTD. All Rights Reserved.
2025/02/28 16:56:12 >> info : * http://www.threet.co.jp
2025/02/28 16:56:12 >> info : * ------------------------------------------------------------ *
2025/02/28 16:56:12 >> debug : HTTP_REFERER > https://localhost/simplan/public_html/admin/index.php
2025/02/28 16:56:12 >> debug : SCRIPT_URI > 
2025/02/28 16:56:12 >> debug : REQUEST_URI > /simplan/public_html/admin/index.php
2025/02/28 16:56:12 >> debug : HTTPS > on
2025/02/28 16:56:12 >> debug : HTTPS MODE > on
2025/02/28 16:56:12 >> debug : DEF_COMMAND > cmd
2025/02/28 16:56:12 >> debug : DEF_PROCESS > prc
2025/02/28 16:56:12 >> debug : POST DATA > [prc] : <index>
2025/02/28 16:56:12 >> debug : POST DATA > [cmd] : <login>
2025/02/28 16:56:12 >> debug : POST DATA > [f_id] : <adminela>
2025/02/28 16:56:12 >> debug : POST DATA > [f_password] : <adminela>
2025/02/28 16:56:12 >> debug : SESSION start ... OK
2025/02/28 16:56:12 >> info : Process set [index] ... OK
2025/02/28 16:56:12 >> info : Process Name [indexProcess] ... OK
2025/02/28 16:56:12 >> info : Include File [C:\xampp\htdocs\simplan\public_app\mod\admin/index/process/indexProcess.php]... OK
2025/02/28 16:56:12 >> info : Class Exists [indexProcess] ... OK
2025/02/28 16:56:12 >> debug : DB Connect ... OK
2025/02/28 16:56:12 >> debug : Entering precute ...
2025/02/28 16:56:12 >> debug : Entering execute ...
2025/02/28 16:56:12 >> debug : indexProcess Entering executeLogin ...
2025/02/28 16:56:12 >> debug : Entering executeLogin ...
2025/02/28 16:56:39 >> info : * ------------------------------------------------------------ *
2025/02/28 16:56:39 >> info : * Simplan Framework - PHP Web Application Framework
2025/02/28 16:56:39 >> info : * 
2025/02/28 16:56:39 >> info : * Version : 1.1.0
2025/02/28 16:56:39 >> info : * Copyright(c) 2003-2025 THREET CO.,LTD. All Rights Reserved.
2025/02/28 16:56:39 >> info : * http://www.threet.co.jp
2025/02/28 16:56:39 >> info : * ------------------------------------------------------------ *
2025/02/28 16:56:39 >> debug : HTTP_REFERER > 
2025/02/28 16:56:39 >> debug : SCRIPT_URI > 
2025/02/28 16:56:39 >> debug : REQUEST_URI > /simplan/public_html/admin/index.php
2025/02/28 16:56:39 >> debug : HTTPS > on
2025/02/28 16:56:39 >> debug : HTTPS MODE > on
2025/02/28 16:56:39 >> debug : DEF_COMMAND > cmd
2025/02/28 16:56:39 >> debug : DEF_PROCESS > prc
2025/02/28 16:56:39 >> debug : SESSION start ... OK
2025/02/28 16:56:39 >> info : Process set [index] ... OK
2025/02/28 16:56:39 >> info : Process Name [indexProcess] ... OK
2025/02/28 16:56:39 >> info : Include File [C:\xampp\htdocs\simplan\public_app\mod\admin/index/process/indexProcess.php]... OK
2025/02/28 16:56:39 >> info : Class Exists [indexProcess] ... OK
2025/02/28 16:56:39 >> debug : DB Connect ... OK
2025/02/28 16:56:39 >> debug : Entering precute ...
2025/02/28 16:56:39 >> debug : Entering execute ...
2025/02/28 16:56:39 >> debug : indexProcess Entering executeDefault ...
2025/02/28 16:56:39 >> debug : Entering execDefualt ...
2025/02/28 16:56:39 >> info : Session connection is NG ...
2025/02/28 16:56:39 >> debug : Entering postcute ...
2025/02/28 16:56:39 >> debug : DB Connect Close ... OK
2025/02/28 16:56:44 >> info : * ------------------------------------------------------------ *
2025/02/28 16:56:44 >> info : * Simplan Framework - PHP Web Application Framework
2025/02/28 16:56:44 >> info : * 
2025/02/28 16:56:44 >> info : * Version : 1.1.0
2025/02/28 16:56:44 >> info : * Copyright(c) 2003-2025 THREET CO.,LTD. All Rights Reserved.
2025/02/28 16:56:44 >> info : * http://www.threet.co.jp
2025/02/28 16:56:44 >> info : * ------------------------------------------------------------ *
2025/02/28 16:56:44 >> debug : HTTP_REFERER > https://localhost/simplan/public_html/admin/index.php
2025/02/28 16:56:44 >> debug : SCRIPT_URI > 
2025/02/28 16:56:44 >> debug : REQUEST_URI > /simplan/public_html/admin/index.php
2025/02/28 16:56:44 >> debug : HTTPS > on
2025/02/28 16:56:44 >> debug : HTTPS MODE > on
2025/02/28 16:56:44 >> debug : DEF_COMMAND > cmd
2025/02/28 16:56:44 >> debug : DEF_PROCESS > prc
2025/02/28 16:56:44 >> debug : POST DATA > [prc] : <index>
2025/02/28 16:56:44 >> debug : POST DATA > [cmd] : <login>
2025/02/28 16:56:44 >> debug : POST DATA > [f_id] : <adminela>
2025/02/28 16:56:44 >> debug : POST DATA > [f_password] : <adminela>
2025/02/28 16:56:44 >> debug : SESSION start ... OK
2025/02/28 16:56:44 >> info : Process set [index] ... OK
2025/02/28 16:56:44 >> info : Process Name [indexProcess] ... OK
2025/02/28 16:56:44 >> info : Include File [C:\xampp\htdocs\simplan\public_app\mod\admin/index/process/indexProcess.php]... OK
2025/02/28 16:56:44 >> info : Class Exists [indexProcess] ... OK
2025/02/28 16:56:45 >> debug : DB Connect ... OK
2025/02/28 16:56:45 >> debug : Entering precute ...
2025/02/28 16:56:45 >> debug : Entering execute ...
2025/02/28 16:56:45 >> debug : indexProcess Entering executeLogin ...
2025/02/28 16:56:45 >> debug : Entering executeLogin ...
2025/02/28 16:56:45 >> info : SimplanAbstractProcess::execCommand -> AbstractCommand::executeProcess > [ m_admin/login.sql ]
2025/02/28 16:56:45 >> debug : WideDB_SimplanInterface::QueryExecute >>SELECT ma.f_admin_id ,ma.f_name ,ma.f_mailaddress ,ma.f_id ,ma.f_password ,ma.f_admin_kbn ,ma.f_auth ,ma.f_auth_value ,ma.f_del_flg ,ma.f_reg_account ,ma.f_reg_time ,ma.f_upd_account ,ma.f_upd_time FROM m_admin ma WHERE ma.f_id = 'adminela' AND ma.f_password = '50c901d357969fe080766df910dfb0984fb04b38f4f3005edddc817e329ce453' AND ma.f_del_flg = '0'
2025/02/28 16:56:45 >> info : execQuery TIME : 0.00096 second
2025/02/28 16:56:45 >> debug : indexProcessError executeLogin ... NG
2025/02/28 16:56:45 >> debug : Entering postcute ...
2025/02/28 16:56:45 >> debug : DB Connect Close ... OK
2025/02/28 16:57:02 >> info : * ------------------------------------------------------------ *
2025/02/28 16:57:02 >> info : * Simplan Framework - PHP Web Application Framework
2025/02/28 16:57:02 >> info : * 
2025/02/28 16:57:02 >> info : * Version : 1.1.0
2025/02/28 16:57:02 >> info : * Copyright(c) 2003-2025 THREET CO.,LTD. All Rights Reserved.
2025/02/28 16:57:02 >> info : * http://www.threet.co.jp
2025/02/28 16:57:02 >> info : * ------------------------------------------------------------ *
2025/02/28 16:57:02 >> debug : HTTP_REFERER > https://localhost/simplan/public_html/admin/index.php
2025/02/28 16:57:02 >> debug : SCRIPT_URI > 
2025/02/28 16:57:02 >> debug : REQUEST_URI > /simplan/public_html/admin/index.php
2025/02/28 16:57:02 >> debug : HTTPS > on
2025/02/28 16:57:02 >> debug : HTTPS MODE > on
2025/02/28 16:57:02 >> debug : DEF_COMMAND > cmd
2025/02/28 16:57:02 >> debug : DEF_PROCESS > prc
2025/02/28 16:57:02 >> debug : POST DATA > [prc] : <index>
2025/02/28 16:57:02 >> debug : POST DATA > [cmd] : <login>
2025/02/28 16:57:02 >> debug : POST DATA > [f_id] : <adminela>
2025/02/28 16:57:02 >> debug : POST DATA > [f_password] : <adminela>
2025/02/28 16:57:02 >> debug : SESSION start ... OK
2025/02/28 16:57:02 >> info : Process set [index] ... OK
2025/02/28 16:57:02 >> info : Process Name [indexProcess] ... OK
2025/02/28 16:57:02 >> info : Include File [C:\xampp\htdocs\simplan\public_app\mod\admin/index/process/indexProcess.php]... OK
2025/02/28 16:57:02 >> info : Class Exists [indexProcess] ... OK
2025/02/28 16:57:02 >> debug : DB Connect ... OK
2025/02/28 16:57:02 >> debug : Entering precute ...
2025/02/28 16:57:02 >> debug : Entering execute ...
2025/02/28 16:57:02 >> debug : indexProcess Entering executeLogin ...
2025/02/28 16:57:02 >> debug : Entering executeLogin ...
2025/02/28 16:58:04 >> info : * ------------------------------------------------------------ *
2025/02/28 16:58:04 >> info : * Simplan Framework - PHP Web Application Framework
2025/02/28 16:58:04 >> info : * 
2025/02/28 16:58:04 >> info : * Version : 1.1.0
2025/02/28 16:58:04 >> info : * Copyright(c) 2003-2025 THREET CO.,LTD. All Rights Reserved.
2025/02/28 16:58:04 >> info : * http://www.threet.co.jp
2025/02/28 16:58:04 >> info : * ------------------------------------------------------------ *
2025/02/28 16:58:04 >> debug : HTTP_REFERER > https://localhost/simplan/public_html/admin/index.php
2025/02/28 16:58:04 >> debug : SCRIPT_URI > 
2025/02/28 16:58:04 >> debug : REQUEST_URI > /simplan/public_html/admin/index.php
2025/02/28 16:58:04 >> debug : HTTPS > on
2025/02/28 16:58:04 >> debug : HTTPS MODE > on
2025/02/28 16:58:04 >> debug : DEF_COMMAND > cmd
2025/02/28 16:58:04 >> debug : DEF_PROCESS > prc
2025/02/28 16:58:04 >> debug : POST DATA > [prc] : <index>
2025/02/28 16:58:04 >> debug : POST DATA > [cmd] : <login>
2025/02/28 16:58:04 >> debug : POST DATA > [f_id] : <adminela>
2025/02/28 16:58:04 >> debug : POST DATA > [f_password] : <adminela>
2025/02/28 16:58:04 >> debug : SESSION start ... OK
2025/02/28 16:58:04 >> info : Process set [index] ... OK
2025/02/28 16:58:04 >> info : Process Name [indexProcess] ... OK
2025/02/28 16:58:04 >> info : Include File [C:\xampp\htdocs\simplan\public_app\mod\admin/index/process/indexProcess.php]... OK
2025/02/28 16:58:04 >> info : Class Exists [indexProcess] ... OK
2025/02/28 16:58:04 >> debug : DB Connect ... OK
2025/02/28 16:58:04 >> debug : Entering precute ...
2025/02/28 16:58:04 >> debug : Entering execute ...
2025/02/28 16:58:04 >> debug : indexProcess Entering executeLogin ...
2025/02/28 16:58:04 >> debug : Entering executeLogin ...
2025/02/28 16:58:04 >> info : SimplanAbstractProcess::execCommand -> AbstractCommand::executeProcess > [ m_admin/login.sql ]
2025/02/28 16:58:04 >> debug : WideDB_SimplanInterface::QueryExecute >>SELECT ma.f_admin_id ,ma.f_name ,ma.f_mailaddress ,ma.f_id ,ma.f_password ,ma.f_admin_kbn ,ma.f_auth ,ma.f_auth_value ,ma.f_del_flg ,ma.f_reg_account ,ma.f_reg_time ,ma.f_upd_account ,ma.f_upd_time FROM m_admin ma WHERE ma.f_id = 'adminela' AND ma.f_password = '50c901d357969fe080766df910dfb0984fb04b38f4f3005edddc817e329ce453' AND ma.f_del_flg = '0'
2025/02/28 16:58:04 >> info : execQuery TIME : 0.00100 second
2025/02/28 16:58:04 >> debug : Entering postcute ...
2025/02/28 16:58:04 >> debug : DB Connect Close ... OK
2025/02/28 16:58:06 >> info : * ------------------------------------------------------------ *
2025/02/28 16:58:06 >> info : * Simplan Framework - PHP Web Application Framework
2025/02/28 16:58:06 >> info : * 
2025/02/28 16:58:06 >> info : * Version : 1.1.0
2025/02/28 16:58:06 >> info : * Copyright(c) 2003-2025 THREET CO.,LTD. All Rights Reserved.
2025/02/28 16:58:06 >> info : * http://www.threet.co.jp
2025/02/28 16:58:06 >> info : * ------------------------------------------------------------ *
2025/02/28 16:58:06 >> debug : HTTP_REFERER > https://localhost/simplan/public_html/admin/index.php
2025/02/28 16:58:06 >> debug : SCRIPT_URI > 
2025/02/28 16:58:06 >> debug : REQUEST_URI > /simplan/public_html/admin/addemployee.php
2025/02/28 16:58:06 >> debug : HTTPS > on
2025/02/28 16:58:06 >> debug : HTTPS MODE > on
2025/02/28 16:58:06 >> debug : DEF_COMMAND > cmd
2025/02/28 16:58:06 >> debug : DEF_PROCESS > prc
2025/02/28 16:58:06 >> debug : SESSION start ... OK
2025/02/28 16:58:06 >> info : Process set [index] ... OK
2025/02/28 16:58:06 >> info : Process Name [listProcess] ... OK
2025/02/28 16:58:06 >> info : Include File [C:\xampp\htdocs\simplan\public_app\mod\admin/addemployee/process/listProcess.php]... OK
2025/02/28 16:58:06 >> info : Class Exists [listProcess] ... OK
2025/02/28 16:58:06 >> debug : DB Connect ... OK
2025/02/28 16:58:06 >> debug : Entering precute ...
2025/02/28 16:58:12 >> info : * ------------------------------------------------------------ *
2025/02/28 16:58:12 >> info : * Simplan Framework - PHP Web Application Framework
2025/02/28 16:58:12 >> info : * 
2025/02/28 16:58:12 >> info : * Version : 1.1.0
2025/02/28 16:58:12 >> info : * Copyright(c) 2003-2025 THREET CO.,LTD. All Rights Reserved.
2025/02/28 16:58:12 >> info : * http://www.threet.co.jp
2025/02/28 16:58:12 >> info : * ------------------------------------------------------------ *
2025/02/28 16:58:12 >> debug : HTTP_REFERER > 
2025/02/28 16:58:12 >> debug : SCRIPT_URI > 
2025/02/28 16:58:12 >> debug : REQUEST_URI > /simplan/public_html/admin/index.php
2025/02/28 16:58:12 >> debug : HTTPS > on
2025/02/28 16:58:12 >> debug : HTTPS MODE > on
2025/02/28 16:58:12 >> debug : DEF_COMMAND > cmd
2025/02/28 16:58:12 >> debug : DEF_PROCESS > prc
2025/02/28 16:58:12 >> debug : SESSION start ... OK
2025/02/28 16:58:12 >> info : Process set [index] ... OK
2025/02/28 16:58:12 >> info : Process Name [indexProcess] ... OK
2025/02/28 16:58:12 >> info : Include File [C:\xampp\htdocs\simplan\public_app\mod\admin/index/process/indexProcess.php]... OK
2025/02/28 16:58:12 >> info : Class Exists [indexProcess] ... OK
2025/02/28 16:58:12 >> debug : DB Connect ... OK
2025/02/28 16:58:12 >> debug : Entering precute ...
2025/02/28 16:58:12 >> debug : Entering execute ...
2025/02/28 16:58:12 >> debug : indexProcess Entering executeDefault ...
2025/02/28 16:58:12 >> debug : Entering execDefualt ...
2025/02/28 16:58:40 >> info : * ------------------------------------------------------------ *
2025/02/28 16:58:40 >> info : * Simplan Framework - PHP Web Application Framework
2025/02/28 16:58:40 >> info : * 
2025/02/28 16:58:40 >> info : * Version : 1.1.0
2025/02/28 16:58:40 >> info : * Copyright(c) 2003-2025 THREET CO.,LTD. All Rights Reserved.
2025/02/28 16:58:40 >> info : * http://www.threet.co.jp
2025/02/28 16:58:40 >> info : * ------------------------------------------------------------ *
2025/02/28 16:58:40 >> debug : HTTP_REFERER > 
2025/02/28 16:58:40 >> debug : SCRIPT_URI > 
2025/02/28 16:58:40 >> debug : REQUEST_URI > /simplan/public_html/admin/index.php
2025/02/28 16:58:40 >> debug : HTTPS > on
2025/02/28 16:58:40 >> debug : HTTPS MODE > on
2025/02/28 16:58:40 >> debug : DEF_COMMAND > cmd
2025/02/28 16:58:40 >> debug : DEF_PROCESS > prc
2025/02/28 16:58:40 >> debug : SESSION start ... OK
2025/02/28 16:58:40 >> info : Process set [index] ... OK
2025/02/28 16:58:40 >> info : Process Name [indexProcess] ... OK
2025/02/28 16:58:40 >> info : Include File [C:\xampp\htdocs\simplan\public_app\mod\admin/index/process/indexProcess.php]... OK
2025/02/28 16:58:40 >> info : Class Exists [indexProcess] ... OK
2025/02/28 16:58:40 >> debug : DB Connect ... OK
2025/02/28 16:58:40 >> debug : Entering precute ...
2025/02/28 16:58:40 >> debug : Entering execute ...
2025/02/28 16:58:40 >> debug : indexProcess Entering executeDefault ...
2025/02/28 16:58:40 >> debug : Entering execDefualt ...
2025/02/28 16:58:40 >> info : SimplanAbstractProcess::execCommand -> AbstractCommand::executeProcess > [ m_admin/is_login.sql ]
2025/02/28 16:58:40 >> debug : WideDB_SimplanInterface::QueryExecute >>SELECT ma.f_admin_id ,ma.f_name ,ma.f_mailaddress ,ma.f_id ,ma.f_password ,ma.f_admin_kbn ,ma.f_auth ,ma.f_auth_value ,ma.f_del_flg ,ma.f_reg_account ,ma.f_reg_time ,ma.f_upd_account ,ma.f_upd_time FROM m_admin ma WHERE ma.f_admin_id = 1
2025/02/28 16:58:40 >> info : execQuery TIME : 0.00076 second
2025/02/28 16:58:40 >> info : Session connection is OK ...
2025/02/28 16:58:40 >> debug : Entering postcute ...
2025/02/28 16:58:40 >> debug : DB Connect Close ... OK
2025/02/28 16:58:41 >> info : * ------------------------------------------------------------ *
2025/02/28 16:58:41 >> info : * Simplan Framework - PHP Web Application Framework
2025/02/28 16:58:41 >> info : * 
2025/02/28 16:58:41 >> info : * Version : 1.1.0
2025/02/28 16:58:41 >> info : * Copyright(c) 2003-2025 THREET CO.,LTD. All Rights Reserved.
2025/02/28 16:58:41 >> info : * http://www.threet.co.jp
2025/02/28 16:58:41 >> info : * ------------------------------------------------------------ *
2025/02/28 16:58:41 >> debug : HTTP_REFERER > https://localhost/simplan/public_html/admin/index.php
2025/02/28 16:58:41 >> debug : SCRIPT_URI > 
2025/02/28 16:58:41 >> debug : REQUEST_URI > /simplan/public_html/admin/addemployee.php
2025/02/28 16:58:41 >> debug : HTTPS > on
2025/02/28 16:58:41 >> debug : HTTPS MODE > on
2025/02/28 16:58:41 >> debug : DEF_COMMAND > cmd
2025/02/28 16:58:41 >> debug : DEF_PROCESS > prc
2025/02/28 16:58:41 >> debug : SESSION start ... OK
2025/02/28 16:58:41 >> info : Process set [index] ... OK
2025/02/28 16:58:41 >> info : Process Name [listProcess] ... OK
2025/02/28 16:58:41 >> info : Include File [C:\xampp\htdocs\simplan\public_app\mod\admin/addemployee/process/listProcess.php]... OK
2025/02/28 16:58:41 >> info : Class Exists [listProcess] ... OK
2025/02/28 16:58:41 >> debug : DB Connect ... OK
2025/02/28 16:58:41 >> debug : Entering precute ...
2025/02/28 16:58:41 >> info : SimplanAbstractProcess::execCommand -> AbstractCommand::executeProcess > [ m_admin/is_login.sql ]
2025/02/28 16:58:41 >> debug : WideDB_SimplanInterface::QueryExecute >>SELECT ma.f_admin_id ,ma.f_name ,ma.f_mailaddress ,ma.f_id ,ma.f_password ,ma.f_admin_kbn ,ma.f_auth ,ma.f_auth_value ,ma.f_del_flg ,ma.f_reg_account ,ma.f_reg_time ,ma.f_upd_account ,ma.f_upd_time FROM m_admin ma WHERE ma.f_admin_id = 1
2025/02/28 16:58:41 >> info : execQuery TIME : 0.00080 second
2025/02/28 16:58:41 >> info : Session connection is OK ...
2025/02/28 16:58:41 >> debug : Entering execute ...
2025/02/28 16:58:41 >> debug : listProcess Entering executeDefault ...
2025/02/28 16:58:41 >> info : SimplanAbstractProcess::execCommand -> AbstractCommand::executeProcess > [ m_addemployee/select_list_count.sql ]
2025/02/28 16:58:41 >> debug : WideDB_SimplanInterface::QueryExecute >>SELECT count(addemployee.f_employee_id) as count FROM m_addemployee addemployee WHERE addemployee.f_del_flg = '0'
2025/02/28 16:58:41 >> info : execQuery TIME : 0.00080 second
2025/02/28 16:58:41 >> info : SimplanAbstractProcess::execCommand -> AbstractCommand::executeProcess > [ m_addemployee/select_list.sql ]
2025/02/28 16:58:41 >> debug : WideDB_SimplanInterface::QueryExecute >>SELECT addemployee.f_employee_id ,addemployee.f_emp_id ,addemployee.f_name ,addemployee.f_aadhar_number ,addemployee.f_pan_number ,addemployee.f_passport ,date_format(addemployee.f_issue_date, '%Y/%m/%d') as f_issue_date ,date_format(addemployee.f_expiry_date, '%Y/%m/%d') as f_expiry_date ,date_format(addemployee.f_date_of_birth, '%Y/%m/%d') as f_date_of_birth ,addemployee.f_mobile_number ,addemployee.f_image ,addemployee.f_emp_status ,addemployee.f_passport_alert FROM m_addemployee addemployee WHERE addemployee.f_del_flg = '0' ORDER BY addemployee.f_emp_status, addemployee.f_emp_id ASC LIMIT 0, 10
2025/02/28 16:58:41 >> info : execQuery TIME : 0.00096 second
2025/02/28 16:58:41 >> debug : Entering postcute ...
2025/02/28 16:58:41 >> debug : DB Connect Close ... OK
2025/02/28 17:00:08 >> info : * ------------------------------------------------------------ *
2025/02/28 17:00:08 >> info : * Simplan Framework - PHP Web Application Framework
2025/02/28 17:00:08 >> info : * 
2025/02/28 17:00:08 >> info : * Version : 1.1.0
2025/02/28 17:00:08 >> info : * Copyright(c) 2003-2025 THREET CO.,LTD. All Rights Reserved.
2025/02/28 17:00:08 >> info : * http://www.threet.co.jp
2025/02/28 17:00:08 >> info : * ------------------------------------------------------------ *
2025/02/28 17:00:08 >> debug : HTTP_REFERER > https://localhost/simplan/public_html/admin/addemployee.php
2025/02/28 17:00:08 >> debug : SCRIPT_URI > 
2025/02/28 17:00:08 >> debug : REQUEST_URI > /simplan/public_html/admin/salary.php
2025/02/28 17:00:08 >> debug : HTTPS > on
2025/02/28 17:00:08 >> debug : HTTPS MODE > on
2025/02/28 17:00:08 >> debug : DEF_COMMAND > cmd
2025/02/28 17:00:08 >> debug : DEF_PROCESS > prc
2025/02/28 17:00:08 >> debug : SESSION start ... OK
2025/02/28 17:00:08 >> info : Process set [index] ... OK
2025/02/28 17:00:08 >> info : Process Name [listProcess] ... OK
2025/02/28 17:00:08 >> info : Include File [C:\xampp\htdocs\simplan\public_app\mod\admin/salary/process/listProcess.php]... OK
2025/02/28 17:00:08 >> info : Class Exists [listProcess] ... OK
2025/02/28 17:00:08 >> debug : DB Connect ... OK
2025/02/28 17:00:08 >> debug : Entering precute ...
2025/02/28 17:00:08 >> info : SimplanAbstractProcess::execCommand -> AbstractCommand::executeProcess > [ m_admin/is_login.sql ]
2025/02/28 17:00:08 >> debug : WideDB_SimplanInterface::QueryExecute >>SELECT ma.f_admin_id ,ma.f_name ,ma.f_mailaddress ,ma.f_id ,ma.f_password ,ma.f_admin_kbn ,ma.f_auth ,ma.f_auth_value ,ma.f_del_flg ,ma.f_reg_account ,ma.f_reg_time ,ma.f_upd_account ,ma.f_upd_time FROM m_admin ma WHERE ma.f_admin_id = 1
2025/02/28 17:00:08 >> info : execQuery TIME : 0.00079 second
2025/02/28 17:00:08 >> info : Session connection is OK ...
2025/02/28 17:00:10 >> info : * ------------------------------------------------------------ *
2025/02/28 17:00:10 >> info : * Simplan Framework - PHP Web Application Framework
2025/02/28 17:00:10 >> info : * 
2025/02/28 17:00:10 >> info : * Version : 1.1.0
2025/02/28 17:00:10 >> info : * Copyright(c) 2003-2025 THREET CO.,LTD. All Rights Reserved.
2025/02/28 17:00:10 >> info : * http://www.threet.co.jp
2025/02/28 17:00:10 >> info : * ------------------------------------------------------------ *
2025/02/28 17:00:10 >> debug : HTTP_REFERER > https://localhost/simplan/public_html/admin/addemployee.php
2025/02/28 17:00:10 >> debug : SCRIPT_URI > 
2025/02/28 17:00:10 >> debug : REQUEST_URI > /simplan/public_html/admin/attendance.php
2025/02/28 17:00:10 >> debug : HTTPS > on
2025/02/28 17:00:10 >> debug : HTTPS MODE > on
2025/02/28 17:00:10 >> debug : DEF_COMMAND > cmd
2025/02/28 17:00:10 >> debug : DEF_PROCESS > prc
2025/02/28 17:00:10 >> debug : SESSION start ... OK
2025/02/28 17:00:10 >> info : Process set [index] ... OK
2025/02/28 17:00:10 >> info : Process Name [listProcess] ... OK
2025/02/28 17:00:10 >> info : Include File [C:\xampp\htdocs\simplan\public_app\mod\admin/attendance/process/listProcess.php]... OK
2025/02/28 17:00:10 >> info : Class Exists [listProcess] ... OK
2025/02/28 17:00:10 >> debug : DB Connect ... OK
2025/02/28 17:00:10 >> debug : Entering precute ...
2025/02/28 17:00:10 >> info : SimplanAbstractProcess::execCommand -> AbstractCommand::executeProcess > [ m_admin/is_login.sql ]
2025/02/28 17:00:10 >> debug : WideDB_SimplanInterface::QueryExecute >>SELECT ma.f_admin_id ,ma.f_name ,ma.f_mailaddress ,ma.f_id ,ma.f_password ,ma.f_admin_kbn ,ma.f_auth ,ma.f_auth_value ,ma.f_del_flg ,ma.f_reg_account ,ma.f_reg_time ,ma.f_upd_account ,ma.f_upd_time FROM m_admin ma WHERE ma.f_admin_id = 1
2025/02/28 17:00:10 >> info : execQuery TIME : 0.00073 second
2025/02/28 17:00:10 >> info : Session connection is OK ...
2025/02/28 17:03:00 >> info : * ------------------------------------------------------------ *
2025/02/28 17:03:00 >> info : * Simplan Framework - PHP Web Application Framework
2025/02/28 17:03:00 >> info : * 
2025/02/28 17:03:00 >> info : * Version : 1.1.0
2025/02/28 17:03:00 >> info : * Copyright(c) 2003-2025 THREET CO.,LTD. All Rights Reserved.
2025/02/28 17:03:00 >> info : * http://www.threet.co.jp
2025/02/28 17:03:00 >> info : * ------------------------------------------------------------ *
2025/02/28 17:03:00 >> debug : HTTP_REFERER > https://localhost/simplan/public_html/admin/addemployee.php
2025/02/28 17:03:00 >> debug : SCRIPT_URI > 
2025/02/28 17:03:00 >> debug : REQUEST_URI > /simplan/public_html/admin/addemployee.php
2025/02/28 17:03:00 >> debug : HTTPS > on
2025/02/28 17:03:00 >> debug : HTTPS MODE > on
2025/02/28 17:03:00 >> debug : DEF_COMMAND > cmd
2025/02/28 17:03:00 >> debug : DEF_PROCESS > prc
2025/02/28 17:03:00 >> debug : POST DATA > [prc] : <edit>
2025/02/28 17:03:00 >> debug : POST DATA > [cmd] : <>
2025/02/28 17:03:00 >> debug : POST DATA > [sid] : <1>
2025/02/28 17:03:00 >> debug : POST DATA > [pno] : <>
2025/02/28 17:03:00 >> debug : POST DATA > [f_emp_id] : <>
2025/02/28 17:03:00 >> debug : POST DATA > [f_name] : <>
2025/02/28 17:03:00 >> debug : POST DATA > [f_emp_status] : <>
2025/02/28 17:03:00 >> debug : POST DATA > [onetime_ticket] : <>
2025/02/28 17:03:00 >> debug : SESSION start ... OK
2025/02/28 17:03:00 >> info : Process set [edit] ... OK
2025/02/28 17:03:00 >> info : Process Name [editProcess] ... OK
2025/02/28 17:03:00 >> info : Include File [C:\xampp\htdocs\simplan\public_app\mod\admin/addemployee/process/editProcess.php]... OK
2025/02/28 17:03:00 >> info : Class Exists [editProcess] ... OK
2025/02/28 17:03:00 >> debug : DB Connect ... OK
2025/02/28 17:03:00 >> debug : Entering precute ...
2025/02/28 17:03:00 >> info : SimplanAbstractProcess::execCommand -> AbstractCommand::executeProcess > [ m_admin/is_login.sql ]
2025/02/28 17:03:00 >> debug : WideDB_SimplanInterface::QueryExecute >>SELECT ma.f_admin_id ,ma.f_name ,ma.f_mailaddress ,ma.f_id ,ma.f_password ,ma.f_admin_kbn ,ma.f_auth ,ma.f_auth_value ,ma.f_del_flg ,ma.f_reg_account ,ma.f_reg_time ,ma.f_upd_account ,ma.f_upd_time FROM m_admin ma WHERE ma.f_admin_id = 1
2025/02/28 17:03:00 >> info : execQuery TIME : 0.00075 second
2025/02/28 17:03:00 >> info : Session connection is OK ...
2025/02/28 17:03:00 >> debug : Temp dir is [C:\xampp\htdocs\simplan\public_html\admin/img/img_temp/]
2025/02/28 17:03:00 >> debug : File dir is [C:\xampp\htdocs\simplan\public_html\admin/img/profile_photo/]
2025/02/28 17:03:00 >> debug : Entering execute ...
2025/02/28 17:03:00 >> debug : editProcess Entering executeDefault ...
2025/02/28 17:03:00 >> info : SimplanAbstractProcess::execCommand -> AbstractCommand::executeProcess > [ m_addemployee/select_one.sql ]
2025/02/28 17:03:00 >> debug : WideDB_SimplanInterface::QueryExecute >>SELECT addemployee.f_employee_id ,addemployee.f_emp_id ,addemployee.f_name ,addemployee.f_aadhar_number ,addemployee.f_pan_number ,addemployee.f_passport ,date_format(addemployee.f_issue_date, '%Y/%m/%d') as f_issue_date ,date_format(addemployee.f_expiry_date, '%Y/%m/%d') as f_expiry_date ,addemployee.f_gender ,date_format(addemployee.f_date_of_birth, '%Y/%m/%d') as f_date_of_birth ,addemployee.f_age ,addemployee.f_blood_group ,addemployee.f_status ,addemployee.f_address1 ,addemployee.f_address2 ,addemployee.f_city ,addemployee.f_state ,addemployee.f_pincode ,addemployee.f_country ,addemployee.f_mobile_number ,addemployee.f_office_telephone_number ,addemployee.f_office_email ,addemployee.f_personal_mail ,addemployee.f_relation_name ,addemployee.f_relationship ,addemployee.f_occupation ,addemployee.f_address ,addemployee.f_phone_number ,addemployee.f_emp_status ,addemployee.f_category ,addemployee.f_job_title ,addemployee.f_join_date ,addemployee.f_relive_date ,addemployee.f_location ,addemployee.f_experience ,addemployee.f_education_ug ,addemployee.f_degree_ug ,addemployee.f_university_ug ,addemployee.f_education_pg ,addemployee.f_degree_pg ,addemployee.f_university_pg ,addemployee.f_additional_skill ,addemployee.f_language ,addemployee.f_others ,addemployee.f_jlpt ,addemployee.f_bank_name ,addemployee.f_bank_branch ,addemployee.f_acc_no ,addemployee.f_ifsc_code ,addemployee.f_description ,addemployee.f_image ,addemployee.f_del_flg ,addemployee.f_reg_account ,addemployee.f_reg_time ,addemployee.f_upd_account ,addemployee.f_upd_time FROM m_addemployee addemployee WHERE addemployee.f_del_flg = '0' AND addemployee.f_employee_id = '1'
2025/02/28 17:03:00 >> info : execQuery TIME : 0.00103 second
2025/02/28 17:03:00 >> debug : File dir is [C:\xampp\htdocs\simplan\public_html\admin/img/profile_photo/]
2025/02/28 17:03:00 >> debug : Temp dir is [C:\xampp\htdocs\simplan\public_html\admin/img/img_temp/]
2025/02/28 17:03:00 >> debug : Copy from: C:\xampp\htdocs\simplan\public_html\admin/img/profile_photo/profile_photo_20231207215610635946094.jpg to C:\xampp\htdocs\simplan\public_html\admin/img/img_temp/profile_photo_869mkgndmosvvvj13m9iq283151083735161.jpg
2025/02/28 17:03:00 >> debug : COPY OK
2025/02/28 17:03:00 >> debug : Entering postcute ...
